record_type,baseline_raw,base_raw,current_raw,change,graph,raw_data
info,,,,,,Initial floor measurement (5s)... Keep the sensor on the empty floor.
info,,,,,,START received
baseline,735.60,,,,735.60,Collecting baseline... RawAvg=735.60
baseline,735.40,,,,735.40,Collecting baseline... RawAvg=735.40
baseline,735.40,,,,735.40,Collecting baseline... RawAvg=735.40
baseline,735.40,,,,735.40,Collecting baseline... RawAvg=735.40
baseline,735.40,,,,735.40,Collecting baseline... RawAvg=735.40
baseline,734.60,,,,734.60,Collecting baseline... RawAvg=734.60
baseline,735.20,,,,735.20,Collecting baseline... RawAvg=735.20
baseline,735.40,,,,735.40,Collecting baseline... RawAvg=735.40
baseline,735.80,,,,735.80,Collecting baseline... RawAvg=735.80
baseline,736.40,,,,736.40,Collecting baseline... RawAvg=736.40
baseline,737.40,,,,737.40,Collecting baseline... RawAvg=737.40
baseline,737.80,,,,737.80,Collecting baseline... RawAvg=737.80
baseline,738.40,,,,738.40,Collecting baseline... RawAvg=738.40
baseline,738.60,,,,738.60,Collecting baseline... RawAvg=738.60
baseline,738.60,,,,738.60,Collecting baseline... RawAvg=738.60
baseline,738.00,,,,738.00,Collecting baseline... RawAvg=738.00
baseline,737.40,,,,737.40,Collecting baseline... RawAvg=737.40
baseline,736.80,,,,736.80,Collecting baseline... RawAvg=736.80
baseline,736.20,,,,736.20,Collecting baseline... RawAvg=736.20
baseline,735.40,,,,735.40,Collecting baseline... RawAvg=735.40
baseline,735.20,,,,735.20,Collecting baseline... RawAvg=735.20
baseline,735.00,,,,735.00,Collecting baseline... RawAvg=735.00
baseline,734.80,,,,734.80,Collecting baseline... RawAvg=734.80
baseline,735.20,,,,735.20,Collecting baseline... RawAvg=735.20
baseline,735.80,,,,735.80,Collecting baseline... RawAvg=735.80
baseline,736.20,,,,736.20,Collecting baseline... RawAvg=736.20
baseline,737.00,,,,737.00,Collecting baseline... RawAvg=737.00
baseline,737.80,,,,737.80,Collecting baseline... RawAvg=737.80
baseline,738.20,,,,738.20,Collecting baseline... RawAvg=738.20
baseline,738.40,,,,738.40,Collecting baseline... RawAvg=738.40
baseline,738.80,,,,738.80,Collecting baseline... RawAvg=738.80
baseline,738.60,,,,738.60,Collecting baseline... RawAvg=738.60
baseline,738.40,,,,738.40,Collecting baseline... RawAvg=738.40
baseline,738.00,,,,738.00,Collecting baseline... RawAvg=738.00
baseline,737.80,,,,737.80,Collecting baseline... RawAvg=737.80
baseline,737.00,,,,737.00,Collecting baseline... RawAvg=737.00
baseline,736.20,,,,736.20,Collecting baseline... RawAvg=736.20
baseline,735.80,,,,735.80,Collecting baseline... RawAvg=735.80
baseline,735.60,,,,735.60,Collecting baseline... RawAvg=735.60
baseline,735.40,,,,735.40,Collecting baseline... RawAvg=735.40
baseline,735.80,,,,735.80,Collecting baseline... RawAvg=735.80
baseline,736.40,,,,736.40,Collecting baseline... RawAvg=736.40
baseline,736.80,,,,736.80,Collecting baseline... RawAvg=736.80
baseline,737.40,,,,737.40,Collecting baseline... RawAvg=737.40
baseline,738.00,,,,738.00,Collecting baseline... RawAvg=738.00
baseline,738.60,,,,738.60,Collecting baseline... RawAvg=738.60
baseline,739.20,,,,739.20,Collecting baseline... RawAvg=739.20
baseline,739.40,,,,739.40,Collecting baseline... RawAvg=739.40
baseline,739.00,,,,739.00,Collecting baseline... RawAvg=739.00
info,,,,,,Baseline collection complete! Starting detection.
final_base,,736.84,,,736.84,Final Base Raw Average = 736.84
info,,,,,,--------------------------------------------------------------------------
data,,736.8,737.8,1.0,737.8,Time=0.1s | BaseRaw=736.8 | CurrentRaw=737.8 | Change=1.0 => Floor
data,,736.8,736.8,0.0,736.8,Time=0.2s | BaseRaw=736.8 | CurrentRaw=736.8 | Change=0.0 => Floor
data,,736.8,736.4,0.4,736.4,Time=0.3s | BaseRaw=736.8 | CurrentRaw=736.4 | Change=0.4 => Floor
data,,736.8,736.6,0.2,736.6,Time=0.4s | BaseRaw=736.8 | CurrentRaw=736.6 | Change=0.2 => Floor
data,,736.8,737.2,0.4,737.2,Time=0.5s | BaseRaw=736.8 | CurrentRaw=737.2 | Change=0.4 => Floor
data,,736.8,737.2,0.4,737.2,Time=0.6s | BaseRaw=736.8 | CurrentRaw=737.2 | Change=0.4 => Floor
data,,736.8,737.2,0.4,737.2,Time=0.7s | BaseRaw=736.8 | CurrentRaw=737.2 | Change=0.4 => Floor
data,,736.8,737.0,0.2,737.0,Time=0.8s | BaseRaw=736.8 | CurrentRaw=737.0 | Change=0.2 => Floor
data,,736.8,737.2,0.4,737.2,Time=0.9s | BaseRaw=736.8 | CurrentRaw=737.2 | Change=0.4 => Floor
data,,736.8,737.0,0.2,737.0,Time=1.0s | BaseRaw=736.8 | CurrentRaw=737.0 | Change=0.2 => Floor
data,,736.8,736.6,0.2,736.6,Time=1.1s | BaseRaw=736.8 | CurrentRaw=736.6 | Change=0.2 => Floor
data,,736.8,736.6,0.2,736.6,Time=1.2s | BaseRaw=736.8 | CurrentRaw=736.6 | Change=0.2 => Floor
data,,736.8,737.0,0.2,737.0,Time=1.3s | BaseRaw=736.8 | CurrentRaw=737.0 | Change=0.2 => Floor
data,,736.8,737.2,0.4,737.2,Time=1.4s | BaseRaw=736.8 | CurrentRaw=737.2 | Change=0.4 => Floor
data,,736.8,737.0,0.2,737.0,Time=1.5s | BaseRaw=736.8 | CurrentRaw=737.0 | Change=0.2 => Floor
data,,736.8,737.0,0.2,737.0,Time=1.6s | BaseRaw=736.8 | CurrentRaw=737.0 | Change=0.2 => Floor
data,,736.8,737.0,0.2,737.0,Time=1.7s | BaseRaw=736.8 | CurrentRaw=737.0 | Change=0.2 => Floor
data,,736.8,737.0,0.2,737.0,Time=1.8s | BaseRaw=736.8 | CurrentRaw=737.0 | Change=0.2 => Floor
data,,736.8,736.8,0.0,736.8,Time=1.9s | BaseRaw=736.8 | CurrentRaw=736.8 | Change=0.0 => Floor
data,,736.8,736.8,0.0,736.8,Time=2.0s | BaseRaw=736.8 | CurrentRaw=736.8 | Change=0.0 => Floor
data,,736.8,736.6,0.2,736.6,Time=2.1s | BaseRaw=736.8 | CurrentRaw=736.6 | Change=0.2 => Floor
data,,736.8,736.6,0.2,736.6,Time=2.2s | BaseRaw=736.8 | CurrentRaw=736.6 | Change=0.2 => Floor
data,,736.8,736.8,0.0,736.8,Time=2.3s | BaseRaw=736.8 | CurrentRaw=736.8 | Change=0.0 => Floor
data,,736.8,736.6,0.2,736.6,Time=2.4s | BaseRaw=736.8 | CurrentRaw=736.6 | Change=0.2 => Floor
data,,736.8,736.4,0.4,736.4,Time=2.5s | BaseRaw=736.8 | CurrentRaw=736.4 | Change=0.4 => Floor
data,,736.8,736.4,0.4,736.4,Time=2.6s | BaseRaw=736.8 | CurrentRaw=736.4 | Change=0.4 => Floor
data,,736.8,736.6,0.2,736.6,Time=2.7s | BaseRaw=736.8 | CurrentRaw=736.6 | Change=0.2 => Floor
data,,736.8,736.4,0.4,736.4,Time=2.8s | BaseRaw=736.8 | CurrentRaw=736.4 | Change=0.4 => Floor
data,,736.8,736.4,0.4,736.4,Time=2.9s | BaseRaw=736.8 | CurrentRaw=736.4 | Change=0.4 => Floor
data,,736.8,736.2,0.6,736.2,Time=3.0s | BaseRaw=736.8 | CurrentRaw=736.2 | Change=0.6 => Floor
data,,736.8,736.2,0.6,736.2,Time=3.1s | BaseRaw=736.8 | CurrentRaw=736.2 | Change=0.6 => Floor
data,,736.8,736.2,0.6,736.2,Time=3.2s | BaseRaw=736.8 | CurrentRaw=736.2 | Change=0.6 => Floor
data,,736.8,736.2,0.6,736.2,Time=3.3s | BaseRaw=736.8 | CurrentRaw=736.2 | Change=0.6 => Floor
data,,736.8,736.0,0.8,736.0,Time=3.4s | BaseRaw=736.8 | CurrentRaw=736.0 | Change=0.8 => Floor
data,,736.8,735.6,1.2,735.6,Time=3.5s | BaseRaw=736.8 | CurrentRaw=735.6 | Change=1.2 => Floor
data,,736.8,735.4,1.4,735.4,Time=3.6s | BaseRaw=736.8 | CurrentRaw=735.4 | Change=1.4 => Floor
data,,736.8,735.2,1.6,735.2,Time=3.7s | BaseRaw=736.8 | CurrentRaw=735.2 | Change=1.6 => Floor
data,,736.8,735.0,1.8,735.0,Time=3.8s | BaseRaw=736.8 | CurrentRaw=735.0 | Change=1.8 => Floor
data,,736.8,734.4,2.4,734.4,Time=3.9s | BaseRaw=736.8 | CurrentRaw=734.4 | Change=2.4 => Floor
data,,736.8,734.2,2.6,734.2,Time=4.0s | BaseRaw=736.8 | CurrentRaw=734.2 | Change=2.6 => Floor
data,,736.8,734.2,2.6,734.2,Time=4.1s | BaseRaw=736.8 | CurrentRaw=734.2 | Change=2.6 => Floor
data,,736.8,734.2,2.6,734.2,Time=4.2s | BaseRaw=736.8 | CurrentRaw=734.2 | Change=2.6 => Floor
data,,736.8,734.2,2.6,734.2,Time=4.3s | BaseRaw=736.8 | CurrentRaw=734.2 | Change=2.6 => Floor
data,,736.8,734.4,2.4,734.4,Time=4.4s | BaseRaw=736.8 | CurrentRaw=734.4 | Change=2.4 => Floor
data,,736.8,734.2,2.6,734.2,Time=4.5s | BaseRaw=736.8 | CurrentRaw=734.2 | Change=2.6 => Floor
data,,736.8,734.6,2.2,734.6,Time=4.6s | BaseRaw=736.8 | CurrentRaw=734.6 | Change=2.2 => Floor
data,,736.8,735.0,1.8,735.0,Time=4.7s | BaseRaw=736.8 | CurrentRaw=735.0 | Change=1.8 => Floor
data,,736.8,735.2,1.6,735.2,Time=4.8s | BaseRaw=736.8 | CurrentRaw=735.2 | Change=1.6 => Floor
data,,736.8,735.2,1.6,735.2,Time=4.9s | BaseRaw=736.8 | CurrentRaw=735.2 | Change=1.6 => Floor
data,,736.8,735.4,1.4,735.4,Time=5.0s | BaseRaw=736.8 | CurrentRaw=735.4 | Change=1.4 => Floor
data,,736.8,735.4,1.4,735.4,Time=5.1s | BaseRaw=736.8 | CurrentRaw=735.4 | Change=1.4 => Floor
data,,736.8,735.4,1.4,735.4,Time=5.2s | BaseRaw=736.8 | CurrentRaw=735.4 | Change=1.4 => Floor
data,,736.8,735.6,1.2,735.6,Time=5.3s | BaseRaw=736.8 | CurrentRaw=735.6 | Change=1.2 => Floor
data,,736.8,735.8,1.0,735.8,Time=5.4s | BaseRaw=736.8 | CurrentRaw=735.8 | Change=1.0 => Floor
data,,736.8,736.2,0.6,736.2,Time=5.5s | BaseRaw=736.8 | CurrentRaw=736.2 | Change=0.6 => Floor
data,,736.8,736.2,0.6,736.2,Time=5.6s | BaseRaw=736.8 | CurrentRaw=736.2 | Change=0.6 => Floor
data,,736.8,736.2,0.6,736.2,Time=5.7s | BaseRaw=736.8 | CurrentRaw=736.2 | Change=0.6 => Floor
data,,736.8,734.6,2.2,734.6,Time=5.8s | BaseRaw=736.8 | CurrentRaw=734.6 | Change=2.2 => Floor
data,,736.8,730.6,6.2,730.6,Time=5.9s | BaseRaw=736.8 | CurrentRaw=730.6 | Change=6.2 => Floor
data,,736.8,725.8,11.0,725.8,Time=6.0s | BaseRaw=736.8 | CurrentRaw=725.8 | Change=11.0 => Liquid
data,,736.8,722.0,14.8,722.0,Time=6.1s | BaseRaw=736.8 | CurrentRaw=722.0 | Change=14.8 => Liquid
data,,736.8,717.6,19.2,717.6,Time=6.2s | BaseRaw=736.8 | CurrentRaw=717.6 | Change=19.2 => Liquid
data,,736.8,714.2,22.6,714.2,Time=6.3s | BaseRaw=736.8 | CurrentRaw=714.2 | Change=22.6 => Liquid
data,,736.8,715.4,21.4,715.4,Time=6.4s | BaseRaw=736.8 | CurrentRaw=715.4 | Change=21.4 => Liquid
data,,736.8,718.0,18.8,718.0,Time=6.5s | BaseRaw=736.8 | CurrentRaw=718.0 | Change=18.8 => Liquid
data,,736.8,719.0,17.8,719.0,Time=6.6s | BaseRaw=736.8 | CurrentRaw=719.0 | Change=17.8 => Liquid
data,,736.8,721.0,15.8,721.0,Time=6.7s | BaseRaw=736.8 | CurrentRaw=721.0 | Change=15.8 => Liquid
data,,736.8,722.8,14.0,722.8,Time=6.8s | BaseRaw=736.8 | CurrentRaw=722.8 | Change=14.0 => Liquid
data,,736.8,722.4,14.4,722.4,Time=6.9s | BaseRaw=736.8 | CurrentRaw=722.4 | Change=14.4 => Liquid
data,,736.8,722.6,14.2,722.6,Time=7.0s | BaseRaw=736.8 | CurrentRaw=722.6 | Change=14.2 => Liquid
data,,736.8,722.8,14.0,722.8,Time=7.1s | BaseRaw=736.8 | CurrentRaw=722.8 | Change=14.0 => Liquid
data,,736.8,721.8,15.0,721.8,Time=7.2s | BaseRaw=736.8 | CurrentRaw=721.8 | Change=15.0 => Liquid
data,,736.8,721.8,15.0,721.8,Time=7.3s | BaseRaw=736.8 | CurrentRaw=721.8 | Change=15.0 => Liquid
data,,736.8,722.2,14.6,722.2,Time=7.4s | BaseRaw=736.8 | CurrentRaw=722.2 | Change=14.6 => Liquid
data,,736.8,721.6,15.2,721.6,Time=7.5s | BaseRaw=736.8 | CurrentRaw=721.6 | Change=15.2 => Liquid
data,,736.8,721.8,15.0,721.8,Time=7.6s | BaseRaw=736.8 | CurrentRaw=721.8 | Change=15.0 => Liquid
data,,736.8,722.4,14.4,722.4,Time=7.7s | BaseRaw=736.8 | CurrentRaw=722.4 | Change=14.4 => Liquid
data,,736.8,722.0,14.8,722.0,Time=7.8s | BaseRaw=736.8 | CurrentRaw=722.0 | Change=14.8 => Liquid
data,,736.8,722.4,14.4,722.4,Time=7.9s | BaseRaw=736.8 | CurrentRaw=722.4 | Change=14.4 => Liquid
data,,736.8,722.8,14.0,722.8,Time=8.0s | BaseRaw=736.8 | CurrentRaw=722.8 | Change=14.0 => Liquid
data,,736.8,722.4,14.4,722.4,Time=8.1s | BaseRaw=736.8 | CurrentRaw=722.4 | Change=14.4 => Liquid
data,,736.8,722.4,14.4,722.4,Time=8.2s | BaseRaw=736.8 | CurrentRaw=722.4 | Change=14.4 => Liquid
data,,736.8,722.8,14.0,722.8,Time=8.3s | BaseRaw=736.8 | CurrentRaw=722.8 | Change=14.0 => Liquid
data,,736.8,722.0,14.8,722.0,Time=8.4s | BaseRaw=736.8 | CurrentRaw=722.0 | Change=14.8 => Liquid
data,,736.8,722.0,14.8,722.0,Time=8.5s | BaseRaw=736.8 | CurrentRaw=722.0 | Change=14.8 => Liquid
data,,736.8,722.4,14.4,722.4,Time=8.6s | BaseRaw=736.8 | CurrentRaw=722.4 | Change=14.4 => Liquid
data,,736.8,721.8,15.0,721.8,Time=8.7s | BaseRaw=736.8 | CurrentRaw=721.8 | Change=15.0 => Liquid
data,,736.8,722.0,14.8,722.0,Time=8.8s | BaseRaw=736.8 | CurrentRaw=722.0 | Change=14.8 => Liquid
data,,736.8,722.8,14.0,722.8,Time=8.9s | BaseRaw=736.8 | CurrentRaw=722.8 | Change=14.0 => Liquid
data,,736.8,722.4,14.4,722.4,Time=9.0s | BaseRaw=736.8 | CurrentRaw=722.4 | Change=14.4 => Liquid
data,,736.8,722.6,14.2,722.6,Time=9.1s | BaseRaw=736.8 | CurrentRaw=722.6 | Change=14.2 => Liquid
data,,736.8,723.2,13.6,723.2,Time=9.2s | BaseRaw=736.8 | CurrentRaw=723.2 | Change=13.6 => Liquid
data,,736.8,722.6,14.2,722.6,Time=9.3s | BaseRaw=736.8 | CurrentRaw=722.6 | Change=14.2 => Liquid
data,,736.8,722.8,14.0,722.8,Time=9.4s | BaseRaw=736.8 | CurrentRaw=722.8 | Change=14.0 => Liquid
data,,736.8,723.2,13.6,723.2,Time=9.5s | BaseRaw=736.8 | CurrentRaw=723.2 | Change=13.6 => Liquid
data,,736.8,722.6,14.2,722.6,Time=9.6s | BaseRaw=736.8 | CurrentRaw=722.6 | Change=14.2 => Liquid
data,,736.8,722.6,14.2,722.6,Time=9.7s | BaseRaw=736.8 | CurrentRaw=722.6 | Change=14.2 => Liquid
data,,736.8,723.2,13.6,723.2,Time=9.8s | BaseRaw=736.8 | CurrentRaw=723.2 | Change=13.6 => Liquid
data,,736.8,722.2,14.6,722.2,Time=9.9s | BaseRaw=736.8 | CurrentRaw=722.2 | Change=14.6 => Liquid
data,,736.8,722.4,14.4,722.4,Time=10.0s | BaseRaw=736.8 | CurrentRaw=722.4 | Change=14.4 => Liquid
data,,736.8,722.6,14.2,722.6,Time=10.1s | BaseRaw=736.8 | CurrentRaw=722.6 | Change=14.2 => Liquid
data,,736.8,722.4,14.4,722.4,Time=10.2s | BaseRaw=736.8 | CurrentRaw=722.4 | Change=14.4 => Liquid
data,,736.8,722.4,14.4,722.4,Time=10.3s | BaseRaw=736.8 | CurrentRaw=722.4 | Change=14.4 => Liquid
data,,736.8,722.4,14.4,722.4,Time=10.4s | BaseRaw=736.8 | CurrentRaw=722.4 | Change=14.4 => Liquid
data,,736.8,722.4,14.4,722.4,Time=10.5s | BaseRaw=736.8 | CurrentRaw=722.4 | Change=14.4 => Liquid
data,,736.8,722.4,14.4,722.4,Time=10.6s | BaseRaw=736.8 | CurrentRaw=722.4 | Change=14.4 => Liquid
data,,736.8,722.2,14.6,722.2,Time=10.7s | BaseRaw=736.8 | CurrentRaw=722.2 | Change=14.6 => Liquid
data,,736.8,722.0,14.8,722.0,Time=10.8s | BaseRaw=736.8 | CurrentRaw=722.0 | Change=14.8 => Liquid
data,,736.8,721.8,15.0,721.8,Time=10.9s | BaseRaw=736.8 | CurrentRaw=721.8 | Change=15.0 => Liquid
data,,736.8,721.4,15.4,721.4,Time=11.0s | BaseRaw=736.8 | CurrentRaw=721.4 | Change=15.4 => Liquid
data,,736.8,721.4,15.4,721.4,Time=11.1s | BaseRaw=736.8 | CurrentRaw=721.4 | Change=15.4 => Liquid
data,,736.8,721.4,15.4,721.4,Time=11.2s | BaseRaw=736.8 | CurrentRaw=721.4 | Change=15.4 => Liquid
data,,736.8,721.6,15.2,721.6,Time=11.3s | BaseRaw=736.8 | CurrentRaw=721.6 | Change=15.2 => Liquid
data,,736.8,721.6,15.2,721.6,Time=11.4s | BaseRaw=736.8 | CurrentRaw=721.6 | Change=15.2 => Liquid
data,,736.8,721.6,15.2,721.6,Time=11.5s | BaseRaw=736.8 | CurrentRaw=721.6 | Change=15.2 => Liquid
data,,736.8,721.4,15.4,721.4,Time=11.6s | BaseRaw=736.8 | CurrentRaw=721.4 | Change=15.4 => Liquid
data,,736.8,721.0,15.8,721.0,Time=11.7s | BaseRaw=736.8 | CurrentRaw=721.0 | Change=15.8 => Liquid
data,,736.8,721.0,15.8,721.0,Time=11.8s | BaseRaw=736.8 | CurrentRaw=721.0 | Change=15.8 => Liquid
data,,736.8,721.0,15.8,721.0,Time=11.9s | BaseRaw=736.8 | CurrentRaw=721.0 | Change=15.8 => Liquid
data,,736.8,721.0,15.8,721.0,Time=12.0s | BaseRaw=736.8 | CurrentRaw=721.0 | Change=15.8 => Liquid
data,,736.8,721.2,15.6,721.2,Time=12.1s | BaseRaw=736.8 | CurrentRaw=721.2 | Change=15.6 => Liquid
data,,736.8,721.4,15.4,721.4,Time=12.2s | BaseRaw=736.8 | CurrentRaw=721.4 | Change=15.4 => Liquid
data,,736.8,722.2,14.6,722.2,Time=12.3s | BaseRaw=736.8 | CurrentRaw=722.2 | Change=14.6 => Liquid
data,,736.8,724.6,12.2,724.6,Time=12.4s | BaseRaw=736.8 | CurrentRaw=724.6 | Change=12.2 => Liquid
data,,736.8,728.0,8.8,728.0,Time=12.5s | BaseRaw=736.8 | CurrentRaw=728.0 | Change=8.8 => Floor
data,,736.8,729.6,7.2,729.6,Time=12.6s | BaseRaw=736.8 | CurrentRaw=729.6 | Change=7.2 => Floor
data,,736.8,728.6,8.2,728.6,Time=12.7s | BaseRaw=736.8 | CurrentRaw=728.6 | Change=8.2 => Floor
data,,736.8,724.6,12.2,724.6,Time=12.8s | BaseRaw=736.8 | CurrentRaw=724.6 | Change=12.2 => Liquid
data,,736.8,721.0,15.8,721.0,Time=12.9s | BaseRaw=736.8 | CurrentRaw=721.0 | Change=15.8 => Liquid
data,,736.8,714.4,22.4,714.4,Time=13.0s | BaseRaw=736.8 | CurrentRaw=714.4 | Change=22.4 => Liquid
data,,736.8,710.0,26.8,710.0,Time=13.1s | BaseRaw=736.8 | CurrentRaw=710.0 | Change=26.8 => Liquid
data,,736.8,709.2,27.6,709.2,Time=13.2s | BaseRaw=736.8 | CurrentRaw=709.2 | Change=27.6 => Liquid
data,,736.8,709.2,27.6,709.2,Time=13.3s | BaseRaw=736.8 | CurrentRaw=709.2 | Change=27.6 => Liquid
data,,736.8,709.0,27.8,709.0,Time=13.4s | BaseRaw=736.8 | CurrentRaw=709.0 | Change=27.8 => Liquid
data,,736.8,709.6,27.2,709.6,Time=13.5s | BaseRaw=736.8 | CurrentRaw=709.6 | Change=27.2 => Liquid
data,,736.8,709.8,27.0,709.8,Time=13.6s | BaseRaw=736.8 | CurrentRaw=709.8 | Change=27.0 => Liquid
data,,736.8,709.0,27.8,709.0,Time=13.7s | BaseRaw=736.8 | CurrentRaw=709.0 | Change=27.8 => Liquid
data,,736.8,708.4,28.4,708.4,Time=13.8s | BaseRaw=736.8 | CurrentRaw=708.4 | Change=28.4 => Liquid
data,,736.8,707.8,29.0,707.8,Time=13.9s | BaseRaw=736.8 | CurrentRaw=707.8 | Change=29.0 => Liquid
data,,736.8,707.4,29.4,707.4,Time=14.0s | BaseRaw=736.8 | CurrentRaw=707.4 | Change=29.4 => Liquid
data,,736.8,707.0,29.8,707.0,Time=14.1s | BaseRaw=736.8 | CurrentRaw=707.0 | Change=29.8 => Liquid
data,,736.8,707.8,29.0,707.8,Time=14.2s | BaseRaw=736.8 | CurrentRaw=707.8 | Change=29.0 => Liquid
data,,736.8,708.0,28.8,708.0,Time=14.3s | BaseRaw=736.8 | CurrentRaw=708.0 | Change=28.8 => Liquid
data,,736.8,708.4,28.4,708.4,Time=14.4s | BaseRaw=736.8 | CurrentRaw=708.4 | Change=28.4 => Liquid
data,,736.8,708.6,28.2,708.6,Time=14.5s | BaseRaw=736.8 | CurrentRaw=708.6 | Change=28.2 => Liquid
data,,736.8,708.8,28.0,708.8,Time=14.6s | BaseRaw=736.8 | CurrentRaw=708.8 | Change=28.0 => Liquid
data,,736.8,708.6,28.2,708.6,Time=14.7s | BaseRaw=736.8 | CurrentRaw=708.6 | Change=28.2 => Liquid
data,,736.8,708.6,28.2,708.6,Time=14.8s | BaseRaw=736.8 | CurrentRaw=708.6 | Change=28.2 => Liquid
data,,736.8,708.2,28.6,708.2,Time=14.9s | BaseRaw=736.8 | CurrentRaw=708.2 | Change=28.6 => Liquid
data,,736.8,708.2,28.6,708.2,Time=15.0s | BaseRaw=736.8 | CurrentRaw=708.2 | Change=28.6 => Liquid
data,,736.8,708.0,28.8,708.0,Time=15.1s | BaseRaw=736.8 | CurrentRaw=708.0 | Change=28.8 => Liquid
data,,736.8,708.2,28.6,708.2,Time=15.2s | BaseRaw=736.8 | CurrentRaw=708.2 | Change=28.6 => Liquid
data,,736.8,708.0,28.8,708.0,Time=15.3s | BaseRaw=736.8 | CurrentRaw=708.0 | Change=28.8 => Liquid
data,,736.8,708.2,28.6,708.2,Time=15.4s | BaseRaw=736.8 | CurrentRaw=708.2 | Change=28.6 => Liquid
data,,736.8,708.2,28.6,708.2,Time=15.5s | BaseRaw=736.8 | CurrentRaw=708.2 | Change=28.6 => Liquid
data,,736.8,708.2,28.6,708.2,Time=15.6s | BaseRaw=736.8 | CurrentRaw=708.2 | Change=28.6 => Liquid
data,,736.8,707.8,29.0,707.8,Time=15.7s | BaseRaw=736.8 | CurrentRaw=707.8 | Change=29.0 => Liquid
data,,736.8,707.8,29.0,707.8,Time=15.8s | BaseRaw=736.8 | CurrentRaw=707.8 | Change=29.0 => Liquid
data,,736.8,707.4,29.4,707.4,Time=15.9s | BaseRaw=736.8 | CurrentRaw=707.4 | Change=29.4 => Liquid
data,,736.8,707.4,29.4,707.4,Time=16.0s | BaseRaw=736.8 | CurrentRaw=707.4 | Change=29.4 => Liquid
data,,736.8,707.2,29.6,707.2,Time=16.1s | BaseRaw=736.8 | CurrentRaw=707.2 | Change=29.6 => Liquid
data,,736.8,707.4,29.4,707.4,Time=16.2s | BaseRaw=736.8 | CurrentRaw=707.4 | Change=29.4 => Liquid
data,,736.8,707.6,29.2,707.6,Time=16.3s | BaseRaw=736.8 | CurrentRaw=707.6 | Change=29.2 => Liquid
data,,736.8,707.6,29.2,707.6,Time=16.4s | BaseRaw=736.8 | CurrentRaw=707.6 | Change=29.2 => Liquid
data,,736.8,707.8,29.0,707.8,Time=16.5s | BaseRaw=736.8 | CurrentRaw=707.8 | Change=29.0 => Liquid
data,,736.8,708.0,28.8,708.0,Time=16.6s | BaseRaw=736.8 | CurrentRaw=708.0 | Change=28.8 => Liquid
data,,736.8,708.0,28.8,708.0,Time=16.7s | BaseRaw=736.8 | CurrentRaw=708.0 | Change=28.8 => Liquid
data,,736.8,708.0,28.8,708.0,Time=16.8s | BaseRaw=736.8 | CurrentRaw=708.0 | Change=28.8 => Liquid
data,,736.8,708.0,28.8,708.0,Time=16.9s | BaseRaw=736.8 | CurrentRaw=708.0 | Change=28.8 => Liquid
data,,736.8,707.8,29.0,707.8,Time=17.0s | BaseRaw=736.8 | CurrentRaw=707.8 | Change=29.0 => Liquid
data,,736.8,707.4,29.4,707.4,Time=17.1s | BaseRaw=736.8 | CurrentRaw=707.4 | Change=29.4 => Liquid
data,,736.8,707.4,29.4,707.4,Time=17.2s | BaseRaw=736.8 | CurrentRaw=707.4 | Change=29.4 => Liquid
data,,736.8,707.4,29.4,707.4,Time=17.3s | BaseRaw=736.8 | CurrentRaw=707.4 | Change=29.4 => Liquid
data,,736.8,707.2,29.6,707.2,Time=17.4s | BaseRaw=736.8 | CurrentRaw=707.2 | Change=29.6 => Liquid
data,,736.8,707.4,29.4,707.4,Time=17.5s | BaseRaw=736.8 | CurrentRaw=707.4 | Change=29.4 => Liquid
data,,736.8,707.4,29.4,707.4,Time=17.6s | BaseRaw=736.8 | CurrentRaw=707.4 | Change=29.4 => Liquid
data,,736.8,707.4,29.4,707.4,Time=17.7s | BaseRaw=736.8 | CurrentRaw=707.4 | Change=29.4 => Liquid
data,,736.8,707.4,29.4,707.4,Time=17.8s | BaseRaw=736.8 | CurrentRaw=707.4 | Change=29.4 => Liquid
data,,736.8,707.2,29.6,707.2,Time=17.9s | BaseRaw=736.8 | CurrentRaw=707.2 | Change=29.6 => Liquid
data,,736.8,707.2,29.6,707.2,Time=18.0s | BaseRaw=736.8 | CurrentRaw=707.2 | Change=29.6 => Liquid
data,,736.8,707.2,29.6,707.2,Time=18.1s | BaseRaw=736.8 | CurrentRaw=707.2 | Change=29.6 => Liquid
data,,736.8,707.6,29.2,707.6,Time=18.2s | BaseRaw=736.8 | CurrentRaw=707.6 | Change=29.2 => Liquid
data,,736.8,708.4,28.4,708.4,Time=18.3s | BaseRaw=736.8 | CurrentRaw=708.4 | Change=28.4 => Liquid
data,,736.8,709.2,27.6,709.2,Time=18.4s | BaseRaw=736.8 | CurrentRaw=709.2 | Change=27.6 => Liquid
data,,736.8,710.2,26.6,710.2,Time=18.5s | BaseRaw=736.8 | CurrentRaw=710.2 | Change=26.6 => Liquid
data,,736.8,710.8,26.0,710.8,Time=18.6s | BaseRaw=736.8 | CurrentRaw=710.8 | Change=26.0 => Liquid
data,,736.8,710.8,26.0,710.8,Time=18.7s | BaseRaw=736.8 | CurrentRaw=710.8 | Change=26.0 => Liquid
data,,736.8,711.2,25.6,711.2,Time=18.8s | BaseRaw=736.8 | CurrentRaw=711.2 | Change=25.6 => Liquid
data,,736.8,711.4,25.4,711.4,Time=18.9s | BaseRaw=736.8 | CurrentRaw=711.4 | Change=25.4 => Liquid
data,,736.8,712.0,24.8,712.0,Time=19.0s | BaseRaw=736.8 | CurrentRaw=712.0 | Change=24.8 => Liquid
data,,736.8,712.6,24.2,712.6,Time=19.1s | BaseRaw=736.8 | CurrentRaw=712.6 | Change=24.2 => Liquid
data,,736.8,714.8,22.0,714.8,Time=19.2s | BaseRaw=736.8 | CurrentRaw=714.8 | Change=22.0 => Liquid
data,,736.8,720.8,16.0,720.8,Time=19.3s | BaseRaw=736.8 | CurrentRaw=720.8 | Change=16.0 => Liquid
data,,736.8,727.0,9.8,727.0,Time=19.4s | BaseRaw=736.8 | CurrentRaw=727.0 | Change=9.8 => Floor
data,,736.8,731.8,5.0,731.8,Time=19.5s | BaseRaw=736.8 | CurrentRaw=731.8 | Change=5.0 => Floor
data,,736.8,739.0,2.2,739.0,Time=19.6s | BaseRaw=736.8 | CurrentRaw=739.0 | Change=2.2 => Floor
data,,736.8,741.8,5.0,741.8,Time=19.7s | BaseRaw=736.8 | CurrentRaw=741.8 | Change=5.0 => Floor
data,,736.8,740.2,3.4,740.2,Time=19.8s | BaseRaw=736.8 | CurrentRaw=740.2 | Change=3.4 => Floor
data,,736.8,740.4,3.6,740.4,Time=19.9s | BaseRaw=736.8 | CurrentRaw=740.4 | Change=3.6 => Floor
data,,736.8,740.6,3.8,740.6,Time=20.0s | BaseRaw=736.8 | CurrentRaw=740.6 | Change=3.8 => Floor
data,,736.8,739.0,2.2,739.0,Time=20.1s | BaseRaw=736.8 | CurrentRaw=739.0 | Change=2.2 => Floor
data,,736.8,739.8,3.0,739.8,Time=20.2s | BaseRaw=736.8 | CurrentRaw=739.8 | Change=3.0 => Floor
data,,736.8,742.2,5.4,742.2,Time=20.3s | BaseRaw=736.8 | CurrentRaw=742.2 | Change=5.4 => Floor
data,,736.8,742.2,5.4,742.2,Time=20.4s | BaseRaw=736.8 | CurrentRaw=742.2 | Change=5.4 => Floor
data,,736.8,742.6,5.8,742.6,Time=20.5s | BaseRaw=736.8 | CurrentRaw=742.6 | Change=5.8 => Floor
data,,736.8,744.0,7.2,744.0,Time=20.6s | BaseRaw=736.8 | CurrentRaw=744.0 | Change=7.2 => Floor
data,,736.8,745.6,8.8,745.6,Time=20.7s | BaseRaw=736.8 | CurrentRaw=745.6 | Change=8.8 => Floor
data,,736.8,745.8,9.0,745.8,Time=20.8s | BaseRaw=736.8 | CurrentRaw=745.8 | Change=9.0 => Floor
data,,736.8,746.6,9.8,746.6,Time=20.9s | BaseRaw=736.8 | CurrentRaw=746.6 | Change=9.8 => Floor
data,,736.8,748.0,11.2,748.0,Time=21.0s | BaseRaw=736.8 | CurrentRaw=748.0 | Change=11.2 => Liquid
data,,736.8,748.8,12.0,748.8,Time=21.1s | BaseRaw=736.8 | CurrentRaw=748.8 | Change=12.0 => Liquid
data,,736.8,748.8,12.0,748.8,Time=21.2s | BaseRaw=736.8 | CurrentRaw=748.8 | Change=12.0 => Liquid
data,,736.8,750.0,13.2,750.0,Time=21.3s | BaseRaw=736.8 | CurrentRaw=750.0 | Change=13.2 => Liquid
data,,736.8,750.0,13.2,750.0,Time=21.4s | BaseRaw=736.8 | CurrentRaw=750.0 | Change=13.2 => Liquid
data,,736.8,750.0,13.2,750.0,Time=21.5s | BaseRaw=736.8 | CurrentRaw=750.0 | Change=13.2 => Liquid
data,,736.8,750.0,13.2,750.0,Time=21.6s | BaseRaw=736.8 | CurrentRaw=750.0 | Change=13.2 => Liquid
data,,736.8,750.0,13.2,750.0,Time=21.7s | BaseRaw=736.8 | CurrentRaw=750.0 | Change=13.2 => Liquid
data,,736.8,749.8,13.0,749.8,Time=21.8s | BaseRaw=736.8 | CurrentRaw=749.8 | Change=13.0 => Liquid
data,,736.8,749.6,12.8,749.6,Time=21.9s | BaseRaw=736.8 | CurrentRaw=749.6 | Change=12.8 => Liquid
data,,736.8,749.4,12.6,749.4,Time=22.0s | BaseRaw=736.8 | CurrentRaw=749.4 | Change=12.6 => Liquid
data,,736.8,749.4,12.6,749.4,Time=22.1s | BaseRaw=736.8 | CurrentRaw=749.4 | Change=12.6 => Liquid
data,,736.8,749.0,12.2,749.0,Time=22.2s | BaseRaw=736.8 | CurrentRaw=749.0 | Change=12.2 => Liquid
data,,736.8,749.4,12.6,749.4,Time=22.3s | BaseRaw=736.8 | CurrentRaw=749.4 | Change=12.6 => Liquid
data,,736.8,749.8,13.0,749.8,Time=22.4s | BaseRaw=736.8 | CurrentRaw=749.8 | Change=13.0 => Liquid
data,,736.8,750.0,13.2,750.0,Time=22.5s | BaseRaw=736.8 | CurrentRaw=750.0 | Change=13.2 => Liquid
data,,736.8,750.2,13.4,750.2,Time=22.6s | BaseRaw=736.8 | CurrentRaw=750.2 | Change=13.4 => Liquid
data,,736.8,750.4,13.6,750.4,Time=22.7s | BaseRaw=736.8 | CurrentRaw=750.4 | Change=13.6 => Liquid
data,,736.8,750.4,13.6,750.4,Time=22.8s | BaseRaw=736.8 | CurrentRaw=750.4 | Change=13.6 => Liquid
data,,736.8,750.4,13.6,750.4,Time=22.9s | BaseRaw=736.8 | CurrentRaw=750.4 | Change=13.6 => Liquid
data,,736.8,750.0,13.2,750.0,Time=23.0s | BaseRaw=736.8 | CurrentRaw=750.0 | Change=13.2 => Liquid
data,,736.8,750.0,13.2,750.0,Time=23.1s | BaseRaw=736.8 | CurrentRaw=750.0 | Change=13.2 => Liquid
data,,736.8,749.8,13.0,749.8,Time=23.2s | BaseRaw=736.8 | CurrentRaw=749.8 | Change=13.0 => Liquid
data,,736.8,749.6,12.8,749.6,Time=23.3s | BaseRaw=736.8 | CurrentRaw=749.6 | Change=12.8 => Liquid
data,,736.8,749.8,13.0,749.8,Time=23.4s | BaseRaw=736.8 | CurrentRaw=749.8 | Change=13.0 => Liquid
data,,736.8,749.8,13.0,749.8,Time=23.5s | BaseRaw=736.8 | CurrentRaw=749.8 | Change=13.0 => Liquid
data,,736.8,750.0,13.2,750.0,Time=23.6s | BaseRaw=736.8 | CurrentRaw=750.0 | Change=13.2 => Liquid
data,,736.8,750.0,13.2,750.0,Time=23.7s | BaseRaw=736.8 | CurrentRaw=750.0 | Change=13.2 => Liquid
data,,736.8,749.8,13.0,749.8,Time=23.8s | BaseRaw=736.8 | CurrentRaw=749.8 | Change=13.0 => Liquid
data,,736.8,749.8,13.0,749.8,Time=23.9s | BaseRaw=736.8 | CurrentRaw=749.8 | Change=13.0 => Liquid
data,,736.8,750.0,13.2,750.0,Time=24.0s | BaseRaw=736.8 | CurrentRaw=750.0 | Change=13.2 => Liquid
data,,736.8,749.8,13.0,749.8,Time=24.1s | BaseRaw=736.8 | CurrentRaw=749.8 | Change=13.0 => Liquid
data,,736.8,749.6,12.8,749.6,Time=24.2s | BaseRaw=736.8 | CurrentRaw=749.6 | Change=12.8 => Liquid
data,,736.8,749.4,12.6,749.4,Time=24.3s | BaseRaw=736.8 | CurrentRaw=749.4 | Change=12.6 => Liquid
data,,736.8,749.4,12.6,749.4,Time=24.4s | BaseRaw=736.8 | CurrentRaw=749.4 | Change=12.6 => Liquid
data,,736.8,749.0,12.2,749.0,Time=24.5s | BaseRaw=736.8 | CurrentRaw=749.0 | Change=12.2 => Liquid
data,,736.8,749.2,12.4,749.2,Time=24.6s | BaseRaw=736.8 | CurrentRaw=749.2 | Change=12.4 => Liquid
data,,736.8,749.4,12.6,749.4,Time=24.7s | BaseRaw=736.8 | CurrentRaw=749.4 | Change=12.6 => Liquid
data,,736.8,749.6,12.8,749.6,Time=24.8s | BaseRaw=736.8 | CurrentRaw=749.6 | Change=12.8 => Liquid
data,,736.8,749.6,12.8,749.6,Time=24.9s | BaseRaw=736.8 | CurrentRaw=749.6 | Change=12.8 => Liquid
data,,736.8,749.4,12.6,749.4,Time=25.0s | BaseRaw=736.8 | CurrentRaw=749.4 | Change=12.6 => Liquid
data,,736.8,749.2,12.4,749.2,Time=25.1s | BaseRaw=736.8 | CurrentRaw=749.2 | Change=12.4 => Liquid
data,,736.8,748.8,12.0,748.8,Time=25.2s | BaseRaw=736.8 | CurrentRaw=748.8 | Change=12.0 => Liquid
data,,736.8,748.2,11.4,748.2,Time=25.3s | BaseRaw=736.8 | CurrentRaw=748.2 | Change=11.4 => Liquid
data,,736.8,748.4,11.6,748.4,Time=25.4s | BaseRaw=736.8 | CurrentRaw=748.4 | Change=11.6 => Liquid
data,,736.8,748.2,11.4,748.2,Time=25.5s | BaseRaw=736.8 | CurrentRaw=748.2 | Change=11.4 => Liquid
data,,736.8,748.4,11.6,748.4,Time=25.6s | BaseRaw=736.8 | CurrentRaw=748.4 | Change=11.6 => Liquid
data,,736.8,748.6,11.8,748.6,Time=25.7s | BaseRaw=736.8 | CurrentRaw=748.6 | Change=11.8 => Liquid
data,,736.8,748.6,11.8,748.6,Time=25.8s | BaseRaw=736.8 | CurrentRaw=748.6 | Change=11.8 => Liquid
data,,736.8,748.6,11.8,748.6,Time=25.9s | BaseRaw=736.8 | CurrentRaw=748.6 | Change=11.8 => Liquid
data,,736.8,749.4,12.6,749.4,Time=26.0s | BaseRaw=736.8 | CurrentRaw=749.4 | Change=12.6 => Liquid
data,,736.8,750.6,13.8,750.6,Time=26.1s | BaseRaw=736.8 | CurrentRaw=750.6 | Change=13.8 => Liquid
data,,736.8,752.0,15.2,752.0,Time=26.2s | BaseRaw=736.8 | CurrentRaw=752.0 | Change=15.2 => Liquid
data,,736.8,752.0,15.2,752.0,Time=26.3s | BaseRaw=736.8 | CurrentRaw=752.0 | Change=15.2 => Liquid
data,,736.8,749.6,12.8,749.6,Time=26.4s | BaseRaw=736.8 | CurrentRaw=749.6 | Change=12.8 => Liquid
data,,736.8,744.0,7.2,744.0,Time=26.5s | BaseRaw=736.8 | CurrentRaw=744.0 | Change=7.2 => Floor
data,,736.8,736.6,0.2,736.6,Time=26.6s | BaseRaw=736.8 | CurrentRaw=736.6 | Change=0.2 => Floor
data,,736.8,730.4,6.4,730.4,Time=26.7s | BaseRaw=736.8 | CurrentRaw=730.4 | Change=6.4 => Floor
data,,736.8,724.0,12.8,724.0,Time=26.8s | BaseRaw=736.8 | CurrentRaw=724.0 | Change=12.8 => Liquid
data,,736.8,720.4,16.4,720.4,Time=26.9s | BaseRaw=736.8 | CurrentRaw=720.4 | Change=16.4 => Liquid
data,,736.8,720.0,16.8,720.0,Time=27.0s | BaseRaw=736.8 | CurrentRaw=720.0 | Change=16.8 => Liquid
data,,736.8,719.2,17.6,719.2,Time=27.1s | BaseRaw=736.8 | CurrentRaw=719.2 | Change=17.6 => Liquid
data,,736.8,719.2,17.6,719.2,Time=27.2s | BaseRaw=736.8 | CurrentRaw=719.2 | Change=17.6 => Liquid
data,,736.8,719.2,17.6,719.2,Time=27.3s | BaseRaw=736.8 | CurrentRaw=719.2 | Change=17.6 => Liquid
data,,736.8,719.2,17.6,719.2,Time=27.4s | BaseRaw=736.8 | CurrentRaw=719.2 | Change=17.6 => Liquid
data,,736.8,719.2,17.6,719.2,Time=27.5s | BaseRaw=736.8 | CurrentRaw=719.2 | Change=17.6 => Liquid
data,,736.8,719.4,17.4,719.4,Time=27.6s | BaseRaw=736.8 | CurrentRaw=719.4 | Change=17.4 => Liquid
data,,736.8,719.6,17.2,719.6,Time=27.7s | BaseRaw=736.8 | CurrentRaw=719.6 | Change=17.2 => Liquid
data,,736.8,719.8,17.0,719.8,Time=27.8s | BaseRaw=736.8 | CurrentRaw=719.8 | Change=17.0 => Liquid
data,,736.8,720.0,16.8,720.0,Time=27.9s | BaseRaw=736.8 | CurrentRaw=720.0 | Change=16.8 => Liquid
data,,736.8,720.2,16.6,720.2,Time=28.0s | BaseRaw=736.8 | CurrentRaw=720.2 | Change=16.6 => Liquid
data,,736.8,720.4,16.4,720.4,Time=28.1s | BaseRaw=736.8 | CurrentRaw=720.4 | Change=16.4 => Liquid
data,,736.8,720.6,16.2,720.6,Time=28.2s | BaseRaw=736.8 | CurrentRaw=720.6 | Change=16.2 => Liquid
data,,736.8,721.0,15.8,721.0,Time=28.3s | BaseRaw=736.8 | CurrentRaw=721.0 | Change=15.8 => Liquid
data,,736.8,721.0,15.8,721.0,Time=28.4s | BaseRaw=736.8 | CurrentRaw=721.0 | Change=15.8 => Liquid
data,,736.8,721.2,15.6,721.2,Time=28.5s | BaseRaw=736.8 | CurrentRaw=721.2 | Change=15.6 => Liquid
data,,736.8,721.2,15.6,721.2,Time=28.6s | BaseRaw=736.8 | CurrentRaw=721.2 | Change=15.6 => Liquid
data,,736.8,721.0,15.8,721.0,Time=28.7s | BaseRaw=736.8 | CurrentRaw=721.0 | Change=15.8 => Liquid
data,,736.8,720.8,16.0,720.8,Time=28.8s | BaseRaw=736.8 | CurrentRaw=720.8 | Change=16.0 => Liquid
data,,736.8,720.8,16.0,720.8,Time=28.9s | BaseRaw=736.8 | CurrentRaw=720.8 | Change=16.0 => Liquid
data,,736.8,720.8,16.0,720.8,Time=29.0s | BaseRaw=736.8 | CurrentRaw=720.8 | Change=16.0 => Liquid
data,,736.8,721.0,15.8,721.0,Time=29.1s | BaseRaw=736.8 | CurrentRaw=721.0 | Change=15.8 => Liquid
data,,736.8,721.0,15.8,721.0,Time=29.2s | BaseRaw=736.8 | CurrentRaw=721.0 | Change=15.8 => Liquid
data,,736.8,721.4,15.4,721.4,Time=29.3s | BaseRaw=736.8 | CurrentRaw=721.4 | Change=15.4 => Liquid
data,,736.8,721.4,15.4,721.4,Time=29.4s | BaseRaw=736.8 | CurrentRaw=721.4 | Change=15.4 => Liquid
data,,736.8,721.6,15.2,721.6,Time=29.5s | BaseRaw=736.8 | CurrentRaw=721.6 | Change=15.2 => Liquid
data,,736.8,721.4,15.4,721.4,Time=29.6s | BaseRaw=736.8 | CurrentRaw=721.4 | Change=15.4 => Liquid
data,,736.8,721.4,15.4,721.4,Time=29.7s | BaseRaw=736.8 | CurrentRaw=721.4 | Change=15.4 => Liquid
data,,736.8,721.2,15.6,721.2,Time=29.8s | BaseRaw=736.8 | CurrentRaw=721.2 | Change=15.6 => Liquid
data,,736.8,721.0,15.8,721.0,Time=29.9s | BaseRaw=736.8 | CurrentRaw=721.0 | Change=15.8 => Liquid
data,,736.8,721.0,15.8,721.0,Time=30.0s | BaseRaw=736.8 | CurrentRaw=721.0 | Change=15.8 => Liquid
data,,736.8,721.0,15.8,721.0,Time=30.1s | BaseRaw=736.8 | CurrentRaw=721.0 | Change=15.8 => Liquid
data,,736.8,721.2,15.6,721.2,Time=30.2s | BaseRaw=736.8 | CurrentRaw=721.2 | Change=15.6 => Liquid
data,,736.8,721.4,15.4,721.4,Time=30.3s | BaseRaw=736.8 | CurrentRaw=721.4 | Change=15.4 => Liquid
data,,736.8,721.6,15.2,721.6,Time=30.4s | BaseRaw=736.8 | CurrentRaw=721.6 | Change=15.2 => Liquid
data,,736.8,721.6,15.2,721.6,Time=30.5s | BaseRaw=736.8 | CurrentRaw=721.6 | Change=15.2 => Liquid
data,,736.8,721.4,15.4,721.4,Time=30.6s | BaseRaw=736.8 | CurrentRaw=721.4 | Change=15.4 => Liquid
data,,736.8,721.0,15.8,721.0,Time=30.7s | BaseRaw=736.8 | CurrentRaw=721.0 | Change=15.8 => Liquid
data,,736.8,720.8,16.0,720.8,Time=30.8s | BaseRaw=736.8 | CurrentRaw=720.8 | Change=16.0 => Liquid
data,,736.8,720.6,16.2,720.6,Time=30.9s | BaseRaw=736.8 | CurrentRaw=720.6 | Change=16.2 => Liquid
data,,736.8,720.4,16.4,720.4,Time=31.0s | BaseRaw=736.8 | CurrentRaw=720.4 | Change=16.4 => Liquid
data,,736.8,720.6,16.2,720.6,Time=31.1s | BaseRaw=736.8 | CurrentRaw=720.6 | Change=16.2 => Liquid
data,,736.8,721.0,15.8,721.0,Time=31.2s | BaseRaw=736.8 | CurrentRaw=721.0 | Change=15.8 => Liquid
data,,736.8,721.2,15.6,721.2,Time=31.3s | BaseRaw=736.8 | CurrentRaw=721.2 | Change=15.6 => Liquid
data,,736.8,721.2,15.6,721.2,Time=31.4s | BaseRaw=736.8 | CurrentRaw=721.2 | Change=15.6 => Liquid
data,,736.8,721.4,15.4,721.4,Time=31.5s | BaseRaw=736.8 | CurrentRaw=721.4 | Change=15.4 => Liquid
data,,736.8,721.2,15.6,721.2,Time=31.6s | BaseRaw=736.8 | CurrentRaw=721.2 | Change=15.6 => Liquid
data,,736.8,720.8,16.0,720.8,Time=31.7s | BaseRaw=736.8 | CurrentRaw=720.8 | Change=16.0 => Liquid
data,,736.8,720.6,16.2,720.6,Time=31.8s | BaseRaw=736.8 | CurrentRaw=720.6 | Change=16.2 => Liquid
data,,736.8,720.4,16.4,720.4,Time=31.9s | BaseRaw=736.8 | CurrentRaw=720.4 | Change=16.4 => Liquid
data,,736.8,720.4,16.4,720.4,Time=32.0s | BaseRaw=736.8 | CurrentRaw=720.4 | Change=16.4 => Liquid
data,,736.8,720.2,16.6,720.2,Time=32.1s | BaseRaw=736.8 | CurrentRaw=720.2 | Change=16.6 => Liquid
data,,736.8,720.4,16.4,720.4,Time=32.2s | BaseRaw=736.8 | CurrentRaw=720.4 | Change=16.4 => Liquid
data,,736.8,720.4,16.4,720.4,Time=32.3s | BaseRaw=736.8 | CurrentRaw=720.4 | Change=16.4 => Liquid
data,,736.8,720.4,16.4,720.4,Time=32.4s | BaseRaw=736.8 | CurrentRaw=720.4 | Change=16.4 => Liquid
data,,736.8,720.4,16.4,720.4,Time=32.5s | BaseRaw=736.8 | CurrentRaw=720.4 | Change=16.4 => Liquid
data,,736.8,720.4,16.4,720.4,Time=32.6s | BaseRaw=736.8 | CurrentRaw=720.4 | Change=16.4 => Liquid
data,,736.8,720.2,16.6,720.2,Time=32.7s | BaseRaw=736.8 | CurrentRaw=720.2 | Change=16.6 => Liquid
data,,736.8,720.0,16.8,720.0,Time=32.8s | BaseRaw=736.8 | CurrentRaw=720.0 | Change=16.8 => Liquid
data,,736.8,720.0,16.8,720.0,Time=32.9s | BaseRaw=736.8 | CurrentRaw=720.0 | Change=16.8 => Liquid
data,,736.8,719.6,17.2,719.6,Time=33.0s | BaseRaw=736.8 | CurrentRaw=719.6 | Change=17.2 => Liquid
data,,736.8,719.0,17.8,719.0,Time=33.1s | BaseRaw=736.8 | CurrentRaw=719.0 | Change=17.8 => Liquid
data,,736.8,717.4,19.4,717.4,Time=33.2s | BaseRaw=736.8 | CurrentRaw=717.4 | Change=19.4 => Liquid
data,,736.8,716.0,20.8,716.0,Time=33.3s | BaseRaw=736.8 | CurrentRaw=716.0 | Change=20.8 => Liquid
data,,736.8,715.0,21.8,715.0,Time=33.4s | BaseRaw=736.8 | CurrentRaw=715.0 | Change=21.8 => Liquid
data,,736.8,714.6,22.2,714.6,Time=33.5s | BaseRaw=736.8 | CurrentRaw=714.6 | Change=22.2 => Liquid
data,,736.8,714.6,22.2,714.6,Time=33.6s | BaseRaw=736.8 | CurrentRaw=714.6 | Change=22.2 => Liquid
data,,736.8,715.6,21.2,715.6,Time=33.7s | BaseRaw=736.8 | CurrentRaw=715.6 | Change=21.2 => Liquid
data,,736.8,717.0,19.8,717.0,Time=33.8s | BaseRaw=736.8 | CurrentRaw=717.0 | Change=19.8 => Liquid
data,,736.8,717.6,19.2,717.6,Time=33.9s | BaseRaw=736.8 | CurrentRaw=717.6 | Change=19.2 => Liquid
data,,736.8,718.0,18.8,718.0,Time=34.0s | BaseRaw=736.8 | CurrentRaw=718.0 | Change=18.8 => Liquid
data,,736.8,718.8,18.0,718.8,Time=34.1s | BaseRaw=736.8 | CurrentRaw=718.8 | Change=18.0 => Liquid
data,,736.8,719.4,17.4,719.4,Time=34.2s | BaseRaw=736.8 | CurrentRaw=719.4 | Change=17.4 => Liquid
data,,736.8,720.2,16.6,720.2,Time=34.3s | BaseRaw=736.8 | CurrentRaw=720.2 | Change=16.6 => Liquid
data,,736.8,720.6,16.2,720.6,Time=34.4s | BaseRaw=736.8 | CurrentRaw=720.6 | Change=16.2 => Liquid
data,,736.8,721.0,15.8,721.0,Time=34.5s | BaseRaw=736.8 | CurrentRaw=721.0 | Change=15.8 => Liquid
data,,736.8,720.6,16.2,720.6,Time=34.6s | BaseRaw=736.8 | CurrentRaw=720.6 | Change=16.2 => Liquid
data,,736.8,720.0,16.8,720.0,Time=34.7s | BaseRaw=736.8 | CurrentRaw=720.0 | Change=16.8 => Liquid
data,,736.8,719.2,17.6,719.2,Time=34.8s | BaseRaw=736.8 | CurrentRaw=719.2 | Change=17.6 => Liquid
data,,736.8,718.8,18.0,718.8,Time=34.9s | BaseRaw=736.8 | CurrentRaw=718.8 | Change=18.0 => Liquid
data,,736.8,718.4,18.4,718.4,Time=35.0s | BaseRaw=736.8 | CurrentRaw=718.4 | Change=18.4 => Liquid
data,,736.8,718.6,18.2,718.6,Time=35.1s | BaseRaw=736.8 | CurrentRaw=718.6 | Change=18.2 => Liquid
data,,736.8,718.6,18.2,718.6,Time=35.2s | BaseRaw=736.8 | CurrentRaw=718.6 | Change=18.2 => Liquid
data,,736.8,718.8,18.0,718.8,Time=35.3s | BaseRaw=736.8 | CurrentRaw=718.8 | Change=18.0 => Liquid
data,,736.8,719.2,17.6,719.2,Time=35.4s | BaseRaw=736.8 | CurrentRaw=719.2 | Change=17.6 => Liquid
data,,736.8,719.4,17.4,719.4,Time=35.5s | BaseRaw=736.8 | CurrentRaw=719.4 | Change=17.4 => Liquid
data,,736.8,719.4,17.4,719.4,Time=35.6s | BaseRaw=736.8 | CurrentRaw=719.4 | Change=17.4 => Liquid
data,,736.8,719.4,17.4,719.4,Time=35.7s | BaseRaw=736.8 | CurrentRaw=719.4 | Change=17.4 => Liquid
data,,736.8,719.2,17.6,719.2,Time=35.8s | BaseRaw=736.8 | CurrentRaw=719.2 | Change=17.6 => Liquid
data,,736.8,718.8,18.0,718.8,Time=35.9s | BaseRaw=736.8 | CurrentRaw=718.8 | Change=18.0 => Liquid
data,,736.8,718.8,18.0,718.8,Time=36.0s | BaseRaw=736.8 | CurrentRaw=718.8 | Change=18.0 => Liquid
data,,736.8,719.0,17.8,719.0,Time=36.1s | BaseRaw=736.8 | CurrentRaw=719.0 | Change=17.8 => Liquid
data,,736.8,719.2,17.6,719.2,Time=36.2s | BaseRaw=736.8 | CurrentRaw=719.2 | Change=17.6 => Liquid
data,,736.8,719.4,17.4,719.4,Time=36.3s | BaseRaw=736.8 | CurrentRaw=719.4 | Change=17.4 => Liquid
data,,736.8,719.6,17.2,719.6,Time=36.4s | BaseRaw=736.8 | CurrentRaw=719.6 | Change=17.2 => Liquid
data,,736.8,719.6,17.2,719.6,Time=36.5s | BaseRaw=736.8 | CurrentRaw=719.6 | Change=17.2 => Liquid
data,,736.8,719.4,17.4,719.4,Time=36.6s | BaseRaw=736.8 | CurrentRaw=719.4 | Change=17.4 => Liquid
data,,736.8,719.2,17.6,719.2,Time=36.7s | BaseRaw=736.8 | CurrentRaw=719.2 | Change=17.6 => Liquid
data,,736.8,719.0,17.8,719.0,Time=36.8s | BaseRaw=736.8 | CurrentRaw=719.0 | Change=17.8 => Liquid
data,,736.8,718.6,18.2,718.6,Time=36.9s | BaseRaw=736.8 | CurrentRaw=718.6 | Change=18.2 => Liquid
data,,736.8,718.4,18.4,718.4,Time=37.0s | BaseRaw=736.8 | CurrentRaw=718.4 | Change=18.4 => Liquid
data,,736.8,718.2,18.6,718.2,Time=37.1s | BaseRaw=736.8 | CurrentRaw=718.2 | Change=18.6 => Liquid
data,,736.8,718.0,18.8,718.0,Time=37.2s | BaseRaw=736.8 | CurrentRaw=718.0 | Change=18.8 => Liquid
data,,736.8,718.0,18.8,718.0,Time=37.3s | BaseRaw=736.8 | CurrentRaw=718.0 | Change=18.8 => Liquid
data,,736.8,718.0,18.8,718.0,Time=37.4s | BaseRaw=736.8 | CurrentRaw=718.0 | Change=18.8 => Liquid
data,,736.8,718.0,18.8,718.0,Time=37.5s | BaseRaw=736.8 | CurrentRaw=718.0 | Change=18.8 => Liquid
data,,736.8,718.0,18.8,718.0,Time=37.6s | BaseRaw=736.8 | CurrentRaw=718.0 | Change=18.8 => Liquid
data,,736.8,718.0,18.8,718.0,Time=37.7s | BaseRaw=736.8 | CurrentRaw=718.0 | Change=18.8 => Liquid
data,,736.8,718.2,18.6,718.2,Time=37.8s | BaseRaw=736.8 | CurrentRaw=718.2 | Change=18.6 => Liquid
data,,736.8,718.4,18.4,718.4,Time=37.9s | BaseRaw=736.8 | CurrentRaw=718.4 | Change=18.4 => Liquid
data,,736.8,718.4,18.4,718.4,Time=38.0s | BaseRaw=736.8 | CurrentRaw=718.4 | Change=18.4 => Liquid
data,,736.8,718.4,18.4,718.4,Time=38.1s | BaseRaw=736.8 | CurrentRaw=718.4 | Change=18.4 => Liquid
data,,736.8,718.4,18.4,718.4,Time=38.2s | BaseRaw=736.8 | CurrentRaw=718.4 | Change=18.4 => Liquid
data,,736.8,718.2,18.6,718.2,Time=38.3s | BaseRaw=736.8 | CurrentRaw=718.2 | Change=18.6 => Liquid
data,,736.8,718.0,18.8,718.0,Time=38.4s | BaseRaw=736.8 | CurrentRaw=718.0 | Change=18.8 => Liquid
data,,736.8,717.8,19.0,717.8,Time=38.5s | BaseRaw=736.8 | CurrentRaw=717.8 | Change=19.0 => Liquid
data,,736.8,718.0,18.8,718.0,Time=38.6s | BaseRaw=736.8 | CurrentRaw=718.0 | Change=18.8 => Liquid
data,,736.8,718.0,18.8,718.0,Time=38.7s | BaseRaw=736.8 | CurrentRaw=718.0 | Change=18.8 => Liquid
data,,736.8,718.2,18.6,718.2,Time=38.8s | BaseRaw=736.8 | CurrentRaw=718.2 | Change=18.6 => Liquid
data,,736.8,718.4,18.4,718.4,Time=38.9s | BaseRaw=736.8 | CurrentRaw=718.4 | Change=18.4 => Liquid
data,,736.8,718.8,18.0,718.8,Time=39.0s | BaseRaw=736.8 | CurrentRaw=718.8 | Change=18.0 => Liquid
data,,736.8,719.0,17.8,719.0,Time=39.1s | BaseRaw=736.8 | CurrentRaw=719.0 | Change=17.8 => Liquid
data,,736.8,718.8,18.0,718.8,Time=39.2s | BaseRaw=736.8 | CurrentRaw=718.8 | Change=18.0 => Liquid
data,,736.8,718.8,18.0,718.8,Time=39.3s | BaseRaw=736.8 | CurrentRaw=718.8 | Change=18.0 => Liquid
data,,736.8,718.4,18.4,718.4,Time=39.4s | BaseRaw=736.8 | CurrentRaw=718.4 | Change=18.4 => Liquid
data,,736.8,718.2,18.6,718.2,Time=39.5s | BaseRaw=736.8 | CurrentRaw=718.2 | Change=18.6 => Liquid
data,,736.8,718.2,18.6,718.2,Time=39.6s | BaseRaw=736.8 | CurrentRaw=718.2 | Change=18.6 => Liquid
data,,736.8,718.4,18.4,718.4,Time=39.7s | BaseRaw=736.8 | CurrentRaw=718.4 | Change=18.4 => Liquid
data,,736.8,718.6,18.2,718.6,Time=39.8s | BaseRaw=736.8 | CurrentRaw=718.6 | Change=18.2 => Liquid
data,,736.8,718.8,18.0,718.8,Time=39.9s | BaseRaw=736.8 | CurrentRaw=718.8 | Change=18.0 => Liquid
data,,736.8,718.8,18.0,718.8,Time=40.0s | BaseRaw=736.8 | CurrentRaw=718.8 | Change=18.0 => Liquid
data,,736.8,719.0,17.8,719.0,Time=40.1s | BaseRaw=736.8 | CurrentRaw=719.0 | Change=17.8 => Liquid
data,,736.8,719.2,17.6,719.2,Time=40.2s | BaseRaw=736.8 | CurrentRaw=719.2 | Change=17.6 => Liquid
data,,736.8,719.2,17.6,719.2,Time=40.3s | BaseRaw=736.8 | CurrentRaw=719.2 | Change=17.6 => Liquid
data,,736.8,719.0,17.8,719.0,Time=40.4s | BaseRaw=736.8 | CurrentRaw=719.0 | Change=17.8 => Liquid
data,,736.8,719.0,17.8,719.0,Time=40.5s | BaseRaw=736.8 | CurrentRaw=719.0 | Change=17.8 => Liquid
data,,736.8,719.0,17.8,719.0,Time=40.6s | BaseRaw=736.8 | CurrentRaw=719.0 | Change=17.8 => Liquid
data,,736.8,718.8,18.0,718.8,Time=40.7s | BaseRaw=736.8 | CurrentRaw=718.8 | Change=18.0 => Liquid
data,,736.8,719.0,17.8,719.0,Time=40.8s | BaseRaw=736.8 | CurrentRaw=719.0 | Change=17.8 => Liquid
data,,736.8,719.6,17.2,719.6,Time=40.9s | BaseRaw=736.8 | CurrentRaw=719.6 | Change=17.2 => Liquid
data,,736.8,720.2,16.6,720.2,Time=41.0s | BaseRaw=736.8 | CurrentRaw=720.2 | Change=16.6 => Liquid
data,,736.8,720.4,16.4,720.4,Time=41.1s | BaseRaw=736.8 | CurrentRaw=720.4 | Change=16.4 => Liquid
data,,736.8,720.6,16.2,720.6,Time=41.2s | BaseRaw=736.8 | CurrentRaw=720.6 | Change=16.2 => Liquid
data,,736.8,720.6,16.2,720.6,Time=41.3s | BaseRaw=736.8 | CurrentRaw=720.6 | Change=16.2 => Liquid
data,,736.8,720.4,16.4,720.4,Time=41.4s | BaseRaw=736.8 | CurrentRaw=720.4 | Change=16.4 => Liquid
data,,736.8,720.4,16.4,720.4,Time=41.5s | BaseRaw=736.8 | CurrentRaw=720.4 | Change=16.4 => Liquid
data,,736.8,720.6,16.2,720.6,Time=41.6s | BaseRaw=736.8 | CurrentRaw=720.6 | Change=16.2 => Liquid
data,,736.8,720.8,16.0,720.8,Time=41.7s | BaseRaw=736.8 | CurrentRaw=720.8 | Change=16.0 => Liquid
data,,736.8,721.0,15.8,721.0,Time=41.8s | BaseRaw=736.8 | CurrentRaw=721.0 | Change=15.8 => Liquid
data,,736.8,721.0,15.8,721.0,Time=41.9s | BaseRaw=736.8 | CurrentRaw=721.0 | Change=15.8 => Liquid
data,,736.8,720.4,16.4,720.4,Time=42.0s | BaseRaw=736.8 | CurrentRaw=720.4 | Change=16.4 => Liquid
data,,736.8,720.2,16.6,720.2,Time=42.1s | BaseRaw=736.8 | CurrentRaw=720.2 | Change=16.6 => Liquid
data,,736.8,719.8,17.0,719.8,Time=42.2s | BaseRaw=736.8 | CurrentRaw=719.8 | Change=17.0 => Liquid
data,,736.8,719.4,17.4,719.4,Time=42.3s | BaseRaw=736.8 | CurrentRaw=719.4 | Change=17.4 => Liquid
data,,736.8,719.4,17.4,719.4,Time=42.4s | BaseRaw=736.8 | CurrentRaw=719.4 | Change=17.4 => Liquid
data,,736.8,719.0,17.8,719.0,Time=42.5s | BaseRaw=736.8 | CurrentRaw=719.0 | Change=17.8 => Liquid
data,,736.8,719.0,17.8,719.0,Time=42.6s | BaseRaw=736.8 | CurrentRaw=719.0 | Change=17.8 => Liquid
data,,736.8,719.0,17.8,719.0,Time=42.7s | BaseRaw=736.8 | CurrentRaw=719.0 | Change=17.8 => Liquid
data,,736.8,719.0,17.8,719.0,Time=42.8s | BaseRaw=736.8 | CurrentRaw=719.0 | Change=17.8 => Liquid
data,,736.8,719.2,17.6,719.2,Time=42.9s | BaseRaw=736.8 | CurrentRaw=719.2 | Change=17.6 => Liquid
data,,736.8,719.6,17.2,719.6,Time=43.0s | BaseRaw=736.8 | CurrentRaw=719.6 | Change=17.2 => Liquid
data,,736.8,719.8,17.0,719.8,Time=43.1s | BaseRaw=736.8 | CurrentRaw=719.8 | Change=17.0 => Liquid
data,,736.8,719.8,17.0,719.8,Time=43.2s | BaseRaw=736.8 | CurrentRaw=719.8 | Change=17.0 => Liquid
data,,736.8,720.0,16.8,720.0,Time=43.3s | BaseRaw=736.8 | CurrentRaw=720.0 | Change=16.8 => Liquid
data,,736.8,719.6,17.2,719.6,Time=43.4s | BaseRaw=736.8 | CurrentRaw=719.6 | Change=17.2 => Liquid
data,,736.8,719.2,17.6,719.2,Time=43.5s | BaseRaw=736.8 | CurrentRaw=719.2 | Change=17.6 => Liquid
data,,736.8,719.0,17.8,719.0,Time=43.6s | BaseRaw=736.8 | CurrentRaw=719.0 | Change=17.8 => Liquid
data,,736.8,718.8,18.0,718.8,Time=43.7s | BaseRaw=736.8 | CurrentRaw=718.8 | Change=18.0 => Liquid
data,,736.8,718.8,18.0,718.8,Time=43.8s | BaseRaw=736.8 | CurrentRaw=718.8 | Change=18.0 => Liquid
data,,736.8,719.2,17.6,719.2,Time=43.9s | BaseRaw=736.8 | CurrentRaw=719.2 | Change=17.6 => Liquid
data,,736.8,719.4,17.4,719.4,Time=44.0s | BaseRaw=736.8 | CurrentRaw=719.4 | Change=17.4 => Liquid
data,,736.8,719.4,17.4,719.4,Time=44.1s | BaseRaw=736.8 | CurrentRaw=719.4 | Change=17.4 => Liquid
data,,736.8,719.6,17.2,719.6,Time=44.2s | BaseRaw=736.8 | CurrentRaw=719.6 | Change=17.2 => Liquid
data,,736.8,719.6,17.2,719.6,Time=44.3s | BaseRaw=736.8 | CurrentRaw=719.6 | Change=17.2 => Liquid
data,,736.8,719.2,17.6,719.2,Time=44.4s | BaseRaw=736.8 | CurrentRaw=719.2 | Change=17.6 => Liquid
data,,736.8,719.0,17.8,719.0,Time=44.5s | BaseRaw=736.8 | CurrentRaw=719.0 | Change=17.8 => Liquid
data,,736.8,718.8,18.0,718.8,Time=44.6s | BaseRaw=736.8 | CurrentRaw=718.8 | Change=18.0 => Liquid
data,,736.8,719.0,17.8,719.0,Time=44.7s | BaseRaw=736.8 | CurrentRaw=719.0 | Change=17.8 => Liquid
data,,736.8,718.2,18.6,718.2,Time=44.8s | BaseRaw=736.8 | CurrentRaw=718.2 | Change=18.6 => Liquid
data,,736.8,712.0,24.8,712.0,Time=44.9s | BaseRaw=736.8 | CurrentRaw=712.0 | Change=24.8 => Liquid
data,,736.8,711.8,25.0,711.8,Time=45.0s | BaseRaw=736.8 | CurrentRaw=711.8 | Change=25.0 => Liquid
data,,736.8,711.8,25.0,711.8,Time=45.1s | BaseRaw=736.8 | CurrentRaw=711.8 | Change=25.0 => Liquid
data,,736.8,711.2,25.6,711.2,Time=45.2s | BaseRaw=736.8 | CurrentRaw=711.2 | Change=25.6 => Liquid
data,,736.8,711.4,25.4,711.4,Time=45.3s | BaseRaw=736.8 | CurrentRaw=711.4 | Change=25.4 => Liquid
data,,736.8,717.4,19.4,717.4,Time=45.4s | BaseRaw=736.8 | CurrentRaw=717.4 | Change=19.4 => Liquid
data,,736.8,717.2,19.6,717.2,Time=45.5s | BaseRaw=736.8 | CurrentRaw=717.2 | Change=19.6 => Liquid
data,,736.8,717.0,19.8,717.0,Time=45.6s | BaseRaw=736.8 | CurrentRaw=717.0 | Change=19.8 => Liquid
data,,736.8,717.0,19.8,717.0,Time=45.7s | BaseRaw=736.8 | CurrentRaw=717.0 | Change=19.8 => Liquid
data,,736.8,717.2,19.6,717.2,Time=45.8s | BaseRaw=736.8 | CurrentRaw=717.2 | Change=19.6 => Liquid
data,,736.8,717.6,19.2,717.6,Time=45.9s | BaseRaw=736.8 | CurrentRaw=717.6 | Change=19.2 => Liquid
data,,736.8,717.6,19.2,717.6,Time=46.0s | BaseRaw=736.8 | CurrentRaw=717.6 | Change=19.2 => Liquid
data,,736.8,718.0,18.8,718.0,Time=46.1s | BaseRaw=736.8 | CurrentRaw=718.0 | Change=18.8 => Liquid
data,,736.8,717.8,19.0,717.8,Time=46.2s | BaseRaw=736.8 | CurrentRaw=717.8 | Change=19.0 => Liquid
data,,736.8,717.8,19.0,717.8,Time=46.3s | BaseRaw=736.8 | CurrentRaw=717.8 | Change=19.0 => Liquid
data,,736.8,717.8,19.0,717.8,Time=46.4s | BaseRaw=736.8 | CurrentRaw=717.8 | Change=19.0 => Liquid
data,,736.8,717.8,19.0,717.8,Time=46.5s | BaseRaw=736.8 | CurrentRaw=717.8 | Change=19.0 => Liquid
data,,736.8,717.8,19.0,717.8,Time=46.6s | BaseRaw=736.8 | CurrentRaw=717.8 | Change=19.0 => Liquid
data,,736.8,717.8,19.0,717.8,Time=46.7s | BaseRaw=736.8 | CurrentRaw=717.8 | Change=19.0 => Liquid
data,,736.8,717.6,19.2,717.6,Time=46.8s | BaseRaw=736.8 | CurrentRaw=717.6 | Change=19.2 => Liquid
data,,736.8,717.6,19.2,717.6,Time=46.9s | BaseRaw=736.8 | CurrentRaw=717.6 | Change=19.2 => Liquid
data,,736.8,717.6,19.2,717.6,Time=47.0s | BaseRaw=736.8 | CurrentRaw=717.6 | Change=19.2 => Liquid
data,,736.8,717.6,19.2,717.6,Time=47.1s | BaseRaw=736.8 | CurrentRaw=717.6 | Change=19.2 => Liquid
data,,736.8,717.6,19.2,717.6,Time=47.2s | BaseRaw=736.8 | CurrentRaw=717.6 | Change=19.2 => Liquid
data,,736.8,717.8,19.0,717.8,Time=47.3s | BaseRaw=736.8 | CurrentRaw=717.8 | Change=19.0 => Liquid
data,,736.8,718.0,18.8,718.0,Time=47.4s | BaseRaw=736.8 | CurrentRaw=718.0 | Change=18.8 => Liquid
data,,736.8,717.8,19.0,717.8,Time=47.5s | BaseRaw=736.8 | CurrentRaw=717.8 | Change=19.0 => Liquid
data,,736.8,718.0,18.8,718.0,Time=47.6s | BaseRaw=736.8 | CurrentRaw=718.0 | Change=18.8 => Liquid
data,,736.8,718.2,18.6,718.2,Time=47.7s | BaseRaw=736.8 | CurrentRaw=718.2 | Change=18.6 => Liquid
data,,736.8,718.2,18.6,718.2,Time=47.8s | BaseRaw=736.8 | CurrentRaw=718.2 | Change=18.6 => Liquid
data,,736.8,718.4,18.4,718.4,Time=47.9s | BaseRaw=736.8 | CurrentRaw=718.4 | Change=18.4 => Liquid
data,,736.8,718.8,18.0,718.8,Time=48.0s | BaseRaw=736.8 | CurrentRaw=718.8 | Change=18.0 => Liquid
data,,736.8,719.6,17.2,719.6,Time=48.1s | BaseRaw=736.8 | CurrentRaw=719.6 | Change=17.2 => Liquid
data,,736.8,721.0,15.8,721.0,Time=48.2s | BaseRaw=736.8 | CurrentRaw=721.0 | Change=15.8 => Liquid
data,,736.8,722.4,14.4,722.4,Time=48.3s | BaseRaw=736.8 | CurrentRaw=722.4 | Change=14.4 => Liquid
data,,736.8,724.0,12.8,724.0,Time=48.4s | BaseRaw=736.8 | CurrentRaw=724.0 | Change=12.8 => Liquid
data,,736.8,725.2,11.6,725.2,Time=48.5s | BaseRaw=736.8 | CurrentRaw=725.2 | Change=11.6 => Liquid
data,,736.8,726.0,10.8,726.0,Time=48.6s | BaseRaw=736.8 | CurrentRaw=726.0 | Change=10.8 => Liquid
data,,736.8,725.8,11.0,725.8,Time=48.7s | BaseRaw=736.8 | CurrentRaw=725.8 | Change=11.0 => Liquid
data,,736.8,725.2,11.6,725.2,Time=48.8s | BaseRaw=736.8 | CurrentRaw=725.2 | Change=11.6 => Liquid
data,,736.8,725.6,11.2,725.6,Time=48.9s | BaseRaw=736.8 | CurrentRaw=725.6 | Change=11.2 => Liquid
data,,736.8,727.0,9.8,727.0,Time=49.0s | BaseRaw=736.8 | CurrentRaw=727.0 | Change=9.8 => Floor
data,,736.8,728.6,8.2,728.6,Time=49.1s | BaseRaw=736.8 | CurrentRaw=728.6 | Change=8.2 => Floor
data,,736.8,731.8,5.0,731.8,Time=49.2s | BaseRaw=736.8 | CurrentRaw=731.8 | Change=5.0 => Floor
data,,736.8,734.0,2.8,734.0,Time=49.3s | BaseRaw=736.8 | CurrentRaw=734.0 | Change=2.8 => Floor
data,,736.8,735.4,1.4,735.4,Time=49.4s | BaseRaw=736.8 | CurrentRaw=735.4 | Change=1.4 => Floor
data,,736.8,737.0,0.2,737.0,Time=49.5s | BaseRaw=736.8 | CurrentRaw=737.0 | Change=0.2 => Floor
data,,736.8,737.2,0.4,737.2,Time=49.6s | BaseRaw=736.8 | CurrentRaw=737.2 | Change=0.4 => Floor
data,,736.8,736.4,0.4,736.4,Time=49.7s | BaseRaw=736.8 | CurrentRaw=736.4 | Change=0.4 => Floor
data,,736.8,736.6,0.2,736.6,Time=49.8s | BaseRaw=736.8 | CurrentRaw=736.6 | Change=0.2 => Floor
data,,736.8,737.2,0.4,737.2,Time=49.9s | BaseRaw=736.8 | CurrentRaw=737.2 | Change=0.4 => Floor
data,,736.8,737.0,0.2,737.0,Time=50.0s | BaseRaw=736.8 | CurrentRaw=737.0 | Change=0.2 => Floor
data,,736.8,736.4,0.4,736.4,Time=50.1s | BaseRaw=736.8 | CurrentRaw=736.4 | Change=0.4 => Floor
data,,736.8,737.2,0.4,737.2,Time=50.2s | BaseRaw=736.8 | CurrentRaw=737.2 | Change=0.4 => Floor
data,,736.8,737.8,1.0,737.8,Time=50.3s | BaseRaw=736.8 | CurrentRaw=737.8 | Change=1.0 => Floor
data,,736.8,737.2,0.4,737.2,Time=50.4s | BaseRaw=736.8 | CurrentRaw=737.2 | Change=0.4 => Floor
data,,736.8,736.8,0.0,736.8,Time=50.5s | BaseRaw=736.8 | CurrentRaw=736.8 | Change=0.0 => Floor
data,,736.8,737.8,1.0,737.8,Time=50.6s | BaseRaw=736.8 | CurrentRaw=737.8 | Change=1.0 => Floor
data,,736.8,737.6,0.8,737.6,Time=50.7s | BaseRaw=736.8 | CurrentRaw=737.6 | Change=0.8 => Floor
data,,736.8,736.6,0.2,736.6,Time=50.8s | BaseRaw=736.8 | CurrentRaw=736.6 | Change=0.2 => Floor
data,,736.8,736.6,0.2,736.6,Time=50.9s | BaseRaw=736.8 | CurrentRaw=736.6 | Change=0.2 => Floor
data,,736.8,737.6,0.8,737.6,Time=51.0s | BaseRaw=736.8 | CurrentRaw=737.6 | Change=0.8 => Floor
data,,736.8,737.0,0.2,737.0,Time=51.1s | BaseRaw=736.8 | CurrentRaw=737.0 | Change=0.2 => Floor
data,,736.8,736.8,0.0,736.8,Time=51.2s | BaseRaw=736.8 | CurrentRaw=736.8 | Change=0.0 => Floor
data,,736.8,737.6,0.8,737.6,Time=51.3s | BaseRaw=736.8 | CurrentRaw=737.6 | Change=0.8 => Floor
data,,736.8,738.4,1.6,738.4,Time=51.4s | BaseRaw=736.8 | CurrentRaw=738.4 | Change=1.6 => Floor
data,,736.8,737.4,0.6,737.4,Time=51.5s | BaseRaw=736.8 | CurrentRaw=737.4 | Change=0.6 => Floor
data,,736.8,737.0,0.2,737.0,Time=51.6s | BaseRaw=736.8 | CurrentRaw=737.0 | Change=0.2 => Floor
data,,736.8,737.6,0.8,737.6,Time=51.7s | BaseRaw=736.8 | CurrentRaw=737.6 | Change=0.8 => Floor
data,,736.8,737.8,1.0,737.8,Time=51.8s | BaseRaw=736.8 | CurrentRaw=737.8 | Change=1.0 => Floor
data,,736.8,736.8,0.0,736.8,Time=51.9s | BaseRaw=736.8 | CurrentRaw=736.8 | Change=0.0 => Floor
data,,736.8,737.0,0.2,737.0,Time=52.0s | BaseRaw=736.8 | CurrentRaw=737.0 | Change=0.2 => Floor
data,,736.8,738.0,1.2,738.0,Time=52.1s | BaseRaw=736.8 | CurrentRaw=738.0 | Change=1.2 => Floor
data,,736.8,737.6,0.8,737.6,Time=52.2s | BaseRaw=736.8 | CurrentRaw=737.6 | Change=0.8 => Floor
data,,736.8,736.6,0.2,736.6,Time=52.3s | BaseRaw=736.8 | CurrentRaw=736.6 | Change=0.2 => Floor
data,,736.8,737.0,0.2,737.0,Time=52.4s | BaseRaw=736.8 | CurrentRaw=737.0 | Change=0.2 => Floor
data,,736.8,737.6,0.8,737.6,Time=52.5s | BaseRaw=736.8 | CurrentRaw=737.6 | Change=0.8 => Floor
data,,736.8,737.0,0.2,737.0,Time=52.6s | BaseRaw=736.8 | CurrentRaw=737.0 | Change=0.2 => Floor
data,,736.8,736.6,0.2,736.6,Time=52.7s | BaseRaw=736.8 | CurrentRaw=736.6 | Change=0.2 => Floor
data,,736.8,737.8,1.0,737.8,Time=52.8s | BaseRaw=736.8 | CurrentRaw=737.8 | Change=1.0 => Floor
data,,736.8,738.2,1.4,738.2,Time=52.9s | BaseRaw=736.8 | CurrentRaw=738.2 | Change=1.4 => Floor
data,,736.8,737.0,0.2,737.0,Time=53.0s | BaseRaw=736.8 | CurrentRaw=737.0 | Change=0.2 => Floor
data,,736.8,737.0,0.2,737.0,Time=53.1s | BaseRaw=736.8 | CurrentRaw=737.0 | Change=0.2 => Floor
data,,736.8,738.0,1.2,738.0,Time=53.2s | BaseRaw=736.8 | CurrentRaw=738.0 | Change=1.2 => Floor
data,,736.8,737.6,0.8,737.6,Time=53.3s | BaseRaw=736.8 | CurrentRaw=737.6 | Change=0.8 => Floor
data,,736.8,736.8,0.0,736.8,Time=53.4s | BaseRaw=736.8 | CurrentRaw=736.8 | Change=0.0 => Floor
data,,736.8,737.6,0.8,737.6,Time=53.5s | BaseRaw=736.8 | CurrentRaw=737.6 | Change=0.8 => Floor
data,,736.8,738.0,1.2,738.0,Time=53.6s | BaseRaw=736.8 | CurrentRaw=738.0 | Change=1.2 => Floor
data,,736.8,737.2,0.4,737.2,Time=53.7s | BaseRaw=736.8 | CurrentRaw=737.2 | Change=0.4 => Floor
data,,736.8,736.6,0.2,736.6,Time=53.8s | BaseRaw=736.8 | CurrentRaw=736.6 | Change=0.2 => Floor
data,,736.8,737.4,0.6,737.4,Time=53.9s | BaseRaw=736.8 | CurrentRaw=737.4 | Change=0.6 => Floor
data,,736.8,737.6,0.8,737.6,Time=54.0s | BaseRaw=736.8 | CurrentRaw=737.6 | Change=0.8 => Floor
data,,736.8,736.8,0.0,736.8,Time=54.1s | BaseRaw=736.8 | CurrentRaw=736.8 | Change=0.0 => Floor
data,,736.8,736.8,0.0,736.8,Time=54.2s | BaseRaw=736.8 | CurrentRaw=736.8 | Change=0.0 => Floor
data,,736.8,737.8,1.0,737.8,Time=54.3s | BaseRaw=736.8 | CurrentRaw=737.8 | Change=1.0 => Floor
data,,736.8,737.6,0.8,737.6,Time=54.4s | BaseRaw=736.8 | CurrentRaw=737.6 | Change=0.8 => Floor
data,,736.8,736.8,0.0,736.8,Time=54.5s | BaseRaw=736.8 | CurrentRaw=736.8 | Change=0.0 => Floor
data,,736.8,737.2,0.4,737.2,Time=54.6s | BaseRaw=736.8 | CurrentRaw=737.2 | Change=0.4 => Floor
data,,736.8,738.2,1.4,738.2,Time=54.7s | BaseRaw=736.8 | CurrentRaw=738.2 | Change=1.4 => Floor
data,,736.8,737.6,0.8,737.6,Time=54.8s | BaseRaw=736.8 | CurrentRaw=737.6 | Change=0.8 => Floor
data,,736.8,737.0,0.2,737.0,Time=54.9s | BaseRaw=736.8 | CurrentRaw=737.0 | Change=0.2 => Floor
data,,736.8,737.6,0.8,737.6,Time=55.0s | BaseRaw=736.8 | CurrentRaw=737.6 | Change=0.8 => Floor
data,,736.8,738.2,1.4,738.2,Time=55.1s | BaseRaw=736.8 | CurrentRaw=738.2 | Change=1.4 => Floor
data,,736.8,737.2,0.4,737.2,Time=55.2s | BaseRaw=736.8 | CurrentRaw=737.2 | Change=0.4 => Floor
data,,736.8,736.8,0.0,736.8,Time=55.3s | BaseRaw=736.8 | CurrentRaw=736.8 | Change=0.0 => Floor
data,,736.8,737.8,1.0,737.8,Time=55.4s | BaseRaw=736.8 | CurrentRaw=737.8 | Change=1.0 => Floor
data,,736.8,737.8,1.0,737.8,Time=55.5s | BaseRaw=736.8 | CurrentRaw=737.8 | Change=1.0 => Floor
data,,736.8,736.4,0.4,736.4,Time=55.6s | BaseRaw=736.8 | CurrentRaw=736.4 | Change=0.4 => Floor
data,,736.8,736.4,0.4,736.4,Time=55.7s | BaseRaw=736.8 | CurrentRaw=736.4 | Change=0.4 => Floor
data,,736.8,737.2,0.4,737.2,Time=55.8s | BaseRaw=736.8 | CurrentRaw=737.2 | Change=0.4 => Floor
data,,736.8,736.6,0.2,736.6,Time=55.9s | BaseRaw=736.8 | CurrentRaw=736.6 | Change=0.2 => Floor
data,,736.8,736.0,0.8,736.0,Time=56.0s | BaseRaw=736.8 | CurrentRaw=736.0 | Change=0.8 => Floor
data,,736.8,736.8,0.0,736.8,Time=56.1s | BaseRaw=736.8 | CurrentRaw=736.8 | Change=0.0 => Floor
data,,736.8,737.6,0.8,737.6,Time=56.2s | BaseRaw=736.8 | CurrentRaw=737.6 | Change=0.8 => Floor
data,,736.8,737.2,0.4,737.2,Time=56.3s | BaseRaw=736.8 | CurrentRaw=737.2 | Change=0.4 => Floor
data,,736.8,737.0,0.2,737.0,Time=56.4s | BaseRaw=736.8 | CurrentRaw=737.0 | Change=0.2 => Floor
data,,736.8,737.4,0.6,737.4,Time=56.5s | BaseRaw=736.8 | CurrentRaw=737.4 | Change=0.6 => Floor
data,,736.8,738.0,1.2,738.0,Time=56.6s | BaseRaw=736.8 | CurrentRaw=738.0 | Change=1.2 => Floor
data,,736.8,737.0,0.2,737.0,Time=56.7s | BaseRaw=736.8 | CurrentRaw=737.0 | Change=0.2 => Floor
data,,736.8,736.4,0.4,736.4,Time=56.8s | BaseRaw=736.8 | CurrentRaw=736.4 | Change=0.4 => Floor
data,,736.8,736.8,0.0,736.8,Time=56.9s | BaseRaw=736.8 | CurrentRaw=736.8 | Change=0.0 => Floor
data,,736.8,737.0,0.2,737.0,Time=57.0s | BaseRaw=736.8 | CurrentRaw=737.0 | Change=0.2 => Floor
data,,736.8,736.0,0.8,736.0,Time=57.1s | BaseRaw=736.8 | CurrentRaw=736.0 | Change=0.8 => Floor
data,,736.8,736.4,0.4,736.4,Time=57.2s | BaseRaw=736.8 | CurrentRaw=736.4 | Change=0.4 => Floor
data,,736.8,737.6,0.8,737.6,Time=57.3s | BaseRaw=736.8 | CurrentRaw=737.6 | Change=0.8 => Floor
data,,736.8,737.6,0.8,737.6,Time=57.4s | BaseRaw=736.8 | CurrentRaw=737.6 | Change=0.8 => Floor
data,,736.8,737.0,0.2,737.0,Time=57.5s | BaseRaw=736.8 | CurrentRaw=737.0 | Change=0.2 => Floor
data,,736.8,737.4,0.6,737.4,Time=57.6s | BaseRaw=736.8 | CurrentRaw=737.4 | Change=0.6 => Floor
data,,736.8,737.8,1.0,737.8,Time=57.7s | BaseRaw=736.8 | CurrentRaw=737.8 | Change=1.0 => Floor
data,,736.8,737.2,0.4,737.2,Time=57.8s | BaseRaw=736.8 | CurrentRaw=737.2 | Change=0.4 => Floor
data,,736.8,736.6,0.2,736.6,Time=57.9s | BaseRaw=736.8 | CurrentRaw=736.6 | Change=0.2 => Floor
data,,736.8,737.2,0.4,737.2,Time=58.0s | BaseRaw=736.8 | CurrentRaw=737.2 | Change=0.4 => Floor
data,,736.8,737.6,0.8,737.6,Time=58.1s | BaseRaw=736.8 | CurrentRaw=737.6 | Change=0.8 => Floor
data,,736.8,737.0,0.2,737.0,Time=58.2s | BaseRaw=736.8 | CurrentRaw=737.0 | Change=0.2 => Floor
data,,736.8,736.8,0.0,736.8,Time=58.3s | BaseRaw=736.8 | CurrentRaw=736.8 | Change=0.0 => Floor
data,,736.8,738.0,1.2,738.0,Time=58.4s | BaseRaw=736.8 | CurrentRaw=738.0 | Change=1.2 => Floor
data,,736.8,738.2,1.4,738.2,Time=58.5s | BaseRaw=736.8 | CurrentRaw=738.2 | Change=1.4 => Floor
data,,736.8,737.4,0.6,737.4,Time=58.6s | BaseRaw=736.8 | CurrentRaw=737.4 | Change=0.6 => Floor
data,,736.8,737.4,0.6,737.4,Time=58.7s | BaseRaw=736.8 | CurrentRaw=737.4 | Change=0.6 => Floor
data,,736.8,738.2,1.4,738.2,Time=58.8s | BaseRaw=736.8 | CurrentRaw=738.2 | Change=1.4 => Floor
data,,736.8,737.6,0.8,737.6,Time=58.9s | BaseRaw=736.8 | CurrentRaw=737.6 | Change=0.8 => Floor
data,,736.8,736.8,0.0,736.8,Time=59.0s | BaseRaw=736.8 | CurrentRaw=736.8 | Change=0.0 => Floor
data,,736.8,737.4,0.6,737.4,Time=59.1s | BaseRaw=736.8 | CurrentRaw=737.4 | Change=0.6 => Floor
data,,736.8,738.2,1.4,738.2,Time=59.2s | BaseRaw=736.8 | CurrentRaw=738.2 | Change=1.4 => Floor
data,,736.8,737.6,0.8,737.6,Time=59.3s | BaseRaw=736.8 | CurrentRaw=737.6 | Change=0.8 => Floor
data,,736.8,737.0,0.2,737.0,Time=59.4s | BaseRaw=736.8 | CurrentRaw=737.0 | Change=0.2 => Floor
data,,736.8,737.8,1.0,737.8,Time=59.5s | BaseRaw=736.8 | CurrentRaw=737.8 | Change=1.0 => Floor
data,,736.8,738.2,1.4,738.2,Time=59.6s | BaseRaw=736.8 | CurrentRaw=738.2 | Change=1.4 => Floor
data,,736.8,737.2,0.4,737.2,Time=59.7s | BaseRaw=736.8 | CurrentRaw=737.2 | Change=0.4 => Floor
data,,736.8,737.0,0.2,737.0,Time=59.8s | BaseRaw=736.8 | CurrentRaw=737.0 | Change=0.2 => Floor
data,,736.8,738.0,1.2,738.0,Time=59.9s | BaseRaw=736.8 | CurrentRaw=738.0 | Change=1.2 => Floor
data,,736.8,737.6,0.8,737.6,Time=60.0s | BaseRaw=736.8 | CurrentRaw=737.6 | Change=0.8 => Floor
data,,736.8,736.4,0.4,736.4,Time=60.1s | BaseRaw=736.8 | CurrentRaw=736.4 | Change=0.4 => Floor
data,,736.8,736.8,0.0,736.8,Time=60.2s | BaseRaw=736.8 | CurrentRaw=736.8 | Change=0.0 => Floor
data,,736.8,737.6,0.8,737.6,Time=60.3s | BaseRaw=736.8 | CurrentRaw=737.6 | Change=0.8 => Floor
data,,736.8,737.0,0.2,737.0,Time=60.4s | BaseRaw=736.8 | CurrentRaw=737.0 | Change=0.2 => Floor
data,,736.8,736.8,0.0,736.8,Time=60.5s | BaseRaw=736.8 | CurrentRaw=736.8 | Change=0.0 => Floor
data,,736.8,737.8,1.0,737.8,Time=60.6s | BaseRaw=736.8 | CurrentRaw=737.8 | Change=1.0 => Floor
data,,736.8,738.2,1.4,738.2,Time=60.7s | BaseRaw=736.8 | CurrentRaw=738.2 | Change=1.4 => Floor
data,,736.8,737.2,0.4,737.2,Time=60.8s | BaseRaw=736.8 | CurrentRaw=737.2 | Change=0.4 => Floor
data,,736.8,736.8,0.0,736.8,Time=60.9s | BaseRaw=736.8 | CurrentRaw=736.8 | Change=0.0 => Floor
data,,736.8,737.6,0.8,737.6,Time=61.0s | BaseRaw=736.8 | CurrentRaw=737.6 | Change=0.8 => Floor
data,,736.8,737.4,0.6,737.4,Time=61.1s | BaseRaw=736.8 | CurrentRaw=737.4 | Change=0.6 => Floor
data,,736.8,736.6,0.2,736.6,Time=61.2s | BaseRaw=736.8 | CurrentRaw=736.6 | Change=0.2 => Floor
data,,736.8,737.0,0.2,737.0,Time=61.3s | BaseRaw=736.8 | CurrentRaw=737.0 | Change=0.2 => Floor
data,,736.8,738.2,1.4,738.2,Time=61.4s | BaseRaw=736.8 | CurrentRaw=738.2 | Change=1.4 => Floor
data,,736.8,737.8,1.0,737.8,Time=61.5s | BaseRaw=736.8 | CurrentRaw=737.8 | Change=1.0 => Floor
data,,736.8,737.2,0.4,737.2,Time=61.6s | BaseRaw=736.8 | CurrentRaw=737.2 | Change=0.4 => Floor
data,,736.8,737.8,1.0,737.8,Time=61.7s | BaseRaw=736.8 | CurrentRaw=737.8 | Change=1.0 => Floor
data,,736.8,738.4,1.6,738.4,Time=61.8s | BaseRaw=736.8 | CurrentRaw=738.4 | Change=1.6 => Floor
data,,736.8,737.4,0.6,737.4,Time=61.9s | BaseRaw=736.8 | CurrentRaw=737.4 | Change=0.6 => Floor
data,,736.8,737.0,0.2,737.0,Time=62.0s | BaseRaw=736.8 | CurrentRaw=737.0 | Change=0.2 => Floor
data,,736.8,737.6,0.8,737.6,Time=62.1s | BaseRaw=736.8 | CurrentRaw=737.6 | Change=0.8 => Floor
data,,736.8,737.8,1.0,737.8,Time=62.2s | BaseRaw=736.8 | CurrentRaw=737.8 | Change=1.0 => Floor
data,,736.8,736.8,0.0,736.8,Time=62.3s | BaseRaw=736.8 | CurrentRaw=736.8 | Change=0.0 => Floor
data,,736.8,736.6,0.2,736.6,Time=62.4s | BaseRaw=736.8 | CurrentRaw=736.6 | Change=0.2 => Floor
data,,736.8,737.2,0.4,737.2,Time=62.5s | BaseRaw=736.8 | CurrentRaw=737.2 | Change=0.4 => Floor
data,,736.8,737.2,0.4,737.2,Time=62.6s | BaseRaw=736.8 | CurrentRaw=737.2 | Change=0.4 => Floor
data,,736.8,736.4,0.4,736.4,Time=62.7s | BaseRaw=736.8 | CurrentRaw=736.4 | Change=0.4 => Floor
data,,736.8,736.8,0.0,736.8,Time=62.8s | BaseRaw=736.8 | CurrentRaw=736.8 | Change=0.0 => Floor
data,,736.8,737.8,1.0,737.8,Time=62.9s | BaseRaw=736.8 | CurrentRaw=737.8 | Change=1.0 => Floor
data,,736.8,737.4,0.6,737.4,Time=63.0s | BaseRaw=736.8 | CurrentRaw=737.4 | Change=0.6 => Floor
data,,736.8,736.6,0.2,736.6,Time=63.1s | BaseRaw=736.8 | CurrentRaw=736.6 | Change=0.2 => Floor
data,,736.8,737.0,0.2,737.0,Time=63.2s | BaseRaw=736.8 | CurrentRaw=737.0 | Change=0.2 => Floor
data,,736.8,737.4,0.6,737.4,Time=63.3s | BaseRaw=736.8 | CurrentRaw=737.4 | Change=0.6 => Floor
data,,736.8,736.8,0.0,736.8,Time=63.4s | BaseRaw=736.8 | CurrentRaw=736.8 | Change=0.0 => Floor
data,,736.8,736.4,0.4,736.4,Time=63.5s | BaseRaw=736.8 | CurrentRaw=736.4 | Change=0.4 => Floor
data,,736.8,737.0,0.2,737.0,Time=63.6s | BaseRaw=736.8 | CurrentRaw=737.0 | Change=0.2 => Floor
data,,736.8,737.4,0.6,737.4,Time=63.7s | BaseRaw=736.8 | CurrentRaw=737.4 | Change=0.6 => Floor
data,,736.8,736.6,0.2,736.6,Time=63.8s | BaseRaw=736.8 | CurrentRaw=736.6 | Change=0.2 => Floor
data,,736.8,736.0,0.8,736.0,Time=63.9s | BaseRaw=736.8 | CurrentRaw=736.0 | Change=0.8 => Floor
data,,736.8,736.8,0.0,736.8,Time=64.0s | BaseRaw=736.8 | CurrentRaw=736.8 | Change=0.0 => Floor
data,,736.8,737.2,0.4,737.2,Time=64.1s | BaseRaw=736.8 | CurrentRaw=737.2 | Change=0.4 => Floor
data,,736.8,736.2,0.6,736.2,Time=64.2s | BaseRaw=736.8 | CurrentRaw=736.2 | Change=0.6 => Floor
data,,736.8,736.6,0.2,736.6,Time=64.3s | BaseRaw=736.8 | CurrentRaw=736.6 | Change=0.2 => Floor
data,,736.8,737.8,1.0,737.8,Time=64.4s | BaseRaw=736.8 | CurrentRaw=737.8 | Change=1.0 => Floor
data,,736.8,737.6,0.8,737.6,Time=64.5s | BaseRaw=736.8 | CurrentRaw=737.6 | Change=0.8 => Floor
data,,736.8,736.8,0.0,736.8,Time=64.6s | BaseRaw=736.8 | CurrentRaw=736.8 | Change=0.0 => Floor
data,,736.8,737.8,1.0,737.8,Time=64.7s | BaseRaw=736.8 | CurrentRaw=737.8 | Change=1.0 => Floor
data,,736.8,738.8,2.0,738.8,Time=64.8s | BaseRaw=736.8 | CurrentRaw=738.8 | Change=2.0 => Floor
data,,736.8,738.6,1.8,738.6,Time=64.9s | BaseRaw=736.8 | CurrentRaw=738.6 | Change=1.8 => Floor
data,,736.8,738.4,1.6,738.4,Time=65.0s | BaseRaw=736.8 | CurrentRaw=738.4 | Change=1.6 => Floor
data,,736.8,739.6,2.8,739.6,Time=65.1s | BaseRaw=736.8 | CurrentRaw=739.6 | Change=2.8 => Floor
data,,736.8,739.4,2.6,739.4,Time=65.2s | BaseRaw=736.8 | CurrentRaw=739.4 | Change=2.6 => Floor
data,,736.8,737.4,0.6,737.4,Time=65.3s | BaseRaw=736.8 | CurrentRaw=737.4 | Change=0.6 => Floor
data,,736.8,736.2,0.6,736.2,Time=65.4s | BaseRaw=736.8 | CurrentRaw=736.2 | Change=0.6 => Floor
data,,736.8,735.8,1.0,735.8,Time=65.5s | BaseRaw=736.8 | CurrentRaw=735.8 | Change=1.0 => Floor
data,,736.8,733.8,3.0,733.8,Time=65.6s | BaseRaw=736.8 | CurrentRaw=733.8 | Change=3.0 => Floor
data,,736.8,731.6,5.2,731.6,Time=65.7s | BaseRaw=736.8 | CurrentRaw=731.6 | Change=5.2 => Floor
data,,736.8,731.0,5.8,731.0,Time=65.8s | BaseRaw=736.8 | CurrentRaw=731.0 | Change=5.8 => Floor
data,,736.8,730.8,6.0,730.8,Time=65.9s | BaseRaw=736.8 | CurrentRaw=730.8 | Change=6.0 => Floor
data,,736.8,729.6,7.2,729.6,Time=66.0s | BaseRaw=736.8 | CurrentRaw=729.6 | Change=7.2 => Floor
data,,736.8,728.8,8.0,728.8,Time=66.1s | BaseRaw=736.8 | CurrentRaw=728.8 | Change=8.0 => Floor
data,,736.8,729.4,7.4,729.4,Time=66.2s | BaseRaw=736.8 | CurrentRaw=729.4 | Change=7.4 => Floor
data,,736.8,729.8,7.0,729.8,Time=66.3s | BaseRaw=736.8 | CurrentRaw=729.8 | Change=7.0 => Floor
data,,736.8,729.4,7.4,729.4,Time=66.4s | BaseRaw=736.8 | CurrentRaw=729.4 | Change=7.4 => Floor
data,,736.8,729.4,7.4,729.4,Time=66.5s | BaseRaw=736.8 | CurrentRaw=729.4 | Change=7.4 => Floor
data,,736.8,730.0,6.8,730.0,Time=66.6s | BaseRaw=736.8 | CurrentRaw=730.0 | Change=6.8 => Floor
data,,736.8,730.2,6.6,730.2,Time=66.7s | BaseRaw=736.8 | CurrentRaw=730.2 | Change=6.6 => Floor
data,,736.8,729.6,7.2,729.6,Time=66.8s | BaseRaw=736.8 | CurrentRaw=729.6 | Change=7.2 => Floor
data,,736.8,729.2,7.6,729.2,Time=66.9s | BaseRaw=736.8 | CurrentRaw=729.2 | Change=7.6 => Floor
data,,736.8,729.8,7.0,729.8,Time=67.0s | BaseRaw=736.8 | CurrentRaw=729.8 | Change=7.0 => Floor
data,,736.8,729.8,7.0,729.8,Time=67.1s | BaseRaw=736.8 | CurrentRaw=729.8 | Change=7.0 => Floor
data,,736.8,729.0,7.8,729.0,Time=67.2s | BaseRaw=736.8 | CurrentRaw=729.0 | Change=7.8 => Floor
data,,736.8,729.2,7.6,729.2,Time=67.3s | BaseRaw=736.8 | CurrentRaw=729.2 | Change=7.6 => Floor
data,,736.8,730.0,6.8,730.0,Time=67.4s | BaseRaw=736.8 | CurrentRaw=730.0 | Change=6.8 => Floor
data,,736.8,729.6,7.2,729.6,Time=67.5s | BaseRaw=736.8 | CurrentRaw=729.6 | Change=7.2 => Floor
data,,736.8,729.0,7.8,729.0,Time=67.6s | BaseRaw=736.8 | CurrentRaw=729.0 | Change=7.8 => Floor
data,,736.8,729.4,7.4,729.4,Time=67.7s | BaseRaw=736.8 | CurrentRaw=729.4 | Change=7.4 => Floor
data,,736.8,729.8,7.0,729.8,Time=67.8s | BaseRaw=736.8 | CurrentRaw=729.8 | Change=7.0 => Floor
data,,736.8,729.4,7.4,729.4,Time=67.9s | BaseRaw=736.8 | CurrentRaw=729.4 | Change=7.4 => Floor
data,,736.8,729.0,7.8,729.0,Time=68.0s | BaseRaw=736.8 | CurrentRaw=729.0 | Change=7.8 => Floor
data,,736.8,729.6,7.2,729.6,Time=68.1s | BaseRaw=736.8 | CurrentRaw=729.6 | Change=7.2 => Floor
data,,736.8,730.2,6.6,730.2,Time=68.2s | BaseRaw=736.8 | CurrentRaw=730.2 | Change=6.6 => Floor
data,,736.8,729.6,7.2,729.6,Time=68.3s | BaseRaw=736.8 | CurrentRaw=729.6 | Change=7.2 => Floor
data,,736.8,729.2,7.6,729.2,Time=68.4s | BaseRaw=736.8 | CurrentRaw=729.2 | Change=7.6 => Floor
data,,736.8,730.0,6.8,730.0,Time=68.5s | BaseRaw=736.8 | CurrentRaw=730.0 | Change=6.8 => Floor
data,,736.8,730.2,6.6,730.2,Time=68.6s | BaseRaw=736.8 | CurrentRaw=730.2 | Change=6.6 => Floor
data,,736.8,729.2,7.6,729.2,Time=68.7s | BaseRaw=736.8 | CurrentRaw=729.2 | Change=7.6 => Floor
data,,736.8,729.2,7.6,729.2,Time=68.8s | BaseRaw=736.8 | CurrentRaw=729.2 | Change=7.6 => Floor
data,,736.8,730.2,6.6,730.2,Time=68.9s | BaseRaw=736.8 | CurrentRaw=730.2 | Change=6.6 => Floor
data,,736.8,729.8,7.0,729.8,Time=69.0s | BaseRaw=736.8 | CurrentRaw=729.8 | Change=7.0 => Floor
data,,736.8,729.0,7.8,729.0,Time=69.1s | BaseRaw=736.8 | CurrentRaw=729.0 | Change=7.8 => Floor
data,,736.8,729.4,7.4,729.4,Time=69.2s | BaseRaw=736.8 | CurrentRaw=729.4 | Change=7.4 => Floor
data,,736.8,730.2,6.6,730.2,Time=69.3s | BaseRaw=736.8 | CurrentRaw=730.2 | Change=6.6 => Floor
data,,736.8,729.4,7.4,729.4,Time=69.4s | BaseRaw=736.8 | CurrentRaw=729.4 | Change=7.4 => Floor
data,,736.8,728.8,8.0,728.8,Time=69.5s | BaseRaw=736.8 | CurrentRaw=728.8 | Change=8.0 => Floor
data,,736.8,729.8,7.0,729.8,Time=69.6s | BaseRaw=736.8 | CurrentRaw=729.8 | Change=7.0 => Floor
data,,736.8,730.2,6.6,730.2,Time=69.7s | BaseRaw=736.8 | CurrentRaw=730.2 | Change=6.6 => Floor
data,,736.8,729.2,7.6,729.2,Time=69.8s | BaseRaw=736.8 | CurrentRaw=729.2 | Change=7.6 => Floor
data,,736.8,729.0,7.8,729.0,Time=69.9s | BaseRaw=736.8 | CurrentRaw=729.0 | Change=7.8 => Floor
data,,736.8,730.0,6.8,730.0,Time=70.0s | BaseRaw=736.8 | CurrentRaw=730.0 | Change=6.8 => Floor
data,,736.8,729.6,7.2,729.6,Time=70.1s | BaseRaw=736.8 | CurrentRaw=729.6 | Change=7.2 => Floor
data,,736.8,728.6,8.2,728.6,Time=70.2s | BaseRaw=736.8 | CurrentRaw=728.6 | Change=8.2 => Floor
data,,736.8,729.0,7.8,729.0,Time=70.3s | BaseRaw=736.8 | CurrentRaw=729.0 | Change=7.8 => Floor
data,,736.8,730.0,6.8,730.0,Time=70.4s | BaseRaw=736.8 | CurrentRaw=730.0 | Change=6.8 => Floor
data,,736.8,729.4,7.4,729.4,Time=70.5s | BaseRaw=736.8 | CurrentRaw=729.4 | Change=7.4 => Floor
data,,736.8,729.0,7.8,729.0,Time=70.6s | BaseRaw=736.8 | CurrentRaw=729.0 | Change=7.8 => Floor
data,,736.8,729.8,7.0,729.8,Time=70.7s | BaseRaw=736.8 | CurrentRaw=729.8 | Change=7.0 => Floor
data,,736.8,730.4,6.4,730.4,Time=70.8s | BaseRaw=736.8 | CurrentRaw=730.4 | Change=6.4 => Floor
data,,736.8,729.4,7.4,729.4,Time=70.9s | BaseRaw=736.8 | CurrentRaw=729.4 | Change=7.4 => Floor
data,,736.8,729.0,7.8,729.0,Time=71.0s | BaseRaw=736.8 | CurrentRaw=729.0 | Change=7.8 => Floor
data,,736.8,729.6,7.2,729.6,Time=71.1s | BaseRaw=736.8 | CurrentRaw=729.6 | Change=7.2 => Floor
data,,736.8,729.8,7.0,729.8,Time=71.2s | BaseRaw=736.8 | CurrentRaw=729.8 | Change=7.0 => Floor
data,,736.8,728.6,8.2,728.6,Time=71.3s | BaseRaw=736.8 | CurrentRaw=728.6 | Change=8.2 => Floor
data,,736.8,728.8,8.0,728.8,Time=71.4s | BaseRaw=736.8 | CurrentRaw=728.8 | Change=8.0 => Floor
data,,736.8,729.8,7.0,729.8,Time=71.5s | BaseRaw=736.8 | CurrentRaw=729.8 | Change=7.0 => Floor
data,,736.8,729.6,7.2,729.6,Time=71.6s | BaseRaw=736.8 | CurrentRaw=729.6 | Change=7.2 => Floor
data,,736.8,728.6,8.2,728.6,Time=71.7s | BaseRaw=736.8 | CurrentRaw=728.6 | Change=8.2 => Floor
data,,736.8,729.2,7.6,729.2,Time=71.8s | BaseRaw=736.8 | CurrentRaw=729.2 | Change=7.6 => Floor
data,,736.8,729.8,7.0,729.8,Time=71.9s | BaseRaw=736.8 | CurrentRaw=729.8 | Change=7.0 => Floor
data,,736.8,729.2,7.6,729.2,Time=72.0s | BaseRaw=736.8 | CurrentRaw=729.2 | Change=7.6 => Floor
data,,736.8,728.6,8.2,728.6,Time=72.1s | BaseRaw=736.8 | CurrentRaw=728.6 | Change=8.2 => Floor
data,,736.8,729.4,7.4,729.4,Time=72.2s | BaseRaw=736.8 | CurrentRaw=729.4 | Change=7.4 => Floor
data,,736.8,730.0,6.8,730.0,Time=72.3s | BaseRaw=736.8 | CurrentRaw=730.0 | Change=6.8 => Floor
data,,736.8,728.8,8.0,728.8,Time=72.4s | BaseRaw=736.8 | CurrentRaw=728.8 | Change=8.0 => Floor
data,,736.8,727.6,9.2,727.6,Time=72.5s | BaseRaw=736.8 | CurrentRaw=727.6 | Change=9.2 => Floor
data,,736.8,728.0,8.8,728.0,Time=72.6s | BaseRaw=736.8 | CurrentRaw=728.0 | Change=8.8 => Floor
data,,736.8,728.0,8.8,728.0,Time=72.7s | BaseRaw=736.8 | CurrentRaw=728.0 | Change=8.8 => Floor
data,,736.8,726.4,10.4,726.4,Time=72.8s | BaseRaw=736.8 | CurrentRaw=726.4 | Change=10.4 => Liquid
data,,736.8,727.2,9.6,727.2,Time=72.9s | BaseRaw=736.8 | CurrentRaw=727.2 | Change=9.6 => Floor
data,,736.8,729.0,7.8,729.0,Time=73.0s | BaseRaw=736.8 | CurrentRaw=729.0 | Change=7.8 => Floor
data,,736.8,728.6,8.2,728.6,Time=73.1s | BaseRaw=736.8 | CurrentRaw=728.6 | Change=8.2 => Floor
data,,736.8,728.2,8.6,728.2,Time=73.2s | BaseRaw=736.8 | CurrentRaw=728.2 | Change=8.6 => Floor
data,,736.8,729.6,7.2,729.6,Time=73.3s | BaseRaw=736.8 | CurrentRaw=729.6 | Change=7.2 => Floor
data,,736.8,729.6,7.2,729.6,Time=73.4s | BaseRaw=736.8 | CurrentRaw=729.6 | Change=7.2 => Floor
data,,736.8,728.8,8.0,728.8,Time=73.5s | BaseRaw=736.8 | CurrentRaw=728.8 | Change=8.0 => Floor
data,,736.8,729.2,7.6,729.2,Time=73.6s | BaseRaw=736.8 | CurrentRaw=729.2 | Change=7.6 => Floor
data,,736.8,730.2,6.6,730.2,Time=73.7s | BaseRaw=736.8 | CurrentRaw=730.2 | Change=6.6 => Floor
data,,736.8,730.4,6.4,730.4,Time=73.8s | BaseRaw=736.8 | CurrentRaw=730.4 | Change=6.4 => Floor
data,,736.8,730.0,6.8,730.0,Time=73.9s | BaseRaw=736.8 | CurrentRaw=730.0 | Change=6.8 => Floor
data,,736.8,730.8,6.0,730.8,Time=74.0s | BaseRaw=736.8 | CurrentRaw=730.8 | Change=6.0 => Floor
data,,736.8,731.8,5.0,731.8,Time=74.1s | BaseRaw=736.8 | CurrentRaw=731.8 | Change=5.0 => Floor
data,,736.8,731.6,5.2,731.6,Time=74.2s | BaseRaw=736.8 | CurrentRaw=731.6 | Change=5.2 => Floor
data,,736.8,731.0,5.8,731.0,Time=74.3s | BaseRaw=736.8 | CurrentRaw=731.0 | Change=5.8 => Floor
data,,736.8,732.2,4.6,732.2,Time=74.4s | BaseRaw=736.8 | CurrentRaw=732.2 | Change=4.6 => Floor
data,,736.8,732.4,4.4,732.4,Time=74.5s | BaseRaw=736.8 | CurrentRaw=732.4 | Change=4.4 => Floor
data,,736.8,731.4,5.4,731.4,Time=74.6s | BaseRaw=736.8 | CurrentRaw=731.4 | Change=5.4 => Floor
data,,736.8,731.0,5.8,731.0,Time=74.7s | BaseRaw=736.8 | CurrentRaw=731.0 | Change=5.8 => Floor
data,,736.8,732.0,4.8,732.0,Time=74.8s | BaseRaw=736.8 | CurrentRaw=732.0 | Change=4.8 => Floor
data,,736.8,731.8,5.0,731.8,Time=74.9s | BaseRaw=736.8 | CurrentRaw=731.8 | Change=5.0 => Floor
data,,736.8,731.0,5.8,731.0,Time=75.0s | BaseRaw=736.8 | CurrentRaw=731.0 | Change=5.8 => Floor
data,,736.8,731.4,5.4,731.4,Time=75.1s | BaseRaw=736.8 | CurrentRaw=731.4 | Change=5.4 => Floor
data,,736.8,732.2,4.6,732.2,Time=75.2s | BaseRaw=736.8 | CurrentRaw=732.2 | Change=4.6 => Floor
data,,736.8,731.6,5.2,731.6,Time=75.3s | BaseRaw=736.8 | CurrentRaw=731.6 | Change=5.2 => Floor
data,,736.8,730.8,6.0,730.8,Time=75.4s | BaseRaw=736.8 | CurrentRaw=730.8 | Change=6.0 => Floor
data,,736.8,731.4,5.4,731.4,Time=75.5s | BaseRaw=736.8 | CurrentRaw=731.4 | Change=5.4 => Floor
data,,736.8,732.0,4.8,732.0,Time=75.6s | BaseRaw=736.8 | CurrentRaw=732.0 | Change=4.8 => Floor
data,,736.8,731.0,5.8,731.0,Time=75.7s | BaseRaw=736.8 | CurrentRaw=731.0 | Change=5.8 => Floor
data,,736.8,730.8,6.0,730.8,Time=75.8s | BaseRaw=736.8 | CurrentRaw=730.8 | Change=6.0 => Floor
data,,736.8,731.8,5.0,731.8,Time=75.9s | BaseRaw=736.8 | CurrentRaw=731.8 | Change=5.0 => Floor
data,,736.8,732.0,4.8,732.0,Time=76.0s | BaseRaw=736.8 | CurrentRaw=732.0 | Change=4.8 => Floor
data,,736.8,731.0,5.8,731.0,Time=76.1s | BaseRaw=736.8 | CurrentRaw=731.0 | Change=5.8 => Floor
data,,736.8,731.4,5.4,731.4,Time=76.2s | BaseRaw=736.8 | CurrentRaw=731.4 | Change=5.4 => Floor
data,,736.8,732.2,4.6,732.2,Time=76.3s | BaseRaw=736.8 | CurrentRaw=732.2 | Change=4.6 => Floor
data,,736.8,731.8,5.0,731.8,Time=76.4s | BaseRaw=736.8 | CurrentRaw=731.8 | Change=5.0 => Floor
data,,736.8,731.0,5.8,731.0,Time=76.5s | BaseRaw=736.8 | CurrentRaw=731.0 | Change=5.8 => Floor
data,,736.8,731.4,5.4,731.4,Time=76.6s | BaseRaw=736.8 | CurrentRaw=731.4 | Change=5.4 => Floor
data,,736.8,732.0,4.8,732.0,Time=76.7s | BaseRaw=736.8 | CurrentRaw=732.0 | Change=4.8 => Floor
data,,736.8,731.4,5.4,731.4,Time=76.8s | BaseRaw=736.8 | CurrentRaw=731.4 | Change=5.4 => Floor
data,,736.8,730.8,6.0,730.8,Time=76.9s | BaseRaw=736.8 | CurrentRaw=730.8 | Change=6.0 => Floor
data,,736.8,731.6,5.2,731.6,Time=77.0s | BaseRaw=736.8 | CurrentRaw=731.6 | Change=5.2 => Floor
data,,736.8,732.0,4.8,732.0,Time=77.1s | BaseRaw=736.8 | CurrentRaw=732.0 | Change=4.8 => Floor
data,,736.8,730.8,6.0,730.8,Time=77.2s | BaseRaw=736.8 | CurrentRaw=730.8 | Change=6.0 => Floor
data,,736.8,730.8,6.0,730.8,Time=77.3s | BaseRaw=736.8 | CurrentRaw=730.8 | Change=6.0 => Floor
data,,736.8,731.8,5.0,731.8,Time=77.4s | BaseRaw=736.8 | CurrentRaw=731.8 | Change=5.0 => Floor
data,,736.8,731.8,5.0,731.8,Time=77.5s | BaseRaw=736.8 | CurrentRaw=731.8 | Change=5.0 => Floor
data,,736.8,731.0,5.8,731.0,Time=77.6s | BaseRaw=736.8 | CurrentRaw=731.0 | Change=5.8 => Floor
data,,736.8,731.8,5.0,731.8,Time=77.7s | BaseRaw=736.8 | CurrentRaw=731.8 | Change=5.0 => Floor
data,,736.8,732.2,4.6,732.2,Time=77.8s | BaseRaw=736.8 | CurrentRaw=732.2 | Change=4.6 => Floor
data,,736.8,731.6,5.2,731.6,Time=77.9s | BaseRaw=736.8 | CurrentRaw=731.6 | Change=5.2 => Floor
data,,736.8,730.8,6.0,730.8,Time=78.0s | BaseRaw=736.8 | CurrentRaw=730.8 | Change=6.0 => Floor
data,,736.8,731.6,5.2,731.6,Time=78.1s | BaseRaw=736.8 | CurrentRaw=731.6 | Change=5.2 => Floor
data,,736.8,732.0,4.8,732.0,Time=78.2s | BaseRaw=736.8 | CurrentRaw=732.0 | Change=4.8 => Floor
data,,736.8,731.4,5.4,731.4,Time=78.3s | BaseRaw=736.8 | CurrentRaw=731.4 | Change=5.4 => Floor
data,,736.8,731.2,5.6,731.2,Time=78.4s | BaseRaw=736.8 | CurrentRaw=731.2 | Change=5.6 => Floor
data,,736.8,732.4,4.4,732.4,Time=78.5s | BaseRaw=736.8 | CurrentRaw=732.4 | Change=4.4 => Floor
data,,736.8,732.2,4.6,732.2,Time=78.6s | BaseRaw=736.8 | CurrentRaw=732.2 | Change=4.6 => Floor
data,,736.8,731.0,5.8,731.0,Time=78.7s | BaseRaw=736.8 | CurrentRaw=731.0 | Change=5.8 => Floor
data,,736.8,731.2,5.6,731.2,Time=78.8s | BaseRaw=736.8 | CurrentRaw=731.2 | Change=5.6 => Floor
data,,736.8,732.0,4.8,732.0,Time=78.9s | BaseRaw=736.8 | CurrentRaw=732.0 | Change=4.8 => Floor
data,,736.8,731.4,5.4,731.4,Time=79.0s | BaseRaw=736.8 | CurrentRaw=731.4 | Change=5.4 => Floor
data,,736.8,730.8,6.0,730.8,Time=79.1s | BaseRaw=736.8 | CurrentRaw=730.8 | Change=6.0 => Floor
data,,736.8,731.6,5.2,731.6,Time=79.2s | BaseRaw=736.8 | CurrentRaw=731.6 | Change=5.2 => Floor
data,,736.8,732.2,4.6,732.2,Time=79.3s | BaseRaw=736.8 | CurrentRaw=732.2 | Change=4.6 => Floor
data,,736.8,731.2,5.6,731.2,Time=79.4s | BaseRaw=736.8 | CurrentRaw=731.2 | Change=5.6 => Floor
data,,736.8,730.8,6.0,730.8,Time=79.5s | BaseRaw=736.8 | CurrentRaw=730.8 | Change=6.0 => Floor
data,,736.8,732.0,4.8,732.0,Time=79.6s | BaseRaw=736.8 | CurrentRaw=732.0 | Change=4.8 => Floor
data,,736.8,732.0,4.8,732.0,Time=79.7s | BaseRaw=736.8 | CurrentRaw=732.0 | Change=4.8 => Floor
data,,736.8,731.0,5.8,731.0,Time=79.8s | BaseRaw=736.8 | CurrentRaw=731.0 | Change=5.8 => Floor
data,,736.8,731.2,5.6,731.2,Time=79.9s | BaseRaw=736.8 | CurrentRaw=731.2 | Change=5.6 => Floor
data,,736.8,732.0,4.8,732.0,Time=80.0s | BaseRaw=736.8 | CurrentRaw=732.0 | Change=4.8 => Floor
data,,736.8,731.2,5.6,731.2,Time=80.1s | BaseRaw=736.8 | CurrentRaw=731.2 | Change=5.6 => Floor
data,,736.8,730.6,6.2,730.6,Time=80.2s | BaseRaw=736.8 | CurrentRaw=730.6 | Change=6.2 => Floor
data,,736.8,731.2,5.6,731.2,Time=80.3s | BaseRaw=736.8 | CurrentRaw=731.2 | Change=5.6 => Floor
data,,736.8,732.0,4.8,732.0,Time=80.4s | BaseRaw=736.8 | CurrentRaw=732.0 | Change=4.8 => Floor
data,,736.8,731.2,5.6,731.2,Time=80.5s | BaseRaw=736.8 | CurrentRaw=731.2 | Change=5.6 => Floor
data,,736.8,730.8,6.0,730.8,Time=80.6s | BaseRaw=736.8 | CurrentRaw=730.8 | Change=6.0 => Floor
data,,736.8,731.8,5.0,731.8,Time=80.7s | BaseRaw=736.8 | CurrentRaw=731.8 | Change=5.0 => Floor
data,,736.8,732.0,4.8,732.0,Time=80.8s | BaseRaw=736.8 | CurrentRaw=732.0 | Change=4.8 => Floor
data,,736.8,730.6,6.2,730.6,Time=80.9s | BaseRaw=736.8 | CurrentRaw=730.6 | Change=6.2 => Floor
data,,736.8,730.8,6.0,730.8,Time=81.0s | BaseRaw=736.8 | CurrentRaw=730.8 | Change=6.0 => Floor
data,,736.8,732.8,4.0,732.8,Time=81.1s | BaseRaw=736.8 | CurrentRaw=732.8 | Change=4.0 => Floor
data,,736.8,733.0,3.8,733.0,Time=81.2s | BaseRaw=736.8 | CurrentRaw=733.0 | Change=3.8 => Floor
data,,736.8,733.6,3.2,733.6,Time=81.3s | BaseRaw=736.8 | CurrentRaw=733.6 | Change=3.2 => Floor
data,,736.8,735.8,1.0,735.8,Time=81.4s | BaseRaw=736.8 | CurrentRaw=735.8 | Change=1.0 => Floor
data,,736.8,737.0,0.2,737.0,Time=81.5s | BaseRaw=736.8 | CurrentRaw=737.0 | Change=0.2 => Floor
data,,736.8,735.4,1.4,735.4,Time=81.6s | BaseRaw=736.8 | CurrentRaw=735.4 | Change=1.4 => Floor
data,,736.8,734.6,2.2,734.6,Time=81.7s | BaseRaw=736.8 | CurrentRaw=734.6 | Change=2.2 => Floor
data,,736.8,734.8,2.0,734.8,Time=81.8s | BaseRaw=736.8 | CurrentRaw=734.8 | Change=2.0 => Floor
data,,736.8,734.8,2.0,734.8,Time=81.9s | BaseRaw=736.8 | CurrentRaw=734.8 | Change=2.0 => Floor
data,,736.8,734.4,2.4,734.4,Time=82.0s | BaseRaw=736.8 | CurrentRaw=734.4 | Change=2.4 => Floor
data,,736.8,736.0,0.8,736.0,Time=82.1s | BaseRaw=736.8 | CurrentRaw=736.0 | Change=0.8 => Floor
data,,736.8,738.4,1.6,738.4,Time=82.2s | BaseRaw=736.8 | CurrentRaw=738.4 | Change=1.6 => Floor
data,,736.8,739.2,2.4,739.2,Time=82.3s | BaseRaw=736.8 | CurrentRaw=739.2 | Change=2.4 => Floor
data,,736.8,739.0,2.2,739.0,Time=82.4s | BaseRaw=736.8 | CurrentRaw=739.0 | Change=2.2 => Floor
data,,736.8,740.0,3.2,740.0,Time=82.5s | BaseRaw=736.8 | CurrentRaw=740.0 | Change=3.2 => Floor
data,,736.8,740.8,4.0,740.8,Time=82.6s | BaseRaw=736.8 | CurrentRaw=740.8 | Change=4.0 => Floor
data,,736.8,739.8,3.0,739.8,Time=82.7s | BaseRaw=736.8 | CurrentRaw=739.8 | Change=3.0 => Floor
data,,736.8,738.8,2.0,738.8,Time=82.8s | BaseRaw=736.8 | CurrentRaw=738.8 | Change=2.0 => Floor
data,,736.8,739.2,2.4,739.2,Time=82.9s | BaseRaw=736.8 | CurrentRaw=739.2 | Change=2.4 => Floor
data,,736.8,739.0,2.2,739.0,Time=83.0s | BaseRaw=736.8 | CurrentRaw=739.0 | Change=2.2 => Floor
data,,736.8,737.6,0.8,737.6,Time=83.1s | BaseRaw=736.8 | CurrentRaw=737.6 | Change=0.8 => Floor
data,,736.8,737.4,0.6,737.4,Time=83.2s | BaseRaw=736.8 | CurrentRaw=737.4 | Change=0.6 => Floor
data,,736.8,738.2,1.4,738.2,Time=83.3s | BaseRaw=736.8 | CurrentRaw=738.2 | Change=1.4 => Floor
data,,736.8,738.0,1.2,738.0,Time=83.4s | BaseRaw=736.8 | CurrentRaw=738.0 | Change=1.2 => Floor
data,,736.8,737.2,0.4,737.2,Time=83.5s | BaseRaw=736.8 | CurrentRaw=737.2 | Change=0.4 => Floor
data,,736.8,737.6,0.8,737.6,Time=83.6s | BaseRaw=736.8 | CurrentRaw=737.6 | Change=0.8 => Floor
data,,736.8,738.2,1.4,738.2,Time=83.7s | BaseRaw=736.8 | CurrentRaw=738.2 | Change=1.4 => Floor
data,,736.8,737.6,0.8,737.6,Time=83.8s | BaseRaw=736.8 | CurrentRaw=737.6 | Change=0.8 => Floor
data,,736.8,737.2,0.4,737.2,Time=83.9s | BaseRaw=736.8 | CurrentRaw=737.2 | Change=0.4 => Floor
data,,736.8,737.8,1.0,737.8,Time=84.0s | BaseRaw=736.8 | CurrentRaw=737.8 | Change=1.0 => Floor
data,,736.8,738.2,1.4,738.2,Time=84.1s | BaseRaw=736.8 | CurrentRaw=738.2 | Change=1.4 => Floor
data,,736.8,737.4,0.6,737.4,Time=84.2s | BaseRaw=736.8 | CurrentRaw=737.4 | Change=0.6 => Floor
data,,736.8,737.2,0.4,737.2,Time=84.3s | BaseRaw=736.8 | CurrentRaw=737.2 | Change=0.4 => Floor
data,,736.8,738.0,1.2,738.0,Time=84.4s | BaseRaw=736.8 | CurrentRaw=738.0 | Change=1.2 => Floor
data,,736.8,738.2,1.4,738.2,Time=84.5s | BaseRaw=736.8 | CurrentRaw=738.2 | Change=1.4 => Floor
data,,736.8,737.2,0.4,737.2,Time=84.6s | BaseRaw=736.8 | CurrentRaw=737.2 | Change=0.4 => Floor
data,,736.8,737.4,0.6,737.4,Time=84.7s | BaseRaw=736.8 | CurrentRaw=737.4 | Change=0.6 => Floor
data,,736.8,738.2,1.4,738.2,Time=84.8s | BaseRaw=736.8 | CurrentRaw=738.2 | Change=1.4 => Floor
data,,736.8,737.8,1.0,737.8,Time=84.9s | BaseRaw=736.8 | CurrentRaw=737.8 | Change=1.0 => Floor
data,,736.8,737.2,0.4,737.2,Time=85.0s | BaseRaw=736.8 | CurrentRaw=737.2 | Change=0.4 => Floor
data,,736.8,737.8,1.0,737.8,Time=85.1s | BaseRaw=736.8 | CurrentRaw=737.8 | Change=1.0 => Floor
data,,736.8,738.4,1.6,738.4,Time=85.2s | BaseRaw=736.8 | CurrentRaw=738.4 | Change=1.6 => Floor
data,,736.8,737.8,1.0,737.8,Time=85.3s | BaseRaw=736.8 | CurrentRaw=737.8 | Change=1.0 => Floor
data,,736.8,737.2,0.4,737.2,Time=85.4s | BaseRaw=736.8 | CurrentRaw=737.2 | Change=0.4 => Floor
data,,736.8,737.8,1.0,737.8,Time=85.5s | BaseRaw=736.8 | CurrentRaw=737.8 | Change=1.0 => Floor
data,,736.8,738.0,1.2,738.0,Time=85.6s | BaseRaw=736.8 | CurrentRaw=738.0 | Change=1.2 => Floor
data,,736.8,737.0,0.2,737.0,Time=85.7s | BaseRaw=736.8 | CurrentRaw=737.0 | Change=0.2 => Floor
data,,736.8,737.0,0.2,737.0,Time=85.8s | BaseRaw=736.8 | CurrentRaw=737.0 | Change=0.2 => Floor
data,,736.8,738.0,1.2,738.0,Time=85.9s | BaseRaw=736.8 | CurrentRaw=738.0 | Change=1.2 => Floor
data,,736.8,737.8,1.0,737.8,Time=86.0s | BaseRaw=736.8 | CurrentRaw=737.8 | Change=1.0 => Floor
data,,736.8,737.0,0.2,737.0,Time=86.1s | BaseRaw=736.8 | CurrentRaw=737.0 | Change=0.2 => Floor
data,,736.8,737.4,0.6,737.4,Time=86.2s | BaseRaw=736.8 | CurrentRaw=737.4 | Change=0.6 => Floor
data,,736.8,738.0,1.2,738.0,Time=86.3s | BaseRaw=736.8 | CurrentRaw=738.0 | Change=1.2 => Floor
data,,736.8,737.6,0.8,737.6,Time=86.4s | BaseRaw=736.8 | CurrentRaw=737.6 | Change=0.8 => Floor
data,,736.8,737.0,0.2,737.0,Time=86.5s | BaseRaw=736.8 | CurrentRaw=737.0 | Change=0.2 => Floor
data,,736.8,737.8,1.0,737.8,Time=86.6s | BaseRaw=736.8 | CurrentRaw=737.8 | Change=1.0 => Floor
data,,736.8,738.2,1.4,738.2,Time=86.7s | BaseRaw=736.8 | CurrentRaw=738.2 | Change=1.4 => Floor
data,,736.8,737.2,0.4,737.2,Time=86.8s | BaseRaw=736.8 | CurrentRaw=737.2 | Change=0.4 => Floor
data,,736.8,736.8,0.0,736.8,Time=86.9s | BaseRaw=736.8 | CurrentRaw=736.8 | Change=0.0 => Floor
data,,736.8,738.2,1.4,738.2,Time=87.0s | BaseRaw=736.8 | CurrentRaw=738.2 | Change=1.4 => Floor
data,,736.8,738.0,1.2,738.0,Time=87.1s | BaseRaw=736.8 | CurrentRaw=738.0 | Change=1.2 => Floor
data,,736.8,737.0,0.2,737.0,Time=87.2s | BaseRaw=736.8 | CurrentRaw=737.0 | Change=0.2 => Floor
data,,736.8,737.6,0.8,737.6,Time=87.3s | BaseRaw=736.8 | CurrentRaw=737.6 | Change=0.8 => Floor
data,,736.8,738.2,1.4,738.2,Time=87.4s | BaseRaw=736.8 | CurrentRaw=738.2 | Change=1.4 => Floor
data,,736.8,737.2,0.4,737.2,Time=87.5s | BaseRaw=736.8 | CurrentRaw=737.2 | Change=0.4 => Floor
data,,736.8,736.8,0.0,736.8,Time=87.6s | BaseRaw=736.8 | CurrentRaw=736.8 | Change=0.0 => Floor
data,,736.8,738.2,1.4,738.2,Time=87.7s | BaseRaw=736.8 | CurrentRaw=738.2 | Change=1.4 => Floor
data,,736.8,739.0,2.2,739.0,Time=87.8s | BaseRaw=736.8 | CurrentRaw=739.0 | Change=2.2 => Floor
data,,736.8,738.6,1.8,738.6,Time=87.9s | BaseRaw=736.8 | CurrentRaw=738.6 | Change=1.8 => Floor
data,,736.8,739.0,2.2,739.0,Time=88.0s | BaseRaw=736.8 | CurrentRaw=739.0 | Change=2.2 => Floor
data,,736.8,740.2,3.4,740.2,Time=88.1s | BaseRaw=736.8 | CurrentRaw=740.2 | Change=3.4 => Floor
data,,736.8,739.8,3.0,739.8,Time=88.2s | BaseRaw=736.8 | CurrentRaw=739.8 | Change=3.0 => Floor
data,,736.8,738.8,2.0,738.8,Time=88.3s | BaseRaw=736.8 | CurrentRaw=738.8 | Change=2.0 => Floor
data,,736.8,739.4,2.6,739.4,Time=88.4s | BaseRaw=736.8 | CurrentRaw=739.4 | Change=2.6 => Floor
data,,736.8,740.0,3.2,740.0,Time=88.5s | BaseRaw=736.8 | CurrentRaw=740.0 | Change=3.2 => Floor
data,,736.8,739.4,2.6,739.4,Time=88.6s | BaseRaw=736.8 | CurrentRaw=739.4 | Change=2.6 => Floor
data,,736.8,739.0,2.2,739.0,Time=88.7s | BaseRaw=736.8 | CurrentRaw=739.0 | Change=2.2 => Floor
data,,736.8,739.6,2.8,739.6,Time=88.8s | BaseRaw=736.8 | CurrentRaw=739.6 | Change=2.8 => Floor
data,,736.8,739.8,3.0,739.8,Time=88.9s | BaseRaw=736.8 | CurrentRaw=739.8 | Change=3.0 => Floor
data,,736.8,738.6,1.8,738.6,Time=89.0s | BaseRaw=736.8 | CurrentRaw=738.6 | Change=1.8 => Floor
data,,736.8,738.4,1.6,738.4,Time=89.1s | BaseRaw=736.8 | CurrentRaw=738.4 | Change=1.6 => Floor
data,,736.8,739.2,2.4,739.2,Time=89.2s | BaseRaw=736.8 | CurrentRaw=739.2 | Change=2.4 => Floor
data,,736.8,739.4,2.6,739.4,Time=89.3s | BaseRaw=736.8 | CurrentRaw=739.4 | Change=2.6 => Floor
data,,736.8,739.0,2.2,739.0,Time=89.4s | BaseRaw=736.8 | CurrentRaw=739.0 | Change=2.2 => Floor
data,,736.8,739.8,3.0,739.8,Time=89.5s | BaseRaw=736.8 | CurrentRaw=739.8 | Change=3.0 => Floor
data,,736.8,741.0,4.2,741.0,Time=89.6s | BaseRaw=736.8 | CurrentRaw=741.0 | Change=4.2 => Floor
data,,736.8,741.0,4.2,741.0,Time=89.7s | BaseRaw=736.8 | CurrentRaw=741.0 | Change=4.2 => Floor
data,,736.8,741.0,4.2,741.0,Time=89.8s | BaseRaw=736.8 | CurrentRaw=741.0 | Change=4.2 => Floor
data,,736.8,742.4,5.6,742.4,Time=89.9s | BaseRaw=736.8 | CurrentRaw=742.4 | Change=5.6 => Floor
data,,736.8,744.0,7.2,744.0,Time=90.0s | BaseRaw=736.8 | CurrentRaw=744.0 | Change=7.2 => Floor
data,,736.8,743.8,7.0,743.8,Time=90.1s | BaseRaw=736.8 | CurrentRaw=743.8 | Change=7.0 => Floor
data,,736.8,744.2,7.4,744.2,Time=90.2s | BaseRaw=736.8 | CurrentRaw=744.2 | Change=7.4 => Floor
data,,736.8,745.2,8.4,745.2,Time=90.3s | BaseRaw=736.8 | CurrentRaw=745.2 | Change=8.4 => Floor
data,,736.8,745.0,8.2,745.0,Time=90.4s | BaseRaw=736.8 | CurrentRaw=745.0 | Change=8.2 => Floor
data,,736.8,743.4,6.6,743.4,Time=90.5s | BaseRaw=736.8 | CurrentRaw=743.4 | Change=6.6 => Floor
data,,736.8,743.6,6.8,743.6,Time=90.6s | BaseRaw=736.8 | CurrentRaw=743.6 | Change=6.8 => Floor
data,,736.8,744.2,7.4,744.2,Time=90.7s | BaseRaw=736.8 | CurrentRaw=744.2 | Change=7.4 => Floor
data,,736.8,743.8,7.0,743.8,Time=90.8s | BaseRaw=736.8 | CurrentRaw=743.8 | Change=7.0 => Floor
data,,736.8,743.2,6.4,743.2,Time=90.9s | BaseRaw=736.8 | CurrentRaw=743.2 | Change=6.4 => Floor
data,,736.8,744.2,7.4,744.2,Time=91.0s | BaseRaw=736.8 | CurrentRaw=744.2 | Change=7.4 => Floor
data,,736.8,744.4,7.6,744.4,Time=91.1s | BaseRaw=736.8 | CurrentRaw=744.4 | Change=7.6 => Floor
data,,736.8,744.0,7.2,744.0,Time=91.2s | BaseRaw=736.8 | CurrentRaw=744.0 | Change=7.2 => Floor
data,,736.8,743.8,7.0,743.8,Time=91.3s | BaseRaw=736.8 | CurrentRaw=743.8 | Change=7.0 => Floor
data,,736.8,744.2,7.4,744.2,Time=91.4s | BaseRaw=736.8 | CurrentRaw=744.2 | Change=7.4 => Floor
data,,736.8,744.4,7.6,744.4,Time=91.5s | BaseRaw=736.8 | CurrentRaw=744.4 | Change=7.6 => Floor
data,,736.8,744.0,7.2,744.0,Time=91.6s | BaseRaw=736.8 | CurrentRaw=744.0 | Change=7.2 => Floor
data,,736.8,743.8,7.0,743.8,Time=91.7s | BaseRaw=736.8 | CurrentRaw=743.8 | Change=7.0 => Floor
data,,736.8,744.4,7.6,744.4,Time=91.8s | BaseRaw=736.8 | CurrentRaw=744.4 | Change=7.6 => Floor
data,,736.8,744.4,7.6,744.4,Time=91.9s | BaseRaw=736.8 | CurrentRaw=744.4 | Change=7.6 => Floor
data,,736.8,743.6,6.8,743.6,Time=92.0s | BaseRaw=736.8 | CurrentRaw=743.6 | Change=6.8 => Floor
data,,736.8,743.8,7.0,743.8,Time=92.1s | BaseRaw=736.8 | CurrentRaw=743.8 | Change=7.0 => Floor
data,,736.8,744.4,7.6,744.4,Time=92.2s | BaseRaw=736.8 | CurrentRaw=744.4 | Change=7.6 => Floor
data,,736.8,744.0,7.2,744.0,Time=92.3s | BaseRaw=736.8 | CurrentRaw=744.0 | Change=7.2 => Floor
data,,736.8,743.6,6.8,743.6,Time=92.4s | BaseRaw=736.8 | CurrentRaw=743.6 | Change=6.8 => Floor
data,,736.8,744.0,7.2,744.0,Time=92.5s | BaseRaw=736.8 | CurrentRaw=744.0 | Change=7.2 => Floor
data,,736.8,744.2,7.4,744.2,Time=92.6s | BaseRaw=736.8 | CurrentRaw=744.2 | Change=7.4 => Floor
data,,736.8,743.4,6.6,743.4,Time=92.7s | BaseRaw=736.8 | CurrentRaw=743.4 | Change=6.6 => Floor
data,,736.8,743.2,6.4,743.2,Time=92.8s | BaseRaw=736.8 | CurrentRaw=743.2 | Change=6.4 => Floor
data,,736.8,744.0,7.2,744.0,Time=92.9s | BaseRaw=736.8 | CurrentRaw=744.0 | Change=7.2 => Floor
data,,736.8,744.0,7.2,744.0,Time=93.0s | BaseRaw=736.8 | CurrentRaw=744.0 | Change=7.2 => Floor
data,,736.8,743.4,6.6,743.4,Time=93.1s | BaseRaw=736.8 | CurrentRaw=743.4 | Change=6.6 => Floor
data,,736.8,743.6,6.8,743.6,Time=93.2s | BaseRaw=736.8 | CurrentRaw=743.6 | Change=6.8 => Floor
data,,736.8,744.2,7.4,744.2,Time=93.3s | BaseRaw=736.8 | CurrentRaw=744.2 | Change=7.4 => Floor
data,,736.8,743.8,7.0,743.8,Time=93.4s | BaseRaw=736.8 | CurrentRaw=743.8 | Change=7.0 => Floor
data,,736.8,743.6,6.8,743.6,Time=93.5s | BaseRaw=736.8 | CurrentRaw=743.6 | Change=6.8 => Floor
data,,736.8,744.0,7.2,744.0,Time=93.6s | BaseRaw=736.8 | CurrentRaw=744.0 | Change=7.2 => Floor
data,,736.8,744.6,7.8,744.6,Time=93.7s | BaseRaw=736.8 | CurrentRaw=744.6 | Change=7.8 => Floor
data,,736.8,744.0,7.2,744.0,Time=93.8s | BaseRaw=736.8 | CurrentRaw=744.0 | Change=7.2 => Floor
data,,736.8,743.6,6.8,743.6,Time=93.9s | BaseRaw=736.8 | CurrentRaw=743.6 | Change=6.8 => Floor
data,,736.8,744.0,7.2,744.0,Time=94.0s | BaseRaw=736.8 | CurrentRaw=744.0 | Change=7.2 => Floor
data,,736.8,744.2,7.4,744.2,Time=94.1s | BaseRaw=736.8 | CurrentRaw=744.2 | Change=7.4 => Floor
data,,736.8,743.4,6.6,743.4,Time=94.2s | BaseRaw=736.8 | CurrentRaw=743.4 | Change=6.6 => Floor
data,,736.8,743.4,6.6,743.4,Time=94.3s | BaseRaw=736.8 | CurrentRaw=743.4 | Change=6.6 => Floor
data,,736.8,744.4,7.6,744.4,Time=94.4s | BaseRaw=736.8 | CurrentRaw=744.4 | Change=7.6 => Floor
data,,736.8,744.2,7.4,744.2,Time=94.5s | BaseRaw=736.8 | CurrentRaw=744.2 | Change=7.4 => Floor
data,,736.8,743.6,6.8,743.6,Time=94.6s | BaseRaw=736.8 | CurrentRaw=743.6 | Change=6.8 => Floor
data,,736.8,744.0,7.2,744.0,Time=94.7s | BaseRaw=736.8 | CurrentRaw=744.0 | Change=7.2 => Floor
data,,736.8,744.6,7.8,744.6,Time=94.8s | BaseRaw=736.8 | CurrentRaw=744.6 | Change=7.8 => Floor
data,,736.8,744.0,7.2,744.0,Time=94.9s | BaseRaw=736.8 | CurrentRaw=744.0 | Change=7.2 => Floor
data,,736.8,743.8,7.0,743.8,Time=95.0s | BaseRaw=736.8 | CurrentRaw=743.8 | Change=7.0 => Floor
data,,736.8,744.4,7.6,744.4,Time=95.1s | BaseRaw=736.8 | CurrentRaw=744.4 | Change=7.6 => Floor
data,,736.8,744.8,8.0,744.8,Time=95.2s | BaseRaw=736.8 | CurrentRaw=744.8 | Change=8.0 => Floor
data,,736.8,744.0,7.2,744.0,Time=95.3s | BaseRaw=736.8 | CurrentRaw=744.0 | Change=7.2 => Floor
data,,736.8,743.8,7.0,743.8,Time=95.4s | BaseRaw=736.8 | CurrentRaw=743.8 | Change=7.0 => Floor
data,,736.8,744.4,7.6,744.4,Time=95.5s | BaseRaw=736.8 | CurrentRaw=744.4 | Change=7.6 => Floor
data,,736.8,744.4,7.6,744.4,Time=95.6s | BaseRaw=736.8 | CurrentRaw=744.4 | Change=7.6 => Floor
data,,736.8,743.4,6.6,743.4,Time=95.7s | BaseRaw=736.8 | CurrentRaw=743.4 | Change=6.6 => Floor
data,,736.8,743.6,6.8,743.6,Time=95.8s | BaseRaw=736.8 | CurrentRaw=743.6 | Change=6.8 => Floor
data,,736.8,744.2,7.4,744.2,Time=95.9s | BaseRaw=736.8 | CurrentRaw=744.2 | Change=7.4 => Floor
data,,736.8,743.6,6.8,743.6,Time=96.0s | BaseRaw=736.8 | CurrentRaw=743.6 | Change=6.8 => Floor
data,,736.8,743.0,6.2,743.0,Time=96.1s | BaseRaw=736.8 | CurrentRaw=743.0 | Change=6.2 => Floor
data,,736.8,743.8,7.0,743.8,Time=96.2s | BaseRaw=736.8 | CurrentRaw=743.8 | Change=7.0 => Floor
data,,736.8,744.4,7.6,744.4,Time=96.3s | BaseRaw=736.8 | CurrentRaw=744.4 | Change=7.6 => Floor
data,,736.8,743.4,6.6,743.4,Time=96.4s | BaseRaw=736.8 | CurrentRaw=743.4 | Change=6.6 => Floor
data,,736.8,743.4,6.6,743.4,Time=96.5s | BaseRaw=736.8 | CurrentRaw=743.4 | Change=6.6 => Floor
data,,736.8,744.4,7.6,744.4,Time=96.6s | BaseRaw=736.8 | CurrentRaw=744.4 | Change=7.6 => Floor
data,,736.8,744.4,7.6,744.4,Time=96.7s | BaseRaw=736.8 | CurrentRaw=744.4 | Change=7.6 => Floor
data,,736.8,743.6,6.8,743.6,Time=96.8s | BaseRaw=736.8 | CurrentRaw=743.6 | Change=6.8 => Floor
data,,736.8,744.2,7.4,744.2,Time=96.9s | BaseRaw=736.8 | CurrentRaw=744.2 | Change=7.4 => Floor
data,,736.8,746.2,9.4,746.2,Time=97.0s | BaseRaw=736.8 | CurrentRaw=746.2 | Change=9.4 => Floor
data,,736.8,746.2,9.4,746.2,Time=97.1s | BaseRaw=736.8 | CurrentRaw=746.2 | Change=9.4 => Floor
data,,736.8,745.4,8.6,745.4,Time=97.2s | BaseRaw=736.8 | CurrentRaw=745.4 | Change=8.6 => Floor
data,,736.8,744.0,7.2,744.0,Time=97.3s | BaseRaw=736.8 | CurrentRaw=744.0 | Change=7.2 => Floor
data,,736.8,741.4,4.6,741.4,Time=97.4s | BaseRaw=736.8 | CurrentRaw=741.4 | Change=4.6 => Floor
data,,736.8,735.0,1.8,735.0,Time=97.5s | BaseRaw=736.8 | CurrentRaw=735.0 | Change=1.8 => Floor
data,,736.8,728.6,8.2,728.6,Time=97.6s | BaseRaw=736.8 | CurrentRaw=728.6 | Change=8.2 => Floor
data,,736.8,724.0,12.8,724.0,Time=97.7s | BaseRaw=736.8 | CurrentRaw=724.0 | Change=12.8 => Liquid
data,,736.8,720.4,16.4,720.4,Time=97.8s | BaseRaw=736.8 | CurrentRaw=720.4 | Change=16.4 => Liquid
data,,736.8,717.8,19.0,717.8,Time=97.9s | BaseRaw=736.8 | CurrentRaw=717.8 | Change=19.0 => Liquid
data,,736.8,718.0,18.8,718.0,Time=98.0s | BaseRaw=736.8 | CurrentRaw=718.0 | Change=18.8 => Liquid
data,,736.8,718.8,18.0,718.8,Time=98.1s | BaseRaw=736.8 | CurrentRaw=718.8 | Change=18.0 => Liquid
data,,736.8,720.8,16.0,720.8,Time=98.2s | BaseRaw=736.8 | CurrentRaw=720.8 | Change=16.0 => Liquid
data,,736.8,723.2,13.6,723.2,Time=98.3s | BaseRaw=736.8 | CurrentRaw=723.2 | Change=13.6 => Liquid
data,,736.8,725.4,11.4,725.4,Time=98.4s | BaseRaw=736.8 | CurrentRaw=725.4 | Change=11.4 => Liquid
data,,736.8,727.8,9.0,727.8,Time=98.5s | BaseRaw=736.8 | CurrentRaw=727.8 | Change=9.0 => Floor
data,,736.8,730.2,6.6,730.2,Time=98.6s | BaseRaw=736.8 | CurrentRaw=730.2 | Change=6.6 => Floor
data,,736.8,730.4,6.4,730.4,Time=98.7s | BaseRaw=736.8 | CurrentRaw=730.4 | Change=6.4 => Floor
data,,736.8,731.2,5.6,731.2,Time=98.8s | BaseRaw=736.8 | CurrentRaw=731.2 | Change=5.6 => Floor
data,,736.8,732.0,4.8,732.0,Time=98.9s | BaseRaw=736.8 | CurrentRaw=732.0 | Change=4.8 => Floor
data,,736.8,730.8,6.0,730.8,Time=99.0s | BaseRaw=736.8 | CurrentRaw=730.8 | Change=6.0 => Floor
data,,736.8,730.6,6.2,730.6,Time=99.1s | BaseRaw=736.8 | CurrentRaw=730.6 | Change=6.2 => Floor
data,,736.8,731.6,5.2,731.6,Time=99.2s | BaseRaw=736.8 | CurrentRaw=731.6 | Change=5.2 => Floor
data,,736.8,731.2,5.6,731.2,Time=99.3s | BaseRaw=736.8 | CurrentRaw=731.2 | Change=5.6 => Floor
data,,736.8,730.2,6.6,730.2,Time=99.4s | BaseRaw=736.8 | CurrentRaw=730.2 | Change=6.6 => Floor
data,,736.8,730.8,6.0,730.8,Time=99.5s | BaseRaw=736.8 | CurrentRaw=730.8 | Change=6.0 => Floor
data,,736.8,731.6,5.2,731.6,Time=99.6s | BaseRaw=736.8 | CurrentRaw=731.6 | Change=5.2 => Floor
data,,736.8,731.0,5.8,731.0,Time=99.7s | BaseRaw=736.8 | CurrentRaw=731.0 | Change=5.8 => Floor
data,,736.8,730.6,6.2,730.6,Time=99.8s | BaseRaw=736.8 | CurrentRaw=730.6 | Change=6.2 => Floor
data,,736.8,731.2,5.6,731.2,Time=99.9s | BaseRaw=736.8 | CurrentRaw=731.2 | Change=5.6 => Floor
data,,736.8,731.6,5.2,731.6,Time=100.0s | BaseRaw=736.8 | CurrentRaw=731.6 | Change=5.2 => Floor
data,,736.8,730.4,6.4,730.4,Time=100.1s | BaseRaw=736.8 | CurrentRaw=730.4 | Change=6.4 => Floor
data,,736.8,730.4,6.4,730.4,Time=100.2s | BaseRaw=736.8 | CurrentRaw=730.4 | Change=6.4 => Floor
data,,736.8,731.2,5.6,731.2,Time=100.3s | BaseRaw=736.8 | CurrentRaw=731.2 | Change=5.6 => Floor
data,,736.8,730.6,6.2,730.6,Time=100.4s | BaseRaw=736.8 | CurrentRaw=730.6 | Change=6.2 => Floor
data,,736.8,730.2,6.6,730.2,Time=100.5s | BaseRaw=736.8 | CurrentRaw=730.2 | Change=6.6 => Floor
data,,736.8,731.2,5.6,731.2,Time=100.6s | BaseRaw=736.8 | CurrentRaw=731.2 | Change=5.6 => Floor
data,,736.8,730.6,6.2,730.6,Time=100.7s | BaseRaw=736.8 | CurrentRaw=730.6 | Change=6.2 => Floor
data,,736.8,730.2,6.6,730.2,Time=100.8s | BaseRaw=736.8 | CurrentRaw=730.2 | Change=6.6 => Floor
data,,736.8,731.0,5.8,731.0,Time=100.9s | BaseRaw=736.8 | CurrentRaw=731.0 | Change=5.8 => Floor
data,,736.8,730.6,6.2,730.6,Time=101.0s | BaseRaw=736.8 | CurrentRaw=730.6 | Change=6.2 => Floor
data,,736.8,730.0,6.8,730.0,Time=101.1s | BaseRaw=736.8 | CurrentRaw=730.0 | Change=6.8 => Floor
data,,736.8,731.0,5.8,731.0,Time=101.2s | BaseRaw=736.8 | CurrentRaw=731.0 | Change=5.8 => Floor
data,,736.8,730.6,6.2,730.6,Time=101.3s | BaseRaw=736.8 | CurrentRaw=730.6 | Change=6.2 => Floor
data,,736.8,730.2,6.6,730.2,Time=101.4s | BaseRaw=736.8 | CurrentRaw=730.2 | Change=6.6 => Floor
data,,736.8,731.2,5.6,731.2,Time=101.5s | BaseRaw=736.8 | CurrentRaw=731.2 | Change=5.6 => Floor
data,,736.8,730.8,6.0,730.8,Time=101.6s | BaseRaw=736.8 | CurrentRaw=730.8 | Change=6.0 => Floor
data,,736.8,730.4,6.4,730.4,Time=101.7s | BaseRaw=736.8 | CurrentRaw=730.4 | Change=6.4 => Floor
data,,736.8,731.2,5.6,731.2,Time=101.8s | BaseRaw=736.8 | CurrentRaw=731.2 | Change=5.6 => Floor
data,,736.8,731.0,5.8,731.0,Time=101.9s | BaseRaw=736.8 | CurrentRaw=731.0 | Change=5.8 => Floor
data,,736.8,730.2,6.6,730.2,Time=102.0s | BaseRaw=736.8 | CurrentRaw=730.2 | Change=6.6 => Floor
data,,736.8,731.2,5.6,731.2,Time=102.1s | BaseRaw=736.8 | CurrentRaw=731.2 | Change=5.6 => Floor
data,,736.8,731.0,5.8,731.0,Time=102.2s | BaseRaw=736.8 | CurrentRaw=731.0 | Change=5.8 => Floor
data,,736.8,730.4,6.4,730.4,Time=102.3s | BaseRaw=736.8 | CurrentRaw=730.4 | Change=6.4 => Floor
data,,736.8,731.2,5.6,731.2,Time=102.4s | BaseRaw=736.8 | CurrentRaw=731.2 | Change=5.6 => Floor
data,,736.8,731.0,5.8,731.0,Time=102.5s | BaseRaw=736.8 | CurrentRaw=731.0 | Change=5.8 => Floor
data,,736.8,730.4,6.4,730.4,Time=102.6s | BaseRaw=736.8 | CurrentRaw=730.4 | Change=6.4 => Floor
data,,736.8,730.8,6.0,730.8,Time=102.7s | BaseRaw=736.8 | CurrentRaw=730.8 | Change=6.0 => Floor
data,,736.8,730.6,6.2,730.6,Time=102.8s | BaseRaw=736.8 | CurrentRaw=730.6 | Change=6.2 => Floor
data,,736.8,730.0,6.8,730.0,Time=102.9s | BaseRaw=736.8 | CurrentRaw=730.0 | Change=6.8 => Floor
data,,736.8,730.6,6.2,730.6,Time=103.0s | BaseRaw=736.8 | CurrentRaw=730.6 | Change=6.2 => Floor
data,,736.8,730.2,6.6,730.2,Time=103.1s | BaseRaw=736.8 | CurrentRaw=730.2 | Change=6.6 => Floor
data,,736.8,730.0,6.8,730.0,Time=103.2s | BaseRaw=736.8 | CurrentRaw=730.0 | Change=6.8 => Floor
data,,736.8,731.0,5.8,731.0,Time=103.3s | BaseRaw=736.8 | CurrentRaw=731.0 | Change=5.8 => Floor
data,,736.8,730.8,6.0,730.8,Time=103.4s | BaseRaw=736.8 | CurrentRaw=730.8 | Change=6.0 => Floor
data,,736.8,730.8,6.0,730.8,Time=103.5s | BaseRaw=736.8 | CurrentRaw=730.8 | Change=6.0 => Floor
data,,736.8,732.0,4.8,732.0,Time=103.6s | BaseRaw=736.8 | CurrentRaw=732.0 | Change=4.8 => Floor
data,,736.8,732.0,4.8,732.0,Time=103.7s | BaseRaw=736.8 | CurrentRaw=732.0 | Change=4.8 => Floor
data,,736.8,731.6,5.2,731.6,Time=103.8s | BaseRaw=736.8 | CurrentRaw=731.6 | Change=5.2 => Floor
data,,736.8,732.6,4.2,732.6,Time=103.9s | BaseRaw=736.8 | CurrentRaw=732.6 | Change=4.2 => Floor
data,,736.8,733.0,3.8,733.0,Time=104.0s | BaseRaw=736.8 | CurrentRaw=733.0 | Change=3.8 => Floor
data,,736.8,734.4,2.4,734.4,Time=104.1s | BaseRaw=736.8 | CurrentRaw=734.4 | Change=2.4 => Floor
data,,736.8,738.6,1.8,738.6,Time=104.2s | BaseRaw=736.8 | CurrentRaw=738.6 | Change=1.8 => Floor
data,,736.8,743.0,6.2,743.0,Time=104.3s | BaseRaw=736.8 | CurrentRaw=743.0 | Change=6.2 => Floor
data,,736.8,747.0,10.2,747.0,Time=104.4s | BaseRaw=736.8 | CurrentRaw=747.0 | Change=10.2 => Liquid
data,,736.8,751.8,15.0,751.8,Time=104.5s | BaseRaw=736.8 | CurrentRaw=751.8 | Change=15.0 => Liquid
data,,736.8,754.2,17.4,754.2,Time=104.6s | BaseRaw=736.8 | CurrentRaw=754.2 | Change=17.4 => Liquid
data,,736.8,755.4,18.6,755.4,Time=104.7s | BaseRaw=736.8 | CurrentRaw=755.4 | Change=18.6 => Liquid
data,,736.8,754.8,18.0,754.8,Time=104.8s | BaseRaw=736.8 | CurrentRaw=754.8 | Change=18.0 => Liquid
data,,736.8,755.0,18.2,755.0,Time=104.9s | BaseRaw=736.8 | CurrentRaw=755.0 | Change=18.2 => Liquid
data,,736.8,753.4,16.6,753.4,Time=105.0s | BaseRaw=736.8 | CurrentRaw=753.4 | Change=16.6 => Liquid
data,,736.8,753.6,16.8,753.6,Time=105.1s | BaseRaw=736.8 | CurrentRaw=753.6 | Change=16.8 => Liquid
data,,736.8,752.6,15.8,752.6,Time=105.2s | BaseRaw=736.8 | CurrentRaw=752.6 | Change=15.8 => Liquid
data,,736.8,753.0,16.2,753.0,Time=105.3s | BaseRaw=736.8 | CurrentRaw=753.0 | Change=16.2 => Liquid
data,,736.8,752.6,15.8,752.6,Time=105.4s | BaseRaw=736.8 | CurrentRaw=752.6 | Change=15.8 => Liquid
data,,736.8,753.0,16.2,753.0,Time=105.5s | BaseRaw=736.8 | CurrentRaw=753.0 | Change=16.2 => Liquid
data,,736.8,753.2,16.4,753.2,Time=105.6s | BaseRaw=736.8 | CurrentRaw=753.2 | Change=16.4 => Liquid
data,,736.8,753.0,16.2,753.0,Time=105.7s | BaseRaw=736.8 | CurrentRaw=753.0 | Change=16.2 => Liquid
data,,736.8,753.4,16.6,753.4,Time=105.8s | BaseRaw=736.8 | CurrentRaw=753.4 | Change=16.6 => Liquid
data,,736.8,752.8,16.0,752.8,Time=105.9s | BaseRaw=736.8 | CurrentRaw=752.8 | Change=16.0 => Liquid
data,,736.8,753.4,16.6,753.4,Time=106.0s | BaseRaw=736.8 | CurrentRaw=753.4 | Change=16.6 => Liquid
data,,736.8,752.8,16.0,752.8,Time=106.1s | BaseRaw=736.8 | CurrentRaw=752.8 | Change=16.0 => Liquid
data,,736.8,753.4,16.6,753.4,Time=106.2s | BaseRaw=736.8 | CurrentRaw=753.4 | Change=16.6 => Liquid
data,,736.8,752.8,16.0,752.8,Time=106.3s | BaseRaw=736.8 | CurrentRaw=752.8 | Change=16.0 => Liquid
data,,736.8,753.4,16.6,753.4,Time=106.4s | BaseRaw=736.8 | CurrentRaw=753.4 | Change=16.6 => Liquid
data,,736.8,753.2,16.4,753.2,Time=106.5s | BaseRaw=736.8 | CurrentRaw=753.2 | Change=16.4 => Liquid
data,,736.8,753.4,16.6,753.4,Time=106.6s | BaseRaw=736.8 | CurrentRaw=753.4 | Change=16.6 => Liquid
data,,736.8,753.4,16.6,753.4,Time=106.7s | BaseRaw=736.8 | CurrentRaw=753.4 | Change=16.6 => Liquid
data,,736.8,753.2,16.4,753.2,Time=106.8s | BaseRaw=736.8 | CurrentRaw=753.2 | Change=16.4 => Liquid
data,,736.8,753.4,16.6,753.4,Time=106.9s | BaseRaw=736.8 | CurrentRaw=753.4 | Change=16.6 => Liquid
data,,736.8,752.8,16.0,752.8,Time=107.0s | BaseRaw=736.8 | CurrentRaw=752.8 | Change=16.0 => Liquid
data,,736.8,753.2,16.4,753.2,Time=107.1s | BaseRaw=736.8 | CurrentRaw=753.2 | Change=16.4 => Liquid
data,,736.8,752.4,15.6,752.4,Time=107.2s | BaseRaw=736.8 | CurrentRaw=752.4 | Change=15.6 => Liquid
data,,736.8,753.0,16.2,753.0,Time=107.3s | BaseRaw=736.8 | CurrentRaw=753.0 | Change=16.2 => Liquid
data,,736.8,752.8,16.0,752.8,Time=107.4s | BaseRaw=736.8 | CurrentRaw=752.8 | Change=16.0 => Liquid
data,,736.8,753.4,16.6,753.4,Time=107.5s | BaseRaw=736.8 | CurrentRaw=753.4 | Change=16.6 => Liquid
data,,736.8,753.2,16.4,753.2,Time=107.6s | BaseRaw=736.8 | CurrentRaw=753.2 | Change=16.4 => Liquid
data,,736.8,753.6,16.8,753.6,Time=107.7s | BaseRaw=736.8 | CurrentRaw=753.6 | Change=16.8 => Liquid
data,,736.8,753.6,16.8,753.6,Time=107.8s | BaseRaw=736.8 | CurrentRaw=753.6 | Change=16.8 => Liquid
data,,736.8,753.2,16.4,753.2,Time=107.9s | BaseRaw=736.8 | CurrentRaw=753.2 | Change=16.4 => Liquid
data,,736.8,753.4,16.6,753.4,Time=108.0s | BaseRaw=736.8 | CurrentRaw=753.4 | Change=16.6 => Liquid
data,,736.8,752.6,15.8,752.6,Time=108.1s | BaseRaw=736.8 | CurrentRaw=752.6 | Change=15.8 => Liquid
data,,736.8,753.0,16.2,753.0,Time=108.2s | BaseRaw=736.8 | CurrentRaw=753.0 | Change=16.2 => Liquid
data,,736.8,752.4,15.6,752.4,Time=108.3s | BaseRaw=736.8 | CurrentRaw=752.4 | Change=15.6 => Liquid
data,,736.8,753.4,16.6,753.4,Time=108.4s | BaseRaw=736.8 | CurrentRaw=753.4 | Change=16.6 => Liquid
data,,736.8,753.0,16.2,753.0,Time=108.5s | BaseRaw=736.8 | CurrentRaw=753.0 | Change=16.2 => Liquid
data,,736.8,753.6,16.8,753.6,Time=108.6s | BaseRaw=736.8 | CurrentRaw=753.6 | Change=16.8 => Liquid
data,,736.8,753.4,16.6,753.4,Time=108.7s | BaseRaw=736.8 | CurrentRaw=753.4 | Change=16.6 => Liquid
data,,736.8,753.8,17.0,753.8,Time=108.8s | BaseRaw=736.8 | CurrentRaw=753.8 | Change=17.0 => Liquid
data,,736.8,753.6,16.8,753.6,Time=108.9s | BaseRaw=736.8 | CurrentRaw=753.6 | Change=16.8 => Liquid
data,,736.8,753.2,16.4,753.2,Time=109.0s | BaseRaw=736.8 | CurrentRaw=753.2 | Change=16.4 => Liquid
data,,736.8,753.4,16.6,753.4,Time=109.1s | BaseRaw=736.8 | CurrentRaw=753.4 | Change=16.6 => Liquid
data,,736.8,752.8,16.0,752.8,Time=109.2s | BaseRaw=736.8 | CurrentRaw=752.8 | Change=16.0 => Liquid
data,,736.8,753.4,16.6,753.4,Time=109.3s | BaseRaw=736.8 | CurrentRaw=753.4 | Change=16.6 => Liquid
data,,736.8,752.6,15.8,752.6,Time=109.4s | BaseRaw=736.8 | CurrentRaw=752.6 | Change=15.8 => Liquid
data,,736.8,753.4,16.6,753.4,Time=109.5s | BaseRaw=736.8 | CurrentRaw=753.4 | Change=16.6 => Liquid
data,,736.8,753.2,16.4,753.2,Time=109.6s | BaseRaw=736.8 | CurrentRaw=753.2 | Change=16.4 => Liquid
data,,736.8,753.8,17.0,753.8,Time=109.7s | BaseRaw=736.8 | CurrentRaw=753.8 | Change=17.0 => Liquid
data,,736.8,753.4,16.6,753.4,Time=109.8s | BaseRaw=736.8 | CurrentRaw=753.4 | Change=16.6 => Liquid
data,,736.8,753.6,16.8,753.6,Time=109.9s | BaseRaw=736.8 | CurrentRaw=753.6 | Change=16.8 => Liquid
data,,736.8,753.6,16.8,753.6,Time=110.0s | BaseRaw=736.8 | CurrentRaw=753.6 | Change=16.8 => Liquid
data,,736.8,753.2,16.4,753.2,Time=110.1s | BaseRaw=736.8 | CurrentRaw=753.2 | Change=16.4 => Liquid
data,,736.8,753.4,16.6,753.4,Time=110.2s | BaseRaw=736.8 | CurrentRaw=753.4 | Change=16.6 => Liquid
data,,736.8,752.8,16.0,752.8,Time=110.3s | BaseRaw=736.8 | CurrentRaw=752.8 | Change=16.0 => Liquid
data,,736.8,753.6,16.8,753.6,Time=110.4s | BaseRaw=736.8 | CurrentRaw=753.6 | Change=16.8 => Liquid
data,,736.8,752.8,16.0,752.8,Time=110.5s | BaseRaw=736.8 | CurrentRaw=752.8 | Change=16.0 => Liquid
data,,736.8,753.6,16.8,753.6,Time=110.6s | BaseRaw=736.8 | CurrentRaw=753.6 | Change=16.8 => Liquid
data,,736.8,753.0,16.2,753.0,Time=110.7s | BaseRaw=736.8 | CurrentRaw=753.0 | Change=16.2 => Liquid
data,,736.8,753.4,16.6,753.4,Time=110.8s | BaseRaw=736.8 | CurrentRaw=753.4 | Change=16.6 => Liquid
data,,736.8,753.2,16.4,753.2,Time=110.9s | BaseRaw=736.8 | CurrentRaw=753.2 | Change=16.4 => Liquid
data,,736.8,753.6,16.8,753.6,Time=111.0s | BaseRaw=736.8 | CurrentRaw=753.6 | Change=16.8 => Liquid
data,,736.8,753.4,16.6,753.4,Time=111.1s | BaseRaw=736.8 | CurrentRaw=753.4 | Change=16.6 => Liquid
data,,736.8,753.4,16.6,753.4,Time=111.2s | BaseRaw=736.8 | CurrentRaw=753.4 | Change=16.6 => Liquid
data,,736.8,753.8,17.0,753.8,Time=111.3s | BaseRaw=736.8 | CurrentRaw=753.8 | Change=17.0 => Liquid
data,,736.8,753.0,16.2,753.0,Time=111.4s | BaseRaw=736.8 | CurrentRaw=753.0 | Change=16.2 => Liquid
data,,736.8,753.4,16.6,753.4,Time=111.5s | BaseRaw=736.8 | CurrentRaw=753.4 | Change=16.6 => Liquid
data,,736.8,752.8,16.0,752.8,Time=111.6s | BaseRaw=736.8 | CurrentRaw=752.8 | Change=16.0 => Liquid
data,,736.8,753.6,16.8,753.6,Time=111.7s | BaseRaw=736.8 | CurrentRaw=753.6 | Change=16.8 => Liquid
data,,736.8,753.0,16.2,753.0,Time=111.8s | BaseRaw=736.8 | CurrentRaw=753.0 | Change=16.2 => Liquid
data,,736.8,753.4,16.6,753.4,Time=111.9s | BaseRaw=736.8 | CurrentRaw=753.4 | Change=16.6 => Liquid
data,,736.8,753.2,16.4,753.2,Time=112.0s | BaseRaw=736.8 | CurrentRaw=753.2 | Change=16.4 => Liquid
data,,736.8,753.6,16.8,753.6,Time=112.1s | BaseRaw=736.8 | CurrentRaw=753.6 | Change=16.8 => Liquid
data,,736.8,753.4,16.6,753.4,Time=112.2s | BaseRaw=736.8 | CurrentRaw=753.4 | Change=16.6 => Liquid
data,,736.8,753.2,16.4,753.2,Time=112.3s | BaseRaw=736.8 | CurrentRaw=753.2 | Change=16.4 => Liquid
data,,736.8,753.4,16.6,753.4,Time=112.4s | BaseRaw=736.8 | CurrentRaw=753.4 | Change=16.6 => Liquid
data,,736.8,752.6,15.8,752.6,Time=112.5s | BaseRaw=736.8 | CurrentRaw=752.6 | Change=15.8 => Liquid
data,,736.8,753.0,16.2,753.0,Time=112.6s | BaseRaw=736.8 | CurrentRaw=753.0 | Change=16.2 => Liquid
data,,736.8,752.2,15.4,752.2,Time=112.7s | BaseRaw=736.8 | CurrentRaw=752.2 | Change=15.4 => Liquid
data,,736.8,752.8,16.0,752.8,Time=112.8s | BaseRaw=736.8 | CurrentRaw=752.8 | Change=16.0 => Liquid
data,,736.8,752.4,15.6,752.4,Time=112.9s | BaseRaw=736.8 | CurrentRaw=752.4 | Change=15.6 => Liquid
data,,736.8,753.0,16.2,753.0,Time=113.0s | BaseRaw=736.8 | CurrentRaw=753.0 | Change=16.2 => Liquid
data,,736.8,752.8,16.0,752.8,Time=113.1s | BaseRaw=736.8 | CurrentRaw=752.8 | Change=16.0 => Liquid
