record_type,baseline_raw,base_raw,current_raw,change,graph,raw_data
info,,,,,,Initial floor measurement (5s)... Keep the sensor on the empty floor.
info,,,,,,START received
baseline,708.00,,,,708.00,Collecting baseline... RawAvg=708.00
baseline,707.80,,,,707.80,Collecting baseline... RawAvg=707.80
baseline,707.60,,,,707.60,Collecting baseline... RawAvg=707.60
baseline,707.40,,,,707.40,Collecting baseline... RawAvg=707.40
baseline,707.00,,,,707.00,Collecting baseline... RawAvg=707.00
baseline,706.40,,,,706.40,Collecting baseline... RawAvg=706.40
baseline,706.60,,,,706.60,Collecting baseline... RawAvg=706.60
baseline,707.20,,,,707.20,Collecting baseline... RawAvg=707.20
baseline,707.60,,,,707.60,Collecting baseline... RawAvg=707.60
baseline,708.20,,,,708.20,Collecting baseline... RawAvg=708.20
baseline,708.80,,,,708.80,Collecting baseline... RawAvg=708.80
baseline,709.60,,,,709.60,Collecting baseline... RawAvg=709.60
baseline,710.00,,,,710.00,Collecting baseline... RawAvg=710.00
baseline,710.20,,,,710.20,Collecting baseline... RawAvg=710.20
baseline,710.20,,,,710.20,Collecting baseline... RawAvg=710.20
baseline,710.00,,,,710.00,Collecting baseline... RawAvg=710.00
baseline,709.60,,,,709.60,Collecting baseline... RawAvg=709.60
baseline,709.20,,,,709.20,Collecting baseline... RawAvg=709.20
baseline,708.60,,,,708.60,Collecting baseline... RawAvg=708.60
baseline,708.00,,,,708.00,Collecting baseline... RawAvg=708.00
baseline,707.40,,,,707.40,Collecting baseline... RawAvg=707.40
baseline,707.00,,,,707.00,Collecting baseline... RawAvg=707.00
baseline,706.40,,,,706.40,Collecting baseline... RawAvg=706.40
baseline,706.40,,,,706.40,Collecting baseline... RawAvg=706.40
baseline,706.60,,,,706.60,Collecting baseline... RawAvg=706.60
baseline,707.00,,,,707.00,Collecting baseline... RawAvg=707.00
baseline,707.20,,,,707.20,Collecting baseline... RawAvg=707.20
baseline,708.00,,,,708.00,Collecting baseline... RawAvg=708.00
baseline,708.60,,,,708.60,Collecting baseline... RawAvg=708.60
baseline,709.20,,,,709.20,Collecting baseline... RawAvg=709.20
baseline,709.40,,,,709.40,Collecting baseline... RawAvg=709.40
baseline,709.60,,,,709.60,Collecting baseline... RawAvg=709.60
baseline,709.20,,,,709.20,Collecting baseline... RawAvg=709.20
baseline,708.80,,,,708.80,Collecting baseline... RawAvg=708.80
baseline,708.40,,,,708.40,Collecting baseline... RawAvg=708.40
baseline,708.00,,,,708.00,Collecting baseline... RawAvg=708.00
baseline,707.60,,,,707.60,Collecting baseline... RawAvg=707.60
baseline,707.00,,,,707.00,Collecting baseline... RawAvg=707.00
baseline,706.60,,,,706.60,Collecting baseline... RawAvg=706.60
baseline,706.20,,,,706.20,Collecting baseline... RawAvg=706.20
baseline,706.00,,,,706.00,Collecting baseline... RawAvg=706.00
baseline,706.00,,,,706.00,Collecting baseline... RawAvg=706.00
baseline,706.60,,,,706.60,Collecting baseline... RawAvg=706.60
baseline,707.00,,,,707.00,Collecting baseline... RawAvg=707.00
baseline,707.60,,,,707.60,Collecting baseline... RawAvg=707.60
baseline,708.40,,,,708.40,Collecting baseline... RawAvg=708.40
baseline,709.20,,,,709.20,Collecting baseline... RawAvg=709.20
baseline,709.60,,,,709.60,Collecting baseline... RawAvg=709.60
baseline,710.00,,,,710.00,Collecting baseline... RawAvg=710.00
info,,,,,,Baseline collection complete! Starting detection.
final_base,,708.02,,,708.02,Final Base Raw Average = 708.02
info,,,,,,--------------------------------------------------------------------------
data,,708.0,709.8,1.8,709.8,Time=0.1s | BaseRaw=708.0 | CurrentRaw=709.8 | Change=1.8 => Floor
data,,708.0,709.2,1.2,709.2,Time=0.2s | BaseRaw=708.0 | CurrentRaw=709.2 | Change=1.2 => Floor
data,,708.0,708.4,0.4,708.4,Time=0.3s | BaseRaw=708.0 | CurrentRaw=708.4 | Change=0.4 => Floor
data,,708.0,708.0,0.0,708.0,Time=0.4s | BaseRaw=708.0 | CurrentRaw=708.0 | Change=0.0 => Floor
data,,708.0,708.2,0.2,708.2,Time=0.5s | BaseRaw=708.0 | CurrentRaw=708.2 | Change=0.2 => Floor
data,,708.0,708.0,0.0,708.0,Time=0.6s | BaseRaw=708.0 | CurrentRaw=708.0 | Change=0.0 => Floor
data,,708.0,707.6,0.4,707.6,Time=0.7s | BaseRaw=708.0 | CurrentRaw=707.6 | Change=0.4 => Floor
data,,708.0,707.6,0.4,707.6,Time=0.8s | BaseRaw=708.0 | CurrentRaw=707.6 | Change=0.4 => Floor
data,,708.0,707.8,0.2,707.8,Time=0.9s | BaseRaw=708.0 | CurrentRaw=707.8 | Change=0.2 => Floor
data,,708.0,707.8,0.2,707.8,Time=1.0s | BaseRaw=708.0 | CurrentRaw=707.8 | Change=0.2 => Floor
data,,708.0,708.0,0.0,708.0,Time=1.1s | BaseRaw=708.0 | CurrentRaw=708.0 | Change=0.0 => Floor
data,,708.0,708.0,0.0,708.0,Time=1.2s | BaseRaw=708.0 | CurrentRaw=708.0 | Change=0.0 => Floor
data,,708.0,708.2,0.2,708.2,Time=1.3s | BaseRaw=708.0 | CurrentRaw=708.2 | Change=0.2 => Floor
data,,708.0,708.2,0.2,708.2,Time=1.4s | BaseRaw=708.0 | CurrentRaw=708.2 | Change=0.2 => Floor
data,,708.0,708.2,0.2,708.2,Time=1.5s | BaseRaw=708.0 | CurrentRaw=708.2 | Change=0.2 => Floor
data,,708.0,708.0,0.0,708.0,Time=1.6s | BaseRaw=708.0 | CurrentRaw=708.0 | Change=0.0 => Floor
data,,708.0,707.8,0.2,707.8,Time=1.7s | BaseRaw=708.0 | CurrentRaw=707.8 | Change=0.2 => Floor
data,,708.0,707.8,0.2,707.8,Time=1.8s | BaseRaw=708.0 | CurrentRaw=707.8 | Change=0.2 => Floor
data,,708.0,708.0,0.0,708.0,Time=1.9s | BaseRaw=708.0 | CurrentRaw=708.0 | Change=0.0 => Floor
data,,708.0,707.8,0.2,707.8,Time=2.0s | BaseRaw=708.0 | CurrentRaw=707.8 | Change=0.2 => Floor
data,,708.0,707.6,0.4,707.6,Time=2.1s | BaseRaw=708.0 | CurrentRaw=707.6 | Change=0.4 => Floor
data,,708.0,707.6,0.4,707.6,Time=2.2s | BaseRaw=708.0 | CurrentRaw=707.6 | Change=0.4 => Floor
data,,708.0,707.6,0.4,707.6,Time=2.3s | BaseRaw=708.0 | CurrentRaw=707.6 | Change=0.4 => Floor
data,,708.0,707.6,0.4,707.6,Time=2.4s | BaseRaw=708.0 | CurrentRaw=707.6 | Change=0.4 => Floor
data,,708.0,707.6,0.4,707.6,Time=2.5s | BaseRaw=708.0 | CurrentRaw=707.6 | Change=0.4 => Floor
data,,708.0,707.6,0.4,707.6,Time=2.6s | BaseRaw=708.0 | CurrentRaw=707.6 | Change=0.4 => Floor
data,,708.0,707.8,0.2,707.8,Time=2.7s | BaseRaw=708.0 | CurrentRaw=707.8 | Change=0.2 => Floor
data,,708.0,707.8,0.2,707.8,Time=2.8s | BaseRaw=708.0 | CurrentRaw=707.8 | Change=0.2 => Floor
data,,708.0,707.8,0.2,707.8,Time=2.9s | BaseRaw=708.0 | CurrentRaw=707.8 | Change=0.2 => Floor
data,,708.0,707.6,0.4,707.6,Time=3.0s | BaseRaw=708.0 | CurrentRaw=707.6 | Change=0.4 => Floor
data,,708.0,707.4,0.6,707.4,Time=3.1s | BaseRaw=708.0 | CurrentRaw=707.4 | Change=0.6 => Floor
data,,708.0,707.4,0.6,707.4,Time=3.2s | BaseRaw=708.0 | CurrentRaw=707.4 | Change=0.6 => Floor
data,,708.0,707.6,0.4,707.6,Time=3.3s | BaseRaw=708.0 | CurrentRaw=707.6 | Change=0.4 => Floor
data,,708.0,707.6,0.4,707.6,Time=3.4s | BaseRaw=708.0 | CurrentRaw=707.6 | Change=0.4 => Floor
data,,708.0,707.6,0.4,707.6,Time=3.5s | BaseRaw=708.0 | CurrentRaw=707.6 | Change=0.4 => Floor
data,,708.0,707.6,0.4,707.6,Time=3.6s | BaseRaw=708.0 | CurrentRaw=707.6 | Change=0.4 => Floor
data,,708.0,707.6,0.4,707.6,Time=3.7s | BaseRaw=708.0 | CurrentRaw=707.6 | Change=0.4 => Floor
data,,708.0,707.8,0.2,707.8,Time=3.8s | BaseRaw=708.0 | CurrentRaw=707.8 | Change=0.2 => Floor
data,,708.0,707.8,0.2,707.8,Time=3.9s | BaseRaw=708.0 | CurrentRaw=707.8 | Change=0.2 => Floor
data,,708.0,707.8,0.2,707.8,Time=4.0s | BaseRaw=708.0 | CurrentRaw=707.8 | Change=0.2 => Floor
data,,708.0,707.8,0.2,707.8,Time=4.1s | BaseRaw=708.0 | CurrentRaw=707.8 | Change=0.2 => Floor
data,,708.0,708.0,0.0,708.0,Time=4.2s | BaseRaw=708.0 | CurrentRaw=708.0 | Change=0.0 => Floor
data,,708.0,708.2,0.2,708.2,Time=4.3s | BaseRaw=708.0 | CurrentRaw=708.2 | Change=0.2 => Floor
data,,708.0,708.2,0.2,708.2,Time=4.4s | BaseRaw=708.0 | CurrentRaw=708.2 | Change=0.2 => Floor
data,,708.0,708.0,0.0,708.0,Time=4.5s | BaseRaw=708.0 | CurrentRaw=708.0 | Change=0.0 => Floor
data,,708.0,707.8,0.2,707.8,Time=4.6s | BaseRaw=708.0 | CurrentRaw=707.8 | Change=0.2 => Floor
data,,708.0,707.8,0.2,707.8,Time=4.7s | BaseRaw=708.0 | CurrentRaw=707.8 | Change=0.2 => Floor
data,,708.0,707.8,0.2,707.8,Time=4.8s | BaseRaw=708.0 | CurrentRaw=707.8 | Change=0.2 => Floor
data,,708.0,707.8,0.2,707.8,Time=4.9s | BaseRaw=708.0 | CurrentRaw=707.8 | Change=0.2 => Floor
data,,708.0,707.6,0.4,707.6,Time=5.0s | BaseRaw=708.0 | CurrentRaw=707.6 | Change=0.4 => Floor
data,,708.0,707.6,0.4,707.6,Time=5.1s | BaseRaw=708.0 | CurrentRaw=707.6 | Change=0.4 => Floor
data,,708.0,707.4,0.6,707.4,Time=5.2s | BaseRaw=708.0 | CurrentRaw=707.4 | Change=0.6 => Floor
data,,708.0,707.2,0.8,707.2,Time=5.3s | BaseRaw=708.0 | CurrentRaw=707.2 | Change=0.8 => Floor
data,,708.0,706.6,1.4,706.6,Time=5.4s | BaseRaw=708.0 | CurrentRaw=706.6 | Change=1.4 => Floor
data,,708.0,706.6,1.4,706.6,Time=5.5s | BaseRaw=708.0 | CurrentRaw=706.6 | Change=1.4 => Floor
data,,708.0,707.2,0.8,707.2,Time=5.6s | BaseRaw=708.0 | CurrentRaw=707.2 | Change=0.8 => Floor
data,,708.0,709.2,1.2,709.2,Time=5.7s | BaseRaw=708.0 | CurrentRaw=709.2 | Change=1.2 => Floor
data,,708.0,716.2,8.2,716.2,Time=5.8s | BaseRaw=708.0 | CurrentRaw=716.2 | Change=8.2 => Floor
data,,708.0,723.8,15.8,723.8,Time=5.9s | BaseRaw=708.0 | CurrentRaw=723.8 | Change=15.8 => Liquid
data,,708.0,730.6,22.6,730.6,Time=6.0s | BaseRaw=708.0 | CurrentRaw=730.6 | Change=22.6 => Liquid
data,,708.0,735.8,27.8,735.8,Time=6.1s | BaseRaw=708.0 | CurrentRaw=735.8 | Change=27.8 => Liquid
data,,708.0,738.0,30.0,738.0,Time=6.2s | BaseRaw=708.0 | CurrentRaw=738.0 | Change=30.0 => Liquid
data,,708.0,733.8,25.8,733.8,Time=6.3s | BaseRaw=708.0 | CurrentRaw=733.8 | Change=25.8 => Liquid
data,,708.0,730.6,22.6,730.6,Time=6.4s | BaseRaw=708.0 | CurrentRaw=730.6 | Change=22.6 => Liquid
data,,708.0,728.8,20.8,728.8,Time=6.5s | BaseRaw=708.0 | CurrentRaw=728.8 | Change=20.8 => Liquid
data,,708.0,728.2,20.2,728.2,Time=6.6s | BaseRaw=708.0 | CurrentRaw=728.2 | Change=20.2 => Liquid
data,,708.0,729.6,21.6,729.6,Time=6.7s | BaseRaw=708.0 | CurrentRaw=729.6 | Change=21.6 => Liquid
data,,708.0,731.6,23.6,731.6,Time=6.8s | BaseRaw=708.0 | CurrentRaw=731.6 | Change=23.6 => Liquid
data,,708.0,731.8,23.8,731.8,Time=6.9s | BaseRaw=708.0 | CurrentRaw=731.8 | Change=23.8 => Liquid
data,,708.0,732.6,24.6,732.6,Time=7.0s | BaseRaw=708.0 | CurrentRaw=732.6 | Change=24.6 => Liquid
data,,708.0,733.0,25.0,733.0,Time=7.1s | BaseRaw=708.0 | CurrentRaw=733.0 | Change=25.0 => Liquid
data,,708.0,732.4,24.4,732.4,Time=7.2s | BaseRaw=708.0 | CurrentRaw=732.4 | Change=24.4 => Liquid
data,,708.0,732.6,24.6,732.6,Time=7.3s | BaseRaw=708.0 | CurrentRaw=732.6 | Change=24.6 => Liquid
data,,708.0,733.0,25.0,733.0,Time=7.4s | BaseRaw=708.0 | CurrentRaw=733.0 | Change=25.0 => Liquid
data,,708.0,732.2,24.2,732.2,Time=7.5s | BaseRaw=708.0 | CurrentRaw=732.2 | Change=24.2 => Liquid
data,,708.0,732.4,24.4,732.4,Time=7.6s | BaseRaw=708.0 | CurrentRaw=732.4 | Change=24.4 => Liquid
data,,708.0,732.8,24.8,732.8,Time=7.7s | BaseRaw=708.0 | CurrentRaw=732.8 | Change=24.8 => Liquid
data,,708.0,732.2,24.2,732.2,Time=7.8s | BaseRaw=708.0 | CurrentRaw=732.2 | Change=24.2 => Liquid
data,,708.0,732.6,24.6,732.6,Time=7.9s | BaseRaw=708.0 | CurrentRaw=732.6 | Change=24.6 => Liquid
data,,708.0,733.4,25.4,733.4,Time=8.0s | BaseRaw=708.0 | CurrentRaw=733.4 | Change=25.4 => Liquid
data,,708.0,732.6,24.6,732.6,Time=8.1s | BaseRaw=708.0 | CurrentRaw=732.6 | Change=24.6 => Liquid
data,,708.0,732.8,24.8,732.8,Time=8.2s | BaseRaw=708.0 | CurrentRaw=732.8 | Change=24.8 => Liquid
data,,708.0,733.2,25.2,733.2,Time=8.3s | BaseRaw=708.0 | CurrentRaw=733.2 | Change=25.2 => Liquid
data,,708.0,732.6,24.6,732.6,Time=8.4s | BaseRaw=708.0 | CurrentRaw=732.6 | Change=24.6 => Liquid
data,,708.0,732.4,24.4,732.4,Time=8.5s | BaseRaw=708.0 | CurrentRaw=732.4 | Change=24.4 => Liquid
data,,708.0,733.0,25.0,733.0,Time=8.6s | BaseRaw=708.0 | CurrentRaw=733.0 | Change=25.0 => Liquid
data,,708.0,732.4,24.4,732.4,Time=8.7s | BaseRaw=708.0 | CurrentRaw=732.4 | Change=24.4 => Liquid
data,,708.0,732.6,24.6,732.6,Time=8.8s | BaseRaw=708.0 | CurrentRaw=732.6 | Change=24.6 => Liquid
data,,708.0,733.2,25.2,733.2,Time=8.9s | BaseRaw=708.0 | CurrentRaw=733.2 | Change=25.2 => Liquid
data,,708.0,732.4,24.4,732.4,Time=9.0s | BaseRaw=708.0 | CurrentRaw=732.4 | Change=24.4 => Liquid
data,,708.0,732.6,24.6,732.6,Time=9.1s | BaseRaw=708.0 | CurrentRaw=732.6 | Change=24.6 => Liquid
data,,708.0,733.2,25.2,733.2,Time=9.2s | BaseRaw=708.0 | CurrentRaw=733.2 | Change=25.2 => Liquid
data,,708.0,732.4,24.4,732.4,Time=9.3s | BaseRaw=708.0 | CurrentRaw=732.4 | Change=24.4 => Liquid
data,,708.0,732.4,24.4,732.4,Time=9.4s | BaseRaw=708.0 | CurrentRaw=732.4 | Change=24.4 => Liquid
data,,708.0,732.8,24.8,732.8,Time=9.5s | BaseRaw=708.0 | CurrentRaw=732.8 | Change=24.8 => Liquid
data,,708.0,732.0,24.0,732.0,Time=9.6s | BaseRaw=708.0 | CurrentRaw=732.0 | Change=24.0 => Liquid
data,,708.0,732.0,24.0,732.0,Time=9.7s | BaseRaw=708.0 | CurrentRaw=732.0 | Change=24.0 => Liquid
data,,708.0,732.6,24.6,732.6,Time=9.8s | BaseRaw=708.0 | CurrentRaw=732.6 | Change=24.6 => Liquid
data,,708.0,732.0,24.0,732.0,Time=9.9s | BaseRaw=708.0 | CurrentRaw=732.0 | Change=24.0 => Liquid
data,,708.0,732.2,24.2,732.2,Time=10.0s | BaseRaw=708.0 | CurrentRaw=732.2 | Change=24.2 => Liquid
data,,708.0,732.6,24.6,732.6,Time=10.1s | BaseRaw=708.0 | CurrentRaw=732.6 | Change=24.6 => Liquid
data,,708.0,732.0,24.0,732.0,Time=10.2s | BaseRaw=708.0 | CurrentRaw=732.0 | Change=24.0 => Liquid
data,,708.0,732.2,24.2,732.2,Time=10.3s | BaseRaw=708.0 | CurrentRaw=732.2 | Change=24.2 => Liquid
data,,708.0,732.0,24.0,732.0,Time=10.4s | BaseRaw=708.0 | CurrentRaw=732.0 | Change=24.0 => Liquid
data,,708.0,732.2,24.2,732.2,Time=10.5s | BaseRaw=708.0 | CurrentRaw=732.2 | Change=24.2 => Liquid
data,,708.0,732.2,24.2,732.2,Time=10.6s | BaseRaw=708.0 | CurrentRaw=732.2 | Change=24.2 => Liquid
data,,708.0,732.2,24.2,732.2,Time=10.7s | BaseRaw=708.0 | CurrentRaw=732.2 | Change=24.2 => Liquid
data,,708.0,732.2,24.2,732.2,Time=10.8s | BaseRaw=708.0 | CurrentRaw=732.2 | Change=24.2 => Liquid
data,,708.0,732.0,24.0,732.0,Time=10.9s | BaseRaw=708.0 | CurrentRaw=732.0 | Change=24.0 => Liquid
data,,708.0,731.6,23.6,731.6,Time=11.0s | BaseRaw=708.0 | CurrentRaw=731.6 | Change=23.6 => Liquid
data,,708.0,731.4,23.4,731.4,Time=11.1s | BaseRaw=708.0 | CurrentRaw=731.4 | Change=23.4 => Liquid
data,,708.0,731.0,23.0,731.0,Time=11.2s | BaseRaw=708.0 | CurrentRaw=731.0 | Change=23.0 => Liquid
data,,708.0,730.8,22.8,730.8,Time=11.3s | BaseRaw=708.0 | CurrentRaw=730.8 | Change=22.8 => Liquid
data,,708.0,730.6,22.6,730.6,Time=11.4s | BaseRaw=708.0 | CurrentRaw=730.6 | Change=22.6 => Liquid
data,,708.0,730.6,22.6,730.6,Time=11.5s | BaseRaw=708.0 | CurrentRaw=730.6 | Change=22.6 => Liquid
data,,708.0,731.2,23.2,731.2,Time=11.6s | BaseRaw=708.0 | CurrentRaw=731.2 | Change=23.2 => Liquid
data,,708.0,731.4,23.4,731.4,Time=11.7s | BaseRaw=708.0 | CurrentRaw=731.4 | Change=23.4 => Liquid
data,,708.0,731.8,23.8,731.8,Time=11.8s | BaseRaw=708.0 | CurrentRaw=731.8 | Change=23.8 => Liquid
data,,708.0,732.0,24.0,732.0,Time=11.9s | BaseRaw=708.0 | CurrentRaw=732.0 | Change=24.0 => Liquid
data,,708.0,732.0,24.0,732.0,Time=12.0s | BaseRaw=708.0 | CurrentRaw=732.0 | Change=24.0 => Liquid
data,,708.0,731.6,23.6,731.6,Time=12.1s | BaseRaw=708.0 | CurrentRaw=731.6 | Change=23.6 => Liquid
data,,708.0,731.6,23.6,731.6,Time=12.2s | BaseRaw=708.0 | CurrentRaw=731.6 | Change=23.6 => Liquid
data,,708.0,731.8,23.8,731.8,Time=12.3s | BaseRaw=708.0 | CurrentRaw=731.8 | Change=23.8 => Liquid
data,,708.0,733.0,25.0,733.0,Time=12.4s | BaseRaw=708.0 | CurrentRaw=733.0 | Change=25.0 => Liquid
data,,708.0,735.4,27.4,735.4,Time=12.5s | BaseRaw=708.0 | CurrentRaw=735.4 | Change=27.4 => Liquid
data,,708.0,738.8,30.8,738.8,Time=12.6s | BaseRaw=708.0 | CurrentRaw=738.8 | Change=30.8 => Liquid
data,,708.0,740.4,32.4,740.4,Time=12.7s | BaseRaw=708.0 | CurrentRaw=740.4 | Change=32.4 => Liquid
data,,708.0,738.8,30.8,738.8,Time=12.8s | BaseRaw=708.0 | CurrentRaw=738.8 | Change=30.8 => Liquid
data,,708.0,735.8,27.8,735.8,Time=12.9s | BaseRaw=708.0 | CurrentRaw=735.8 | Change=27.8 => Liquid
data,,708.0,731.4,23.4,731.4,Time=13.0s | BaseRaw=708.0 | CurrentRaw=731.4 | Change=23.4 => Liquid
data,,708.0,725.8,17.8,725.8,Time=13.1s | BaseRaw=708.0 | CurrentRaw=725.8 | Change=17.8 => Liquid
data,,708.0,721.2,13.2,721.2,Time=13.2s | BaseRaw=708.0 | CurrentRaw=721.2 | Change=13.2 => Liquid
data,,708.0,719.8,11.8,719.8,Time=13.3s | BaseRaw=708.0 | CurrentRaw=719.8 | Change=11.8 => Liquid
data,,708.0,719.2,11.2,719.2,Time=13.4s | BaseRaw=708.0 | CurrentRaw=719.2 | Change=11.2 => Liquid
data,,708.0,718.4,10.4,718.4,Time=13.5s | BaseRaw=708.0 | CurrentRaw=718.4 | Change=10.4 => Liquid
data,,708.0,718.2,10.2,718.2,Time=13.6s | BaseRaw=708.0 | CurrentRaw=718.2 | Change=10.2 => Liquid
data,,708.0,718.6,10.6,718.6,Time=13.7s | BaseRaw=708.0 | CurrentRaw=718.6 | Change=10.6 => Liquid
data,,708.0,718.6,10.6,718.6,Time=13.8s | BaseRaw=708.0 | CurrentRaw=718.6 | Change=10.6 => Liquid
data,,708.0,718.6,10.6,718.6,Time=13.9s | BaseRaw=708.0 | CurrentRaw=718.6 | Change=10.6 => Liquid
data,,708.0,718.6,10.6,718.6,Time=14.0s | BaseRaw=708.0 | CurrentRaw=718.6 | Change=10.6 => Liquid
data,,708.0,718.6,10.6,718.6,Time=14.1s | BaseRaw=708.0 | CurrentRaw=718.6 | Change=10.6 => Liquid
data,,708.0,718.4,10.4,718.4,Time=14.2s | BaseRaw=708.0 | CurrentRaw=718.4 | Change=10.4 => Liquid
data,,708.0,718.2,10.2,718.2,Time=14.3s | BaseRaw=708.0 | CurrentRaw=718.2 | Change=10.2 => Liquid
data,,708.0,718.4,10.4,718.4,Time=14.4s | BaseRaw=708.0 | CurrentRaw=718.4 | Change=10.4 => Liquid
data,,708.0,718.4,10.4,718.4,Time=14.5s | BaseRaw=708.0 | CurrentRaw=718.4 | Change=10.4 => Liquid
data,,708.0,718.4,10.4,718.4,Time=14.6s | BaseRaw=708.0 | CurrentRaw=718.4 | Change=10.4 => Liquid
data,,708.0,718.4,10.4,718.4,Time=14.7s | BaseRaw=708.0 | CurrentRaw=718.4 | Change=10.4 => Liquid
data,,708.0,718.4,10.4,718.4,Time=14.8s | BaseRaw=708.0 | CurrentRaw=718.4 | Change=10.4 => Liquid
data,,708.0,718.4,10.4,718.4,Time=14.9s | BaseRaw=708.0 | CurrentRaw=718.4 | Change=10.4 => Liquid
data,,708.0,718.2,10.2,718.2,Time=15.0s | BaseRaw=708.0 | CurrentRaw=718.2 | Change=10.2 => Liquid
data,,708.0,718.2,10.2,718.2,Time=15.1s | BaseRaw=708.0 | CurrentRaw=718.2 | Change=10.2 => Liquid
data,,708.0,718.0,10.0,718.0,Time=15.2s | BaseRaw=708.0 | CurrentRaw=718.0 | Change=10.0 => Floor
data,,708.0,717.8,9.8,717.8,Time=15.3s | BaseRaw=708.0 | CurrentRaw=717.8 | Change=9.8 => Floor
data,,708.0,718.2,10.2,718.2,Time=15.4s | BaseRaw=708.0 | CurrentRaw=718.2 | Change=10.2 => Liquid
data,,708.0,717.8,9.8,717.8,Time=15.5s | BaseRaw=708.0 | CurrentRaw=717.8 | Change=9.8 => Floor
data,,708.0,717.4,9.4,717.4,Time=15.6s | BaseRaw=708.0 | CurrentRaw=717.4 | Change=9.4 => Floor
data,,708.0,718.6,10.6,718.6,Time=15.7s | BaseRaw=708.0 | CurrentRaw=718.6 | Change=10.6 => Liquid
data,,708.0,718.2,10.2,718.2,Time=15.8s | BaseRaw=708.0 | CurrentRaw=718.2 | Change=10.2 => Liquid
data,,708.0,717.8,9.8,717.8,Time=15.9s | BaseRaw=708.0 | CurrentRaw=717.8 | Change=9.8 => Floor
data,,708.0,718.8,10.8,718.8,Time=16.0s | BaseRaw=708.0 | CurrentRaw=718.8 | Change=10.8 => Liquid
data,,708.0,718.2,10.2,718.2,Time=16.1s | BaseRaw=708.0 | CurrentRaw=718.2 | Change=10.2 => Liquid
data,,708.0,718.0,10.0,718.0,Time=16.2s | BaseRaw=708.0 | CurrentRaw=718.0 | Change=10.0 => Floor
data,,708.0,718.2,10.2,718.2,Time=16.3s | BaseRaw=708.0 | CurrentRaw=718.2 | Change=10.2 => Liquid
data,,708.0,717.8,9.8,717.8,Time=16.4s | BaseRaw=708.0 | CurrentRaw=717.8 | Change=9.8 => Floor
data,,708.0,717.6,9.6,717.6,Time=16.5s | BaseRaw=708.0 | CurrentRaw=717.6 | Change=9.6 => Floor
data,,708.0,718.4,10.4,718.4,Time=16.6s | BaseRaw=708.0 | CurrentRaw=718.4 | Change=10.4 => Liquid
data,,708.0,717.6,9.6,717.6,Time=16.7s | BaseRaw=708.0 | CurrentRaw=717.6 | Change=9.6 => Floor
data,,708.0,717.6,9.6,717.6,Time=16.8s | BaseRaw=708.0 | CurrentRaw=717.6 | Change=9.6 => Floor
data,,708.0,718.2,10.2,718.2,Time=16.9s | BaseRaw=708.0 | CurrentRaw=718.2 | Change=10.2 => Liquid
data,,708.0,717.4,9.4,717.4,Time=17.0s | BaseRaw=708.0 | CurrentRaw=717.4 | Change=9.4 => Floor
data,,708.0,716.8,8.8,716.8,Time=17.1s | BaseRaw=708.0 | CurrentRaw=716.8 | Change=8.8 => Floor
data,,708.0,717.6,9.6,717.6,Time=17.2s | BaseRaw=708.0 | CurrentRaw=717.6 | Change=9.6 => Floor
data,,708.0,717.4,9.4,717.4,Time=17.3s | BaseRaw=708.0 | CurrentRaw=717.4 | Change=9.4 => Floor
data,,708.0,716.6,8.6,716.6,Time=17.4s | BaseRaw=708.0 | CurrentRaw=716.6 | Change=8.6 => Floor
data,,708.0,717.0,9.0,717.0,Time=17.5s | BaseRaw=708.0 | CurrentRaw=717.0 | Change=9.0 => Floor
data,,708.0,717.6,9.6,717.6,Time=17.6s | BaseRaw=708.0 | CurrentRaw=717.6 | Change=9.6 => Floor
data,,708.0,716.8,8.8,716.8,Time=17.7s | BaseRaw=708.0 | CurrentRaw=716.8 | Change=8.8 => Floor
data,,708.0,716.2,8.2,716.2,Time=17.8s | BaseRaw=708.0 | CurrentRaw=716.2 | Change=8.2 => Floor
data,,708.0,716.8,8.8,716.8,Time=17.9s | BaseRaw=708.0 | CurrentRaw=716.8 | Change=8.8 => Floor
data,,708.0,717.2,9.2,717.2,Time=18.0s | BaseRaw=708.0 | CurrentRaw=717.2 | Change=9.2 => Floor
data,,708.0,716.4,8.4,716.4,Time=18.1s | BaseRaw=708.0 | CurrentRaw=716.4 | Change=8.4 => Floor
data,,708.0,717.0,9.0,717.0,Time=18.2s | BaseRaw=708.0 | CurrentRaw=717.0 | Change=9.0 => Floor
data,,708.0,719.2,11.2,719.2,Time=18.3s | BaseRaw=708.0 | CurrentRaw=719.2 | Change=11.2 => Liquid
data,,708.0,719.6,11.6,719.6,Time=18.4s | BaseRaw=708.0 | CurrentRaw=719.6 | Change=11.6 => Liquid
data,,708.0,720.6,12.6,720.6,Time=18.5s | BaseRaw=708.0 | CurrentRaw=720.6 | Change=12.6 => Liquid
data,,708.0,725.8,17.8,725.8,Time=18.6s | BaseRaw=708.0 | CurrentRaw=725.8 | Change=17.8 => Liquid
data,,708.0,731.8,23.8,731.8,Time=18.7s | BaseRaw=708.0 | CurrentRaw=731.8 | Change=23.8 => Liquid
data,,708.0,737.8,29.8,737.8,Time=18.8s | BaseRaw=708.0 | CurrentRaw=737.8 | Change=29.8 => Liquid
data,,708.0,743.8,35.8,743.8,Time=18.9s | BaseRaw=708.0 | CurrentRaw=743.8 | Change=35.8 => Liquid
data,,708.0,749.4,41.4,749.4,Time=19.0s | BaseRaw=708.0 | CurrentRaw=749.4 | Change=41.4 => Liquid
data,,708.0,752.2,44.2,752.2,Time=19.1s | BaseRaw=708.0 | CurrentRaw=752.2 | Change=44.2 => Liquid
data,,708.0,752.8,44.8,752.8,Time=19.2s | BaseRaw=708.0 | CurrentRaw=752.8 | Change=44.8 => Liquid
data,,708.0,753.4,45.4,753.4,Time=19.3s | BaseRaw=708.0 | CurrentRaw=753.4 | Change=45.4 => Liquid
data,,708.0,753.6,45.6,753.6,Time=19.4s | BaseRaw=708.0 | CurrentRaw=753.6 | Change=45.6 => Liquid
data,,708.0,753.4,45.4,753.4,Time=19.5s | BaseRaw=708.0 | CurrentRaw=753.4 | Change=45.4 => Liquid
data,,708.0,753.8,45.8,753.8,Time=19.6s | BaseRaw=708.0 | CurrentRaw=753.8 | Change=45.8 => Liquid
data,,708.0,754.2,46.2,754.2,Time=19.7s | BaseRaw=708.0 | CurrentRaw=754.2 | Change=46.2 => Liquid
data,,708.0,754.4,46.4,754.4,Time=19.8s | BaseRaw=708.0 | CurrentRaw=754.4 | Change=46.4 => Liquid
data,,708.0,755.4,47.4,755.4,Time=19.9s | BaseRaw=708.0 | CurrentRaw=755.4 | Change=47.4 => Liquid
data,,708.0,756.4,48.4,756.4,Time=20.0s | BaseRaw=708.0 | CurrentRaw=756.4 | Change=48.4 => Liquid
data,,708.0,756.4,48.4,756.4,Time=20.1s | BaseRaw=708.0 | CurrentRaw=756.4 | Change=48.4 => Liquid
data,,708.0,755.8,47.8,755.8,Time=20.2s | BaseRaw=708.0 | CurrentRaw=755.8 | Change=47.8 => Liquid
data,,708.0,755.2,47.2,755.2,Time=20.3s | BaseRaw=708.0 | CurrentRaw=755.2 | Change=47.2 => Liquid
data,,708.0,753.8,45.8,753.8,Time=20.4s | BaseRaw=708.0 | CurrentRaw=753.8 | Change=45.8 => Liquid
data,,708.0,752.2,44.2,752.2,Time=20.5s | BaseRaw=708.0 | CurrentRaw=752.2 | Change=44.2 => Liquid
data,,708.0,751.0,43.0,751.0,Time=20.6s | BaseRaw=708.0 | CurrentRaw=751.0 | Change=43.0 => Liquid
data,,708.0,750.0,42.0,750.0,Time=20.7s | BaseRaw=708.0 | CurrentRaw=750.0 | Change=42.0 => Liquid
data,,708.0,749.0,41.0,749.0,Time=20.8s | BaseRaw=708.0 | CurrentRaw=749.0 | Change=41.0 => Liquid
data,,708.0,749.2,41.2,749.2,Time=20.9s | BaseRaw=708.0 | CurrentRaw=749.2 | Change=41.2 => Liquid
data,,708.0,749.4,41.4,749.4,Time=21.0s | BaseRaw=708.0 | CurrentRaw=749.4 | Change=41.4 => Liquid
data,,708.0,749.6,41.6,749.6,Time=21.1s | BaseRaw=708.0 | CurrentRaw=749.6 | Change=41.6 => Liquid
data,,708.0,750.0,42.0,750.0,Time=21.2s | BaseRaw=708.0 | CurrentRaw=750.0 | Change=42.0 => Liquid
data,,708.0,749.8,41.8,749.8,Time=21.3s | BaseRaw=708.0 | CurrentRaw=749.8 | Change=41.8 => Liquid
data,,708.0,749.8,41.8,749.8,Time=21.4s | BaseRaw=708.0 | CurrentRaw=749.8 | Change=41.8 => Liquid
data,,708.0,749.6,41.6,749.6,Time=21.5s | BaseRaw=708.0 | CurrentRaw=749.6 | Change=41.6 => Liquid
data,,708.0,749.6,41.6,749.6,Time=21.6s | BaseRaw=708.0 | CurrentRaw=749.6 | Change=41.6 => Liquid
data,,708.0,749.4,41.4,749.4,Time=21.7s | BaseRaw=708.0 | CurrentRaw=749.4 | Change=41.4 => Liquid
data,,708.0,749.4,41.4,749.4,Time=21.8s | BaseRaw=708.0 | CurrentRaw=749.4 | Change=41.4 => Liquid
data,,708.0,749.4,41.4,749.4,Time=21.9s | BaseRaw=708.0 | CurrentRaw=749.4 | Change=41.4 => Liquid
data,,708.0,749.4,41.4,749.4,Time=22.0s | BaseRaw=708.0 | CurrentRaw=749.4 | Change=41.4 => Liquid
data,,708.0,749.4,41.4,749.4,Time=22.1s | BaseRaw=708.0 | CurrentRaw=749.4 | Change=41.4 => Liquid
data,,708.0,749.6,41.6,749.6,Time=22.2s | BaseRaw=708.0 | CurrentRaw=749.6 | Change=41.6 => Liquid
data,,708.0,749.4,41.4,749.4,Time=22.3s | BaseRaw=708.0 | CurrentRaw=749.4 | Change=41.4 => Liquid
data,,708.0,749.4,41.4,749.4,Time=22.4s | BaseRaw=708.0 | CurrentRaw=749.4 | Change=41.4 => Liquid
data,,708.0,749.2,41.2,749.2,Time=22.5s | BaseRaw=708.0 | CurrentRaw=749.2 | Change=41.2 => Liquid
data,,708.0,749.2,41.2,749.2,Time=22.6s | BaseRaw=708.0 | CurrentRaw=749.2 | Change=41.2 => Liquid
data,,708.0,749.4,41.4,749.4,Time=22.7s | BaseRaw=708.0 | CurrentRaw=749.4 | Change=41.4 => Liquid
data,,708.0,749.6,41.6,749.6,Time=22.8s | BaseRaw=708.0 | CurrentRaw=749.6 | Change=41.6 => Liquid
data,,708.0,749.8,41.8,749.8,Time=22.9s | BaseRaw=708.0 | CurrentRaw=749.8 | Change=41.8 => Liquid
data,,708.0,750.0,42.0,750.0,Time=23.0s | BaseRaw=708.0 | CurrentRaw=750.0 | Change=42.0 => Liquid
data,,708.0,750.0,42.0,750.0,Time=23.1s | BaseRaw=708.0 | CurrentRaw=750.0 | Change=42.0 => Liquid
data,,708.0,750.0,42.0,750.0,Time=23.2s | BaseRaw=708.0 | CurrentRaw=750.0 | Change=42.0 => Liquid
data,,708.0,749.8,41.8,749.8,Time=23.3s | BaseRaw=708.0 | CurrentRaw=749.8 | Change=41.8 => Liquid
data,,708.0,749.8,41.8,749.8,Time=23.4s | BaseRaw=708.0 | CurrentRaw=749.8 | Change=41.8 => Liquid
data,,708.0,749.6,41.6,749.6,Time=23.5s | BaseRaw=708.0 | CurrentRaw=749.6 | Change=41.6 => Liquid
data,,708.0,749.4,41.4,749.4,Time=23.6s | BaseRaw=708.0 | CurrentRaw=749.4 | Change=41.4 => Liquid
data,,708.0,749.4,41.4,749.4,Time=23.7s | BaseRaw=708.0 | CurrentRaw=749.4 | Change=41.4 => Liquid
data,,708.0,749.6,41.6,749.6,Time=23.8s | BaseRaw=708.0 | CurrentRaw=749.6 | Change=41.6 => Liquid
data,,708.0,749.8,41.8,749.8,Time=23.9s | BaseRaw=708.0 | CurrentRaw=749.8 | Change=41.8 => Liquid
data,,708.0,749.8,41.8,749.8,Time=24.0s | BaseRaw=708.0 | CurrentRaw=749.8 | Change=41.8 => Liquid
data,,708.0,749.8,41.8,749.8,Time=24.1s | BaseRaw=708.0 | CurrentRaw=749.8 | Change=41.8 => Liquid
data,,708.0,749.8,41.8,749.8,Time=24.2s | BaseRaw=708.0 | CurrentRaw=749.8 | Change=41.8 => Liquid
data,,708.0,749.4,41.4,749.4,Time=24.3s | BaseRaw=708.0 | CurrentRaw=749.4 | Change=41.4 => Liquid
data,,708.0,749.2,41.2,749.2,Time=24.4s | BaseRaw=708.0 | CurrentRaw=749.2 | Change=41.2 => Liquid
data,,708.0,749.2,41.2,749.2,Time=24.5s | BaseRaw=708.0 | CurrentRaw=749.2 | Change=41.2 => Liquid
data,,708.0,749.0,41.0,749.0,Time=24.6s | BaseRaw=708.0 | CurrentRaw=749.0 | Change=41.0 => Liquid
data,,708.0,749.2,41.2,749.2,Time=24.7s | BaseRaw=708.0 | CurrentRaw=749.2 | Change=41.2 => Liquid
data,,708.0,749.2,41.2,749.2,Time=24.8s | BaseRaw=708.0 | CurrentRaw=749.2 | Change=41.2 => Liquid
data,,708.0,749.2,41.2,749.2,Time=24.9s | BaseRaw=708.0 | CurrentRaw=749.2 | Change=41.2 => Liquid
data,,708.0,749.2,41.2,749.2,Time=25.0s | BaseRaw=708.0 | CurrentRaw=749.2 | Change=41.2 => Liquid
data,,708.0,749.2,41.2,749.2,Time=25.1s | BaseRaw=708.0 | CurrentRaw=749.2 | Change=41.2 => Liquid
data,,708.0,749.2,41.2,749.2,Time=25.2s | BaseRaw=708.0 | CurrentRaw=749.2 | Change=41.2 => Liquid
data,,708.0,749.2,41.2,749.2,Time=25.3s | BaseRaw=708.0 | CurrentRaw=749.2 | Change=41.2 => Liquid
data,,708.0,749.6,41.6,749.6,Time=25.4s | BaseRaw=708.0 | CurrentRaw=749.6 | Change=41.6 => Liquid
data,,708.0,750.0,42.0,750.0,Time=25.5s | BaseRaw=708.0 | CurrentRaw=750.0 | Change=42.0 => Liquid
data,,708.0,750.2,42.2,750.2,Time=25.6s | BaseRaw=708.0 | CurrentRaw=750.2 | Change=42.2 => Liquid
data,,708.0,750.8,42.8,750.8,Time=25.7s | BaseRaw=708.0 | CurrentRaw=750.8 | Change=42.8 => Liquid
data,,708.0,751.2,43.2,751.2,Time=25.8s | BaseRaw=708.0 | CurrentRaw=751.2 | Change=43.2 => Liquid
data,,708.0,751.6,43.6,751.6,Time=25.9s | BaseRaw=708.0 | CurrentRaw=751.6 | Change=43.6 => Liquid
data,,708.0,751.6,43.6,751.6,Time=26.0s | BaseRaw=708.0 | CurrentRaw=751.6 | Change=43.6 => Liquid
data,,708.0,751.6,43.6,751.6,Time=26.1s | BaseRaw=708.0 | CurrentRaw=751.6 | Change=43.6 => Liquid
data,,708.0,751.4,43.4,751.4,Time=26.2s | BaseRaw=708.0 | CurrentRaw=751.4 | Change=43.4 => Liquid
data,,708.0,751.0,43.0,751.0,Time=26.3s | BaseRaw=708.0 | CurrentRaw=751.0 | Change=43.0 => Liquid
data,,708.0,750.8,42.8,750.8,Time=26.4s | BaseRaw=708.0 | CurrentRaw=750.8 | Change=42.8 => Liquid
data,,708.0,751.8,43.8,751.8,Time=26.5s | BaseRaw=708.0 | CurrentRaw=751.8 | Change=43.8 => Liquid
data,,708.0,753.6,45.6,753.6,Time=26.6s | BaseRaw=708.0 | CurrentRaw=753.6 | Change=45.6 => Liquid
data,,708.0,755.0,47.0,755.0,Time=26.7s | BaseRaw=708.0 | CurrentRaw=755.0 | Change=47.0 => Liquid
data,,708.0,754.2,46.2,754.2,Time=26.8s | BaseRaw=708.0 | CurrentRaw=754.2 | Change=46.2 => Liquid
data,,708.0,751.6,43.6,751.6,Time=26.9s | BaseRaw=708.0 | CurrentRaw=751.6 | Change=43.6 => Liquid
data,,708.0,747.0,39.0,747.0,Time=27.0s | BaseRaw=708.0 | CurrentRaw=747.0 | Change=39.0 => Liquid
data,,708.0,740.8,32.8,740.8,Time=27.1s | BaseRaw=708.0 | CurrentRaw=740.8 | Change=32.8 => Liquid
data,,708.0,735.2,27.2,735.2,Time=27.2s | BaseRaw=708.0 | CurrentRaw=735.2 | Change=27.2 => Liquid
data,,708.0,731.6,23.6,731.6,Time=27.3s | BaseRaw=708.0 | CurrentRaw=731.6 | Change=23.6 => Liquid
data,,708.0,729.8,21.8,729.8,Time=27.4s | BaseRaw=708.0 | CurrentRaw=729.8 | Change=21.8 => Liquid
data,,708.0,729.2,21.2,729.2,Time=27.5s | BaseRaw=708.0 | CurrentRaw=729.2 | Change=21.2 => Liquid
data,,708.0,729.0,21.0,729.0,Time=27.6s | BaseRaw=708.0 | CurrentRaw=729.0 | Change=21.0 => Liquid
data,,708.0,729.0,21.0,729.0,Time=27.7s | BaseRaw=708.0 | CurrentRaw=729.0 | Change=21.0 => Liquid
data,,708.0,729.0,21.0,729.0,Time=27.8s | BaseRaw=708.0 | CurrentRaw=729.0 | Change=21.0 => Liquid
data,,708.0,728.6,20.6,728.6,Time=27.9s | BaseRaw=708.0 | CurrentRaw=728.6 | Change=20.6 => Liquid
data,,708.0,728.8,20.8,728.8,Time=28.0s | BaseRaw=708.0 | CurrentRaw=728.8 | Change=20.8 => Liquid
data,,708.0,728.6,20.6,728.6,Time=28.1s | BaseRaw=708.0 | CurrentRaw=728.6 | Change=20.6 => Liquid
data,,708.0,728.6,20.6,728.6,Time=28.2s | BaseRaw=708.0 | CurrentRaw=728.6 | Change=20.6 => Liquid
data,,708.0,728.6,20.6,728.6,Time=28.3s | BaseRaw=708.0 | CurrentRaw=728.6 | Change=20.6 => Liquid
data,,708.0,728.2,20.2,728.2,Time=28.4s | BaseRaw=708.0 | CurrentRaw=728.2 | Change=20.2 => Liquid
data,,708.0,728.0,20.0,728.0,Time=28.5s | BaseRaw=708.0 | CurrentRaw=728.0 | Change=20.0 => Liquid
data,,708.0,728.0,20.0,728.0,Time=28.6s | BaseRaw=708.0 | CurrentRaw=728.0 | Change=20.0 => Liquid
data,,708.0,728.0,20.0,728.0,Time=28.7s | BaseRaw=708.0 | CurrentRaw=728.0 | Change=20.0 => Liquid
data,,708.0,728.0,20.0,728.0,Time=28.8s | BaseRaw=708.0 | CurrentRaw=728.0 | Change=20.0 => Liquid
data,,708.0,728.0,20.0,728.0,Time=28.9s | BaseRaw=708.0 | CurrentRaw=728.0 | Change=20.0 => Liquid
data,,708.0,728.2,20.2,728.2,Time=29.0s | BaseRaw=708.0 | CurrentRaw=728.2 | Change=20.2 => Liquid
data,,708.0,728.0,20.0,728.0,Time=29.1s | BaseRaw=708.0 | CurrentRaw=728.0 | Change=20.0 => Liquid
data,,708.0,727.8,19.8,727.8,Time=29.2s | BaseRaw=708.0 | CurrentRaw=727.8 | Change=19.8 => Liquid
data,,708.0,728.0,20.0,728.0,Time=29.3s | BaseRaw=708.0 | CurrentRaw=728.0 | Change=20.0 => Liquid
data,,708.0,728.0,20.0,728.0,Time=29.4s | BaseRaw=708.0 | CurrentRaw=728.0 | Change=20.0 => Liquid
data,,708.0,728.2,20.2,728.2,Time=29.5s | BaseRaw=708.0 | CurrentRaw=728.2 | Change=20.2 => Liquid
data,,708.0,728.2,20.2,728.2,Time=29.6s | BaseRaw=708.0 | CurrentRaw=728.2 | Change=20.2 => Liquid
data,,708.0,728.4,20.4,728.4,Time=29.7s | BaseRaw=708.0 | CurrentRaw=728.4 | Change=20.4 => Liquid
data,,708.0,728.8,20.8,728.8,Time=29.8s | BaseRaw=708.0 | CurrentRaw=728.8 | Change=20.8 => Liquid
data,,708.0,729.0,21.0,729.0,Time=29.9s | BaseRaw=708.0 | CurrentRaw=729.0 | Change=21.0 => Liquid
data,,708.0,729.0,21.0,729.0,Time=30.0s | BaseRaw=708.0 | CurrentRaw=729.0 | Change=21.0 => Liquid
data,,708.0,729.0,21.0,729.0,Time=30.1s | BaseRaw=708.0 | CurrentRaw=729.0 | Change=21.0 => Liquid
data,,708.0,728.8,20.8,728.8,Time=30.2s | BaseRaw=708.0 | CurrentRaw=728.8 | Change=20.8 => Liquid
data,,708.0,728.6,20.6,728.6,Time=30.3s | BaseRaw=708.0 | CurrentRaw=728.6 | Change=20.6 => Liquid
data,,708.0,728.4,20.4,728.4,Time=30.4s | BaseRaw=708.0 | CurrentRaw=728.4 | Change=20.4 => Liquid
data,,708.0,728.4,20.4,728.4,Time=30.5s | BaseRaw=708.0 | CurrentRaw=728.4 | Change=20.4 => Liquid
data,,708.0,728.4,20.4,728.4,Time=30.6s | BaseRaw=708.0 | CurrentRaw=728.4 | Change=20.4 => Liquid
data,,708.0,728.2,20.2,728.2,Time=30.7s | BaseRaw=708.0 | CurrentRaw=728.2 | Change=20.2 => Liquid
data,,708.0,728.4,20.4,728.4,Time=30.8s | BaseRaw=708.0 | CurrentRaw=728.4 | Change=20.4 => Liquid
data,,708.0,728.2,20.2,728.2,Time=30.9s | BaseRaw=708.0 | CurrentRaw=728.2 | Change=20.2 => Liquid
data,,708.0,728.4,20.4,728.4,Time=31.0s | BaseRaw=708.0 | CurrentRaw=728.4 | Change=20.4 => Liquid
data,,708.0,728.6,20.6,728.6,Time=31.1s | BaseRaw=708.0 | CurrentRaw=728.6 | Change=20.6 => Liquid
data,,708.0,728.4,20.4,728.4,Time=31.2s | BaseRaw=708.0 | CurrentRaw=728.4 | Change=20.4 => Liquid
data,,708.0,728.0,20.0,728.0,Time=31.3s | BaseRaw=708.0 | CurrentRaw=728.0 | Change=20.0 => Liquid
data,,708.0,727.6,19.6,727.6,Time=31.4s | BaseRaw=708.0 | CurrentRaw=727.6 | Change=19.6 => Liquid
data,,708.0,727.4,19.4,727.4,Time=31.5s | BaseRaw=708.0 | CurrentRaw=727.4 | Change=19.4 => Liquid
data,,708.0,727.0,19.0,727.0,Time=31.6s | BaseRaw=708.0 | CurrentRaw=727.0 | Change=19.0 => Liquid
data,,708.0,727.0,19.0,727.0,Time=31.7s | BaseRaw=708.0 | CurrentRaw=727.0 | Change=19.0 => Liquid
data,,708.0,727.4,19.4,727.4,Time=31.8s | BaseRaw=708.0 | CurrentRaw=727.4 | Change=19.4 => Liquid
data,,708.0,727.6,19.6,727.6,Time=31.9s | BaseRaw=708.0 | CurrentRaw=727.6 | Change=19.6 => Liquid
data,,708.0,727.6,19.6,727.6,Time=32.0s | BaseRaw=708.0 | CurrentRaw=727.6 | Change=19.6 => Liquid
data,,708.0,727.8,19.8,727.8,Time=32.1s | BaseRaw=708.0 | CurrentRaw=727.8 | Change=19.8 => Liquid
data,,708.0,727.2,19.2,727.2,Time=32.2s | BaseRaw=708.0 | CurrentRaw=727.2 | Change=19.2 => Liquid
data,,708.0,727.2,19.2,727.2,Time=32.3s | BaseRaw=708.0 | CurrentRaw=727.2 | Change=19.2 => Liquid
data,,708.0,726.6,18.6,726.6,Time=32.4s | BaseRaw=708.0 | CurrentRaw=726.6 | Change=18.6 => Liquid
data,,708.0,726.4,18.4,726.4,Time=32.5s | BaseRaw=708.0 | CurrentRaw=726.4 | Change=18.4 => Liquid
data,,708.0,726.6,18.6,726.6,Time=32.6s | BaseRaw=708.0 | CurrentRaw=726.6 | Change=18.6 => Liquid
data,,708.0,727.0,19.0,727.0,Time=32.7s | BaseRaw=708.0 | CurrentRaw=727.0 | Change=19.0 => Liquid
data,,708.0,727.2,19.2,727.2,Time=32.8s | BaseRaw=708.0 | CurrentRaw=727.2 | Change=19.2 => Liquid
data,,708.0,727.4,19.4,727.4,Time=32.9s | BaseRaw=708.0 | CurrentRaw=727.4 | Change=19.4 => Liquid
data,,708.0,727.2,19.2,727.2,Time=33.0s | BaseRaw=708.0 | CurrentRaw=727.2 | Change=19.2 => Liquid
data,,708.0,727.2,19.2,727.2,Time=33.1s | BaseRaw=708.0 | CurrentRaw=727.2 | Change=19.2 => Liquid
data,,708.0,726.6,18.6,726.6,Time=33.2s | BaseRaw=708.0 | CurrentRaw=726.6 | Change=18.6 => Liquid
data,,708.0,726.4,18.4,726.4,Time=33.3s | BaseRaw=708.0 | CurrentRaw=726.4 | Change=18.4 => Liquid
data,,708.0,726.2,18.2,726.2,Time=33.4s | BaseRaw=708.0 | CurrentRaw=726.2 | Change=18.2 => Liquid
data,,708.0,725.6,17.6,725.6,Time=33.5s | BaseRaw=708.0 | CurrentRaw=725.6 | Change=17.6 => Liquid
data,,708.0,724.6,16.6,724.6,Time=33.6s | BaseRaw=708.0 | CurrentRaw=724.6 | Change=16.6 => Liquid
data,,708.0,722.8,14.8,722.8,Time=33.7s | BaseRaw=708.0 | CurrentRaw=722.8 | Change=14.8 => Liquid
data,,708.0,720.4,12.4,720.4,Time=33.8s | BaseRaw=708.0 | CurrentRaw=720.4 | Change=12.4 => Liquid
data,,708.0,718.2,10.2,718.2,Time=33.9s | BaseRaw=708.0 | CurrentRaw=718.2 | Change=10.2 => Liquid
data,,708.0,716.8,8.8,716.8,Time=34.0s | BaseRaw=708.0 | CurrentRaw=716.8 | Change=8.8 => Floor
data,,708.0,717.2,9.2,717.2,Time=34.1s | BaseRaw=708.0 | CurrentRaw=717.2 | Change=9.2 => Floor
data,,708.0,718.4,10.4,718.4,Time=34.2s | BaseRaw=708.0 | CurrentRaw=718.4 | Change=10.4 => Liquid
data,,708.0,719.2,11.2,719.2,Time=34.3s | BaseRaw=708.0 | CurrentRaw=719.2 | Change=11.2 => Liquid
data,,708.0,721.6,13.6,721.6,Time=34.4s | BaseRaw=708.0 | CurrentRaw=721.6 | Change=13.6 => Liquid
data,,708.0,722.0,14.0,722.0,Time=34.5s | BaseRaw=708.0 | CurrentRaw=722.0 | Change=14.0 => Liquid
data,,708.0,722.4,14.4,722.4,Time=34.6s | BaseRaw=708.0 | CurrentRaw=722.4 | Change=14.4 => Liquid
data,,708.0,723.0,15.0,723.0,Time=34.7s | BaseRaw=708.0 | CurrentRaw=723.0 | Change=15.0 => Liquid
data,,708.0,723.2,15.2,723.2,Time=34.8s | BaseRaw=708.0 | CurrentRaw=723.2 | Change=15.2 => Liquid
data,,708.0,723.4,15.4,723.4,Time=34.9s | BaseRaw=708.0 | CurrentRaw=723.4 | Change=15.4 => Liquid
data,,708.0,723.4,15.4,723.4,Time=35.0s | BaseRaw=708.0 | CurrentRaw=723.4 | Change=15.4 => Liquid
data,,708.0,722.8,14.8,722.8,Time=35.1s | BaseRaw=708.0 | CurrentRaw=722.8 | Change=14.8 => Liquid
data,,708.0,722.6,14.6,722.6,Time=35.2s | BaseRaw=708.0 | CurrentRaw=722.6 | Change=14.6 => Liquid
data,,708.0,722.2,14.2,722.2,Time=35.3s | BaseRaw=708.0 | CurrentRaw=722.2 | Change=14.2 => Liquid
data,,708.0,722.2,14.2,722.2,Time=35.4s | BaseRaw=708.0 | CurrentRaw=722.2 | Change=14.2 => Liquid
data,,708.0,722.2,14.2,722.2,Time=35.5s | BaseRaw=708.0 | CurrentRaw=722.2 | Change=14.2 => Liquid
data,,708.0,722.0,14.0,722.0,Time=35.6s | BaseRaw=708.0 | CurrentRaw=722.0 | Change=14.0 => Liquid
data,,708.0,721.8,13.8,721.8,Time=35.7s | BaseRaw=708.0 | CurrentRaw=721.8 | Change=13.8 => Liquid
data,,708.0,721.6,13.6,721.6,Time=35.8s | BaseRaw=708.0 | CurrentRaw=721.6 | Change=13.6 => Liquid
data,,708.0,721.4,13.4,721.4,Time=35.9s | BaseRaw=708.0 | CurrentRaw=721.4 | Change=13.4 => Liquid
data,,708.0,721.6,13.6,721.6,Time=36.0s | BaseRaw=708.0 | CurrentRaw=721.6 | Change=13.6 => Liquid
data,,708.0,721.6,13.6,721.6,Time=36.1s | BaseRaw=708.0 | CurrentRaw=721.6 | Change=13.6 => Liquid
data,,708.0,722.0,14.0,722.0,Time=36.2s | BaseRaw=708.0 | CurrentRaw=722.0 | Change=14.0 => Liquid
data,,708.0,722.2,14.2,722.2,Time=36.3s | BaseRaw=708.0 | CurrentRaw=722.2 | Change=14.2 => Liquid
data,,708.0,722.4,14.4,722.4,Time=36.4s | BaseRaw=708.0 | CurrentRaw=722.4 | Change=14.4 => Liquid
data,,708.0,722.6,14.6,722.6,Time=36.5s | BaseRaw=708.0 | CurrentRaw=722.6 | Change=14.6 => Liquid
data,,708.0,722.6,14.6,722.6,Time=36.6s | BaseRaw=708.0 | CurrentRaw=722.6 | Change=14.6 => Liquid
data,,708.0,722.6,14.6,722.6,Time=36.7s | BaseRaw=708.0 | CurrentRaw=722.6 | Change=14.6 => Liquid
data,,708.0,722.4,14.4,722.4,Time=36.8s | BaseRaw=708.0 | CurrentRaw=722.4 | Change=14.4 => Liquid
data,,708.0,722.0,14.0,722.0,Time=36.9s | BaseRaw=708.0 | CurrentRaw=722.0 | Change=14.0 => Liquid
data,,708.0,721.8,13.8,721.8,Time=37.0s | BaseRaw=708.0 | CurrentRaw=721.8 | Change=13.8 => Liquid
data,,708.0,721.6,13.6,721.6,Time=37.1s | BaseRaw=708.0 | CurrentRaw=721.6 | Change=13.6 => Liquid
data,,708.0,721.8,13.8,721.8,Time=37.2s | BaseRaw=708.0 | CurrentRaw=721.8 | Change=13.8 => Liquid
data,,708.0,722.0,14.0,722.0,Time=37.3s | BaseRaw=708.0 | CurrentRaw=722.0 | Change=14.0 => Liquid
data,,708.0,722.0,14.0,722.0,Time=37.4s | BaseRaw=708.0 | CurrentRaw=722.0 | Change=14.0 => Liquid
data,,708.0,722.6,14.6,722.6,Time=37.5s | BaseRaw=708.0 | CurrentRaw=722.6 | Change=14.6 => Liquid
data,,708.0,722.4,14.4,722.4,Time=37.6s | BaseRaw=708.0 | CurrentRaw=722.4 | Change=14.4 => Liquid
data,,708.0,722.4,14.4,722.4,Time=37.7s | BaseRaw=708.0 | CurrentRaw=722.4 | Change=14.4 => Liquid
data,,708.0,722.2,14.2,722.2,Time=37.8s | BaseRaw=708.0 | CurrentRaw=722.2 | Change=14.2 => Liquid
data,,708.0,722.0,14.0,722.0,Time=37.9s | BaseRaw=708.0 | CurrentRaw=722.0 | Change=14.0 => Liquid
data,,708.0,721.8,13.8,721.8,Time=38.0s | BaseRaw=708.0 | CurrentRaw=721.8 | Change=13.8 => Liquid
data,,708.0,721.8,13.8,721.8,Time=38.1s | BaseRaw=708.0 | CurrentRaw=721.8 | Change=13.8 => Liquid
data,,708.0,721.8,13.8,721.8,Time=38.2s | BaseRaw=708.0 | CurrentRaw=721.8 | Change=13.8 => Liquid
data,,708.0,722.2,14.2,722.2,Time=38.3s | BaseRaw=708.0 | CurrentRaw=722.2 | Change=14.2 => Liquid
data,,708.0,722.2,14.2,722.2,Time=38.4s | BaseRaw=708.0 | CurrentRaw=722.2 | Change=14.2 => Liquid
data,,708.0,722.2,14.2,722.2,Time=38.5s | BaseRaw=708.0 | CurrentRaw=722.2 | Change=14.2 => Liquid
data,,708.0,722.4,14.4,722.4,Time=38.6s | BaseRaw=708.0 | CurrentRaw=722.4 | Change=14.4 => Liquid
data,,708.0,722.2,14.2,722.2,Time=38.7s | BaseRaw=708.0 | CurrentRaw=722.2 | Change=14.2 => Liquid
data,,708.0,722.2,14.2,722.2,Time=38.8s | BaseRaw=708.0 | CurrentRaw=722.2 | Change=14.2 => Liquid
data,,708.0,722.0,14.0,722.0,Time=38.9s | BaseRaw=708.0 | CurrentRaw=722.0 | Change=14.0 => Liquid
data,,708.0,722.4,14.4,722.4,Time=39.0s | BaseRaw=708.0 | CurrentRaw=722.4 | Change=14.4 => Liquid
data,,708.0,722.2,14.2,722.2,Time=39.1s | BaseRaw=708.0 | CurrentRaw=722.2 | Change=14.2 => Liquid
data,,708.0,722.4,14.4,722.4,Time=39.2s | BaseRaw=708.0 | CurrentRaw=722.4 | Change=14.4 => Liquid
data,,708.0,722.8,14.8,722.8,Time=39.3s | BaseRaw=708.0 | CurrentRaw=722.8 | Change=14.8 => Liquid
data,,708.0,722.8,14.8,722.8,Time=39.4s | BaseRaw=708.0 | CurrentRaw=722.8 | Change=14.8 => Liquid
data,,708.0,722.6,14.6,722.6,Time=39.5s | BaseRaw=708.0 | CurrentRaw=722.6 | Change=14.6 => Liquid
data,,708.0,722.4,14.4,722.4,Time=39.6s | BaseRaw=708.0 | CurrentRaw=722.4 | Change=14.4 => Liquid
data,,708.0,721.8,13.8,721.8,Time=39.7s | BaseRaw=708.0 | CurrentRaw=721.8 | Change=13.8 => Liquid
data,,708.0,721.4,13.4,721.4,Time=39.8s | BaseRaw=708.0 | CurrentRaw=721.4 | Change=13.4 => Liquid
data,,708.0,721.2,13.2,721.2,Time=39.9s | BaseRaw=708.0 | CurrentRaw=721.2 | Change=13.2 => Liquid
data,,708.0,721.0,13.0,721.0,Time=40.0s | BaseRaw=708.0 | CurrentRaw=721.0 | Change=13.0 => Liquid
data,,708.0,720.8,12.8,720.8,Time=40.1s | BaseRaw=708.0 | CurrentRaw=720.8 | Change=12.8 => Liquid
data,,708.0,721.0,13.0,721.0,Time=40.2s | BaseRaw=708.0 | CurrentRaw=721.0 | Change=13.0 => Liquid
data,,708.0,721.2,13.2,721.2,Time=40.3s | BaseRaw=708.0 | CurrentRaw=721.2 | Change=13.2 => Liquid
data,,708.0,721.0,13.0,721.0,Time=40.4s | BaseRaw=708.0 | CurrentRaw=721.0 | Change=13.0 => Liquid
data,,708.0,721.0,13.0,721.0,Time=40.5s | BaseRaw=708.0 | CurrentRaw=721.0 | Change=13.0 => Liquid
data,,708.0,721.4,13.4,721.4,Time=40.6s | BaseRaw=708.0 | CurrentRaw=721.4 | Change=13.4 => Liquid
data,,708.0,722.2,14.2,722.2,Time=40.7s | BaseRaw=708.0 | CurrentRaw=722.2 | Change=14.2 => Liquid
data,,708.0,723.6,15.6,723.6,Time=40.8s | BaseRaw=708.0 | CurrentRaw=723.6 | Change=15.6 => Liquid
data,,708.0,724.6,16.6,724.6,Time=40.9s | BaseRaw=708.0 | CurrentRaw=724.6 | Change=16.6 => Liquid
data,,708.0,725.8,17.8,725.8,Time=41.0s | BaseRaw=708.0 | CurrentRaw=725.8 | Change=17.8 => Liquid
data,,708.0,727.2,19.2,727.2,Time=41.1s | BaseRaw=708.0 | CurrentRaw=727.2 | Change=19.2 => Liquid
data,,708.0,727.4,19.4,727.4,Time=41.2s | BaseRaw=708.0 | CurrentRaw=727.4 | Change=19.4 => Liquid
data,,708.0,727.6,19.6,727.6,Time=41.3s | BaseRaw=708.0 | CurrentRaw=727.6 | Change=19.6 => Liquid
data,,708.0,727.4,19.4,727.4,Time=41.4s | BaseRaw=708.0 | CurrentRaw=727.4 | Change=19.4 => Liquid
data,,708.0,727.6,19.6,727.6,Time=41.5s | BaseRaw=708.0 | CurrentRaw=727.6 | Change=19.6 => Liquid
data,,708.0,727.4,19.4,727.4,Time=41.6s | BaseRaw=708.0 | CurrentRaw=727.4 | Change=19.4 => Liquid
data,,708.0,727.2,19.2,727.2,Time=41.7s | BaseRaw=708.0 | CurrentRaw=727.2 | Change=19.2 => Liquid
data,,708.0,727.0,19.0,727.0,Time=41.8s | BaseRaw=708.0 | CurrentRaw=727.0 | Change=19.0 => Liquid
data,,708.0,727.2,19.2,727.2,Time=41.9s | BaseRaw=708.0 | CurrentRaw=727.2 | Change=19.2 => Liquid
data,,708.0,727.0,19.0,727.0,Time=42.0s | BaseRaw=708.0 | CurrentRaw=727.0 | Change=19.0 => Liquid
data,,708.0,727.2,19.2,727.2,Time=42.1s | BaseRaw=708.0 | CurrentRaw=727.2 | Change=19.2 => Liquid
data,,708.0,727.0,19.0,727.0,Time=42.2s | BaseRaw=708.0 | CurrentRaw=727.0 | Change=19.0 => Liquid
data,,708.0,727.0,19.0,727.0,Time=42.3s | BaseRaw=708.0 | CurrentRaw=727.0 | Change=19.0 => Liquid
data,,708.0,727.2,19.2,727.2,Time=42.4s | BaseRaw=708.0 | CurrentRaw=727.2 | Change=19.2 => Liquid
data,,708.0,727.0,19.0,727.0,Time=42.5s | BaseRaw=708.0 | CurrentRaw=727.0 | Change=19.0 => Liquid
data,,708.0,727.0,19.0,727.0,Time=42.6s | BaseRaw=708.0 | CurrentRaw=727.0 | Change=19.0 => Liquid
data,,708.0,726.8,18.8,726.8,Time=42.7s | BaseRaw=708.0 | CurrentRaw=726.8 | Change=18.8 => Liquid
data,,708.0,726.8,18.8,726.8,Time=42.8s | BaseRaw=708.0 | CurrentRaw=726.8 | Change=18.8 => Liquid
data,,708.0,726.6,18.6,726.6,Time=42.9s | BaseRaw=708.0 | CurrentRaw=726.6 | Change=18.6 => Liquid
data,,708.0,726.4,18.4,726.4,Time=43.0s | BaseRaw=708.0 | CurrentRaw=726.4 | Change=18.4 => Liquid
data,,708.0,726.4,18.4,726.4,Time=43.1s | BaseRaw=708.0 | CurrentRaw=726.4 | Change=18.4 => Liquid
data,,708.0,726.8,18.8,726.8,Time=43.2s | BaseRaw=708.0 | CurrentRaw=726.8 | Change=18.8 => Liquid
data,,708.0,727.0,19.0,727.0,Time=43.3s | BaseRaw=708.0 | CurrentRaw=727.0 | Change=19.0 => Liquid
data,,708.0,727.4,19.4,727.4,Time=43.4s | BaseRaw=708.0 | CurrentRaw=727.4 | Change=19.4 => Liquid
data,,708.0,727.4,19.4,727.4,Time=43.5s | BaseRaw=708.0 | CurrentRaw=727.4 | Change=19.4 => Liquid
data,,708.0,727.6,19.6,727.6,Time=43.6s | BaseRaw=708.0 | CurrentRaw=727.6 | Change=19.6 => Liquid
data,,708.0,727.2,19.2,727.2,Time=43.7s | BaseRaw=708.0 | CurrentRaw=727.2 | Change=19.2 => Liquid
data,,708.0,727.0,19.0,727.0,Time=43.8s | BaseRaw=708.0 | CurrentRaw=727.0 | Change=19.0 => Liquid
data,,708.0,727.0,19.0,727.0,Time=43.9s | BaseRaw=708.0 | CurrentRaw=727.0 | Change=19.0 => Liquid
data,,708.0,727.0,19.0,727.0,Time=44.0s | BaseRaw=708.0 | CurrentRaw=727.0 | Change=19.0 => Liquid
data,,708.0,727.2,19.2,727.2,Time=44.1s | BaseRaw=708.0 | CurrentRaw=727.2 | Change=19.2 => Liquid
data,,708.0,727.4,19.4,727.4,Time=44.2s | BaseRaw=708.0 | CurrentRaw=727.4 | Change=19.4 => Liquid
data,,708.0,727.4,19.4,727.4,Time=44.3s | BaseRaw=708.0 | CurrentRaw=727.4 | Change=19.4 => Liquid
data,,708.0,727.4,19.4,727.4,Time=44.4s | BaseRaw=708.0 | CurrentRaw=727.4 | Change=19.4 => Liquid
data,,708.0,727.2,19.2,727.2,Time=44.5s | BaseRaw=708.0 | CurrentRaw=727.2 | Change=19.2 => Liquid
data,,708.0,727.2,19.2,727.2,Time=44.6s | BaseRaw=708.0 | CurrentRaw=727.2 | Change=19.2 => Liquid
data,,708.0,726.8,18.8,726.8,Time=44.7s | BaseRaw=708.0 | CurrentRaw=726.8 | Change=18.8 => Liquid
data,,708.0,726.6,18.6,726.6,Time=44.8s | BaseRaw=708.0 | CurrentRaw=726.6 | Change=18.6 => Liquid
data,,708.0,726.8,18.8,726.8,Time=44.9s | BaseRaw=708.0 | CurrentRaw=726.8 | Change=18.8 => Liquid
data,,708.0,727.0,19.0,727.0,Time=45.0s | BaseRaw=708.0 | CurrentRaw=727.0 | Change=19.0 => Liquid
data,,708.0,727.2,19.2,727.2,Time=45.1s | BaseRaw=708.0 | CurrentRaw=727.2 | Change=19.2 => Liquid
data,,708.0,727.4,19.4,727.4,Time=45.2s | BaseRaw=708.0 | CurrentRaw=727.4 | Change=19.4 => Liquid
data,,708.0,727.6,19.6,727.6,Time=45.3s | BaseRaw=708.0 | CurrentRaw=727.6 | Change=19.6 => Liquid
data,,708.0,727.4,19.4,727.4,Time=45.4s | BaseRaw=708.0 | CurrentRaw=727.4 | Change=19.4 => Liquid
data,,708.0,727.0,19.0,727.0,Time=45.5s | BaseRaw=708.0 | CurrentRaw=727.0 | Change=19.0 => Liquid
data,,708.0,726.6,18.6,726.6,Time=45.6s | BaseRaw=708.0 | CurrentRaw=726.6 | Change=18.6 => Liquid
data,,708.0,726.4,18.4,726.4,Time=45.7s | BaseRaw=708.0 | CurrentRaw=726.4 | Change=18.4 => Liquid
data,,708.0,726.0,18.0,726.0,Time=45.8s | BaseRaw=708.0 | CurrentRaw=726.0 | Change=18.0 => Liquid
data,,708.0,726.2,18.2,726.2,Time=45.9s | BaseRaw=708.0 | CurrentRaw=726.2 | Change=18.2 => Liquid
data,,708.0,726.2,18.2,726.2,Time=46.0s | BaseRaw=708.0 | CurrentRaw=726.2 | Change=18.2 => Liquid
data,,708.0,726.4,18.4,726.4,Time=46.1s | BaseRaw=708.0 | CurrentRaw=726.4 | Change=18.4 => Liquid
data,,708.0,726.4,18.4,726.4,Time=46.2s | BaseRaw=708.0 | CurrentRaw=726.4 | Change=18.4 => Liquid
data,,708.0,726.4,18.4,726.4,Time=46.3s | BaseRaw=708.0 | CurrentRaw=726.4 | Change=18.4 => Liquid
data,,708.0,726.2,18.2,726.2,Time=46.4s | BaseRaw=708.0 | CurrentRaw=726.2 | Change=18.2 => Liquid
data,,708.0,726.0,18.0,726.0,Time=46.5s | BaseRaw=708.0 | CurrentRaw=726.0 | Change=18.0 => Liquid
data,,708.0,726.0,18.0,726.0,Time=46.6s | BaseRaw=708.0 | CurrentRaw=726.0 | Change=18.0 => Liquid
data,,708.0,726.0,18.0,726.0,Time=46.7s | BaseRaw=708.0 | CurrentRaw=726.0 | Change=18.0 => Liquid
data,,708.0,725.8,17.8,725.8,Time=46.8s | BaseRaw=708.0 | CurrentRaw=725.8 | Change=17.8 => Liquid
data,,708.0,726.2,18.2,726.2,Time=46.9s | BaseRaw=708.0 | CurrentRaw=726.2 | Change=18.2 => Liquid
data,,708.0,726.4,18.4,726.4,Time=47.0s | BaseRaw=708.0 | CurrentRaw=726.4 | Change=18.4 => Liquid
data,,708.0,726.6,18.6,726.6,Time=47.1s | BaseRaw=708.0 | CurrentRaw=726.6 | Change=18.6 => Liquid
data,,708.0,726.6,18.6,726.6,Time=47.2s | BaseRaw=708.0 | CurrentRaw=726.6 | Change=18.6 => Liquid
data,,708.0,726.8,18.8,726.8,Time=47.3s | BaseRaw=708.0 | CurrentRaw=726.8 | Change=18.8 => Liquid
data,,708.0,726.8,18.8,726.8,Time=47.4s | BaseRaw=708.0 | CurrentRaw=726.8 | Change=18.8 => Liquid
data,,708.0,726.8,18.8,726.8,Time=47.5s | BaseRaw=708.0 | CurrentRaw=726.8 | Change=18.8 => Liquid
data,,708.0,726.6,18.6,726.6,Time=47.6s | BaseRaw=708.0 | CurrentRaw=726.6 | Change=18.6 => Liquid
data,,708.0,727.4,19.4,727.4,Time=47.7s | BaseRaw=708.0 | CurrentRaw=727.4 | Change=19.4 => Liquid
data,,708.0,727.8,19.8,727.8,Time=47.8s | BaseRaw=708.0 | CurrentRaw=727.8 | Change=19.8 => Liquid
data,,708.0,728.8,20.8,728.8,Time=47.9s | BaseRaw=708.0 | CurrentRaw=728.8 | Change=20.8 => Liquid
data,,708.0,730.0,22.0,730.0,Time=48.0s | BaseRaw=708.0 | CurrentRaw=730.0 | Change=22.0 => Liquid
data,,708.0,731.2,23.2,731.2,Time=48.1s | BaseRaw=708.0 | CurrentRaw=731.2 | Change=23.2 => Liquid
data,,708.0,731.8,23.8,731.8,Time=48.2s | BaseRaw=708.0 | CurrentRaw=731.8 | Change=23.8 => Liquid
data,,708.0,731.6,23.6,731.6,Time=48.3s | BaseRaw=708.0 | CurrentRaw=731.6 | Change=23.6 => Liquid
data,,708.0,731.0,23.0,731.0,Time=48.4s | BaseRaw=708.0 | CurrentRaw=731.0 | Change=23.0 => Liquid
data,,708.0,730.0,22.0,730.0,Time=48.5s | BaseRaw=708.0 | CurrentRaw=730.0 | Change=22.0 => Liquid
data,,708.0,731.4,23.4,731.4,Time=48.6s | BaseRaw=708.0 | CurrentRaw=731.4 | Change=23.4 => Liquid
data,,708.0,733.8,25.8,733.8,Time=48.7s | BaseRaw=708.0 | CurrentRaw=733.8 | Change=25.8 => Liquid
data,,708.0,736.8,28.8,736.8,Time=48.8s | BaseRaw=708.0 | CurrentRaw=736.8 | Change=28.8 => Liquid
data,,708.0,740.0,32.0,740.0,Time=48.9s | BaseRaw=708.0 | CurrentRaw=740.0 | Change=32.0 => Liquid
data,,708.0,742.8,34.8,742.8,Time=49.0s | BaseRaw=708.0 | CurrentRaw=742.8 | Change=34.8 => Liquid
data,,708.0,743.4,35.4,743.4,Time=49.1s | BaseRaw=708.0 | CurrentRaw=743.4 | Change=35.4 => Liquid
data,,708.0,743.6,35.6,743.6,Time=49.2s | BaseRaw=708.0 | CurrentRaw=743.6 | Change=35.6 => Liquid
data,,708.0,743.4,35.4,743.4,Time=49.3s | BaseRaw=708.0 | CurrentRaw=743.4 | Change=35.4 => Liquid
data,,708.0,743.2,35.2,743.2,Time=49.4s | BaseRaw=708.0 | CurrentRaw=743.2 | Change=35.2 => Liquid
data,,708.0,743.0,35.0,743.0,Time=49.5s | BaseRaw=708.0 | CurrentRaw=743.0 | Change=35.0 => Liquid
data,,708.0,743.2,35.2,743.2,Time=49.6s | BaseRaw=708.0 | CurrentRaw=743.2 | Change=35.2 => Liquid
data,,708.0,742.8,34.8,742.8,Time=49.7s | BaseRaw=708.0 | CurrentRaw=742.8 | Change=34.8 => Liquid
data,,708.0,742.8,34.8,742.8,Time=49.8s | BaseRaw=708.0 | CurrentRaw=742.8 | Change=34.8 => Liquid
data,,708.0,743.0,35.0,743.0,Time=49.9s | BaseRaw=708.0 | CurrentRaw=743.0 | Change=35.0 => Liquid
data,,708.0,743.4,35.4,743.4,Time=50.0s | BaseRaw=708.0 | CurrentRaw=743.4 | Change=35.4 => Liquid
data,,708.0,743.0,35.0,743.0,Time=50.1s | BaseRaw=708.0 | CurrentRaw=743.0 | Change=35.0 => Liquid
data,,708.0,743.2,35.2,743.2,Time=50.2s | BaseRaw=708.0 | CurrentRaw=743.2 | Change=35.2 => Liquid
data,,708.0,743.2,35.2,743.2,Time=50.3s | BaseRaw=708.0 | CurrentRaw=743.2 | Change=35.2 => Liquid
data,,708.0,742.8,34.8,742.8,Time=50.4s | BaseRaw=708.0 | CurrentRaw=742.8 | Change=34.8 => Liquid
data,,708.0,742.8,34.8,742.8,Time=50.5s | BaseRaw=708.0 | CurrentRaw=742.8 | Change=34.8 => Liquid
data,,708.0,742.6,34.6,742.6,Time=50.6s | BaseRaw=708.0 | CurrentRaw=742.6 | Change=34.6 => Liquid
data,,708.0,742.8,34.8,742.8,Time=50.7s | BaseRaw=708.0 | CurrentRaw=742.8 | Change=34.8 => Liquid
data,,708.0,742.8,34.8,742.8,Time=50.8s | BaseRaw=708.0 | CurrentRaw=742.8 | Change=34.8 => Liquid
data,,708.0,743.4,35.4,743.4,Time=50.9s | BaseRaw=708.0 | CurrentRaw=743.4 | Change=35.4 => Liquid
data,,708.0,743.4,35.4,743.4,Time=51.0s | BaseRaw=708.0 | CurrentRaw=743.4 | Change=35.4 => Liquid
data,,708.0,743.8,35.8,743.8,Time=51.1s | BaseRaw=708.0 | CurrentRaw=743.8 | Change=35.8 => Liquid
data,,708.0,743.8,35.8,743.8,Time=51.2s | BaseRaw=708.0 | CurrentRaw=743.8 | Change=35.8 => Liquid
data,,708.0,743.6,35.6,743.6,Time=51.3s | BaseRaw=708.0 | CurrentRaw=743.6 | Change=35.6 => Liquid
data,,708.0,743.4,35.4,743.4,Time=51.4s | BaseRaw=708.0 | CurrentRaw=743.4 | Change=35.4 => Liquid
data,,708.0,743.4,35.4,743.4,Time=51.5s | BaseRaw=708.0 | CurrentRaw=743.4 | Change=35.4 => Liquid
data,,708.0,743.0,35.0,743.0,Time=51.6s | BaseRaw=708.0 | CurrentRaw=743.0 | Change=35.0 => Liquid
data,,708.0,743.0,35.0,743.0,Time=51.7s | BaseRaw=708.0 | CurrentRaw=743.0 | Change=35.0 => Liquid
data,,708.0,743.2,35.2,743.2,Time=51.8s | BaseRaw=708.0 | CurrentRaw=743.2 | Change=35.2 => Liquid
data,,708.0,743.4,35.4,743.4,Time=51.9s | BaseRaw=708.0 | CurrentRaw=743.4 | Change=35.4 => Liquid
data,,708.0,743.6,35.6,743.6,Time=52.0s | BaseRaw=708.0 | CurrentRaw=743.6 | Change=35.6 => Liquid
data,,708.0,743.8,35.8,743.8,Time=52.1s | BaseRaw=708.0 | CurrentRaw=743.8 | Change=35.8 => Liquid
data,,708.0,743.8,35.8,743.8,Time=52.2s | BaseRaw=708.0 | CurrentRaw=743.8 | Change=35.8 => Liquid
data,,708.0,743.6,35.6,743.6,Time=52.3s | BaseRaw=708.0 | CurrentRaw=743.6 | Change=35.6 => Liquid
data,,708.0,743.4,35.4,743.4,Time=52.4s | BaseRaw=708.0 | CurrentRaw=743.4 | Change=35.4 => Liquid
data,,708.0,743.0,35.0,743.0,Time=52.5s | BaseRaw=708.0 | CurrentRaw=743.0 | Change=35.0 => Liquid
data,,708.0,743.0,35.0,743.0,Time=52.6s | BaseRaw=708.0 | CurrentRaw=743.0 | Change=35.0 => Liquid
data,,708.0,743.2,35.2,743.2,Time=52.7s | BaseRaw=708.0 | CurrentRaw=743.2 | Change=35.2 => Liquid
data,,708.0,743.4,35.4,743.4,Time=52.8s | BaseRaw=708.0 | CurrentRaw=743.4 | Change=35.4 => Liquid
data,,708.0,743.4,35.4,743.4,Time=52.9s | BaseRaw=708.0 | CurrentRaw=743.4 | Change=35.4 => Liquid
data,,708.0,743.8,35.8,743.8,Time=53.0s | BaseRaw=708.0 | CurrentRaw=743.8 | Change=35.8 => Liquid
data,,708.0,743.8,35.8,743.8,Time=53.1s | BaseRaw=708.0 | CurrentRaw=743.8 | Change=35.8 => Liquid
data,,708.0,743.6,35.6,743.6,Time=53.2s | BaseRaw=708.0 | CurrentRaw=743.6 | Change=35.6 => Liquid
data,,708.0,743.6,35.6,743.6,Time=53.3s | BaseRaw=708.0 | CurrentRaw=743.6 | Change=35.6 => Liquid
data,,708.0,743.4,35.4,743.4,Time=53.4s | BaseRaw=708.0 | CurrentRaw=743.4 | Change=35.4 => Liquid
data,,708.0,743.4,35.4,743.4,Time=53.5s | BaseRaw=708.0 | CurrentRaw=743.4 | Change=35.4 => Liquid
data,,708.0,743.0,35.0,743.0,Time=53.6s | BaseRaw=708.0 | CurrentRaw=743.0 | Change=35.0 => Liquid
data,,708.0,743.2,35.2,743.2,Time=53.7s | BaseRaw=708.0 | CurrentRaw=743.2 | Change=35.2 => Liquid
data,,708.0,743.0,35.0,743.0,Time=53.8s | BaseRaw=708.0 | CurrentRaw=743.0 | Change=35.0 => Liquid
data,,708.0,743.2,35.2,743.2,Time=53.9s | BaseRaw=708.0 | CurrentRaw=743.2 | Change=35.2 => Liquid
data,,708.0,743.4,35.4,743.4,Time=54.0s | BaseRaw=708.0 | CurrentRaw=743.4 | Change=35.4 => Liquid
data,,708.0,743.6,35.6,743.6,Time=54.1s | BaseRaw=708.0 | CurrentRaw=743.6 | Change=35.6 => Liquid
data,,708.0,743.6,35.6,743.6,Time=54.2s | BaseRaw=708.0 | CurrentRaw=743.6 | Change=35.6 => Liquid
data,,708.0,743.4,35.4,743.4,Time=54.3s | BaseRaw=708.0 | CurrentRaw=743.4 | Change=35.4 => Liquid
data,,708.0,743.2,35.2,743.2,Time=54.4s | BaseRaw=708.0 | CurrentRaw=743.2 | Change=35.2 => Liquid
data,,708.0,743.2,35.2,743.2,Time=54.5s | BaseRaw=708.0 | CurrentRaw=743.2 | Change=35.2 => Liquid
data,,708.0,743.2,35.2,743.2,Time=54.6s | BaseRaw=708.0 | CurrentRaw=743.2 | Change=35.2 => Liquid
data,,708.0,743.2,35.2,743.2,Time=54.7s | BaseRaw=708.0 | CurrentRaw=743.2 | Change=35.2 => Liquid
data,,708.0,743.2,35.2,743.2,Time=54.8s | BaseRaw=708.0 | CurrentRaw=743.2 | Change=35.2 => Liquid
data,,708.0,743.2,35.2,743.2,Time=54.9s | BaseRaw=708.0 | CurrentRaw=743.2 | Change=35.2 => Liquid
data,,708.0,743.2,35.2,743.2,Time=55.0s | BaseRaw=708.0 | CurrentRaw=743.2 | Change=35.2 => Liquid
data,,708.0,743.0,35.0,743.0,Time=55.1s | BaseRaw=708.0 | CurrentRaw=743.0 | Change=35.0 => Liquid
data,,708.0,743.0,35.0,743.0,Time=55.2s | BaseRaw=708.0 | CurrentRaw=743.0 | Change=35.0 => Liquid
data,,708.0,742.8,34.8,742.8,Time=55.3s | BaseRaw=708.0 | CurrentRaw=742.8 | Change=34.8 => Liquid
data,,708.0,742.6,34.6,742.6,Time=55.4s | BaseRaw=708.0 | CurrentRaw=742.6 | Change=34.6 => Liquid
data,,708.0,742.4,34.4,742.4,Time=55.5s | BaseRaw=708.0 | CurrentRaw=742.4 | Change=34.4 => Liquid
data,,708.0,742.2,34.2,742.2,Time=55.6s | BaseRaw=708.0 | CurrentRaw=742.2 | Change=34.2 => Liquid
data,,708.0,742.2,34.2,742.2,Time=55.7s | BaseRaw=708.0 | CurrentRaw=742.2 | Change=34.2 => Liquid
data,,708.0,742.4,34.4,742.4,Time=55.8s | BaseRaw=708.0 | CurrentRaw=742.4 | Change=34.4 => Liquid
data,,708.0,742.4,34.4,742.4,Time=55.9s | BaseRaw=708.0 | CurrentRaw=742.4 | Change=34.4 => Liquid
data,,708.0,742.6,34.6,742.6,Time=56.0s | BaseRaw=708.0 | CurrentRaw=742.6 | Change=34.6 => Liquid
data,,708.0,742.4,34.4,742.4,Time=56.1s | BaseRaw=708.0 | CurrentRaw=742.4 | Change=34.4 => Liquid
data,,708.0,742.4,34.4,742.4,Time=56.2s | BaseRaw=708.0 | CurrentRaw=742.4 | Change=34.4 => Liquid
data,,708.0,742.2,34.2,742.2,Time=56.3s | BaseRaw=708.0 | CurrentRaw=742.2 | Change=34.2 => Liquid
data,,708.0,742.0,34.0,742.0,Time=56.4s | BaseRaw=708.0 | CurrentRaw=742.0 | Change=34.0 => Liquid
data,,708.0,742.0,34.0,742.0,Time=56.5s | BaseRaw=708.0 | CurrentRaw=742.0 | Change=34.0 => Liquid
data,,708.0,742.2,34.2,742.2,Time=56.6s | BaseRaw=708.0 | CurrentRaw=742.2 | Change=34.2 => Liquid
data,,708.0,742.2,34.2,742.2,Time=56.7s | BaseRaw=708.0 | CurrentRaw=742.2 | Change=34.2 => Liquid
data,,708.0,742.6,34.6,742.6,Time=56.8s | BaseRaw=708.0 | CurrentRaw=742.6 | Change=34.6 => Liquid
data,,708.0,742.6,34.6,742.6,Time=56.9s | BaseRaw=708.0 | CurrentRaw=742.6 | Change=34.6 => Liquid
data,,708.0,742.4,34.4,742.4,Time=57.0s | BaseRaw=708.0 | CurrentRaw=742.4 | Change=34.4 => Liquid
data,,708.0,742.4,34.4,742.4,Time=57.1s | BaseRaw=708.0 | CurrentRaw=742.4 | Change=34.4 => Liquid
data,,708.0,742.2,34.2,742.2,Time=57.2s | BaseRaw=708.0 | CurrentRaw=742.2 | Change=34.2 => Liquid
data,,708.0,742.0,34.0,742.0,Time=57.3s | BaseRaw=708.0 | CurrentRaw=742.0 | Change=34.0 => Liquid
data,,708.0,741.8,33.8,741.8,Time=57.4s | BaseRaw=708.0 | CurrentRaw=741.8 | Change=33.8 => Liquid
data,,708.0,741.8,33.8,741.8,Time=57.5s | BaseRaw=708.0 | CurrentRaw=741.8 | Change=33.8 => Liquid
data,,708.0,741.6,33.6,741.6,Time=57.6s | BaseRaw=708.0 | CurrentRaw=741.6 | Change=33.6 => Liquid
data,,708.0,741.6,33.6,741.6,Time=57.7s | BaseRaw=708.0 | CurrentRaw=741.6 | Change=33.6 => Liquid
data,,708.0,741.6,33.6,741.6,Time=57.8s | BaseRaw=708.0 | CurrentRaw=741.6 | Change=33.6 => Liquid
data,,708.0,741.6,33.6,741.6,Time=57.9s | BaseRaw=708.0 | CurrentRaw=741.6 | Change=33.6 => Liquid
data,,708.0,741.8,33.8,741.8,Time=58.0s | BaseRaw=708.0 | CurrentRaw=741.8 | Change=33.8 => Liquid
data,,708.0,741.8,33.8,741.8,Time=58.1s | BaseRaw=708.0 | CurrentRaw=741.8 | Change=33.8 => Liquid
data,,708.0,741.8,33.8,741.8,Time=58.2s | BaseRaw=708.0 | CurrentRaw=741.8 | Change=33.8 => Liquid
data,,708.0,741.8,33.8,741.8,Time=58.3s | BaseRaw=708.0 | CurrentRaw=741.8 | Change=33.8 => Liquid
data,,708.0,741.8,33.8,741.8,Time=58.4s | BaseRaw=708.0 | CurrentRaw=741.8 | Change=33.8 => Liquid
data,,708.0,742.0,34.0,742.0,Time=58.5s | BaseRaw=708.0 | CurrentRaw=742.0 | Change=34.0 => Liquid
data,,708.0,742.2,34.2,742.2,Time=58.6s | BaseRaw=708.0 | CurrentRaw=742.2 | Change=34.2 => Liquid
data,,708.0,742.4,34.4,742.4,Time=58.7s | BaseRaw=708.0 | CurrentRaw=742.4 | Change=34.4 => Liquid
data,,708.0,742.8,34.8,742.8,Time=58.8s | BaseRaw=708.0 | CurrentRaw=742.8 | Change=34.8 => Liquid
data,,708.0,742.6,34.6,742.6,Time=58.9s | BaseRaw=708.0 | CurrentRaw=742.6 | Change=34.6 => Liquid
data,,708.0,742.6,34.6,742.6,Time=59.0s | BaseRaw=708.0 | CurrentRaw=742.6 | Change=34.6 => Liquid
data,,708.0,742.2,34.2,742.2,Time=59.1s | BaseRaw=708.0 | CurrentRaw=742.2 | Change=34.2 => Liquid
data,,708.0,742.0,34.0,742.0,Time=59.2s | BaseRaw=708.0 | CurrentRaw=742.0 | Change=34.0 => Liquid
data,,708.0,742.0,34.0,742.0,Time=59.3s | BaseRaw=708.0 | CurrentRaw=742.0 | Change=34.0 => Liquid
data,,708.0,742.2,34.2,742.2,Time=59.4s | BaseRaw=708.0 | CurrentRaw=742.2 | Change=34.2 => Liquid
data,,708.0,742.2,34.2,742.2,Time=59.5s | BaseRaw=708.0 | CurrentRaw=742.2 | Change=34.2 => Liquid
data,,708.0,742.4,34.4,742.4,Time=59.6s | BaseRaw=708.0 | CurrentRaw=742.4 | Change=34.4 => Liquid
data,,708.0,742.4,34.4,742.4,Time=59.7s | BaseRaw=708.0 | CurrentRaw=742.4 | Change=34.4 => Liquid
data,,708.0,742.6,34.6,742.6,Time=59.8s | BaseRaw=708.0 | CurrentRaw=742.6 | Change=34.6 => Liquid
data,,708.0,742.6,34.6,742.6,Time=59.9s | BaseRaw=708.0 | CurrentRaw=742.6 | Change=34.6 => Liquid
data,,708.0,742.4,34.4,742.4,Time=60.0s | BaseRaw=708.0 | CurrentRaw=742.4 | Change=34.4 => Liquid
data,,708.0,742.2,34.2,742.2,Time=60.1s | BaseRaw=708.0 | CurrentRaw=742.2 | Change=34.2 => Liquid
data,,708.0,742.2,34.2,742.2,Time=60.2s | BaseRaw=708.0 | CurrentRaw=742.2 | Change=34.2 => Liquid
data,,708.0,741.8,33.8,741.8,Time=60.3s | BaseRaw=708.0 | CurrentRaw=741.8 | Change=33.8 => Liquid
data,,708.0,741.6,33.6,741.6,Time=60.4s | BaseRaw=708.0 | CurrentRaw=741.6 | Change=33.6 => Liquid
data,,708.0,741.8,33.8,741.8,Time=60.5s | BaseRaw=708.0 | CurrentRaw=741.8 | Change=33.8 => Liquid
data,,708.0,741.8,33.8,741.8,Time=60.6s | BaseRaw=708.0 | CurrentRaw=741.8 | Change=33.8 => Liquid
data,,708.0,741.6,33.6,741.6,Time=60.7s | BaseRaw=708.0 | CurrentRaw=741.6 | Change=33.6 => Liquid
data,,708.0,741.8,33.8,741.8,Time=60.8s | BaseRaw=708.0 | CurrentRaw=741.8 | Change=33.8 => Liquid
data,,708.0,741.6,33.6,741.6,Time=60.9s | BaseRaw=708.0 | CurrentRaw=741.6 | Change=33.6 => Liquid
data,,708.0,741.4,33.4,741.4,Time=61.0s | BaseRaw=708.0 | CurrentRaw=741.4 | Change=33.4 => Liquid
data,,708.0,741.2,33.2,741.2,Time=61.1s | BaseRaw=708.0 | CurrentRaw=741.2 | Change=33.2 => Liquid
data,,708.0,740.8,32.8,740.8,Time=61.2s | BaseRaw=708.0 | CurrentRaw=740.8 | Change=32.8 => Liquid
data,,708.0,740.8,32.8,740.8,Time=61.3s | BaseRaw=708.0 | CurrentRaw=740.8 | Change=32.8 => Liquid
data,,708.0,740.8,32.8,740.8,Time=61.4s | BaseRaw=708.0 | CurrentRaw=740.8 | Change=32.8 => Liquid
data,,708.0,741.2,33.2,741.2,Time=61.5s | BaseRaw=708.0 | CurrentRaw=741.2 | Change=33.2 => Liquid
data,,708.0,741.4,33.4,741.4,Time=61.6s | BaseRaw=708.0 | CurrentRaw=741.4 | Change=33.4 => Liquid
data,,708.0,741.0,33.0,741.0,Time=61.7s | BaseRaw=708.0 | CurrentRaw=741.0 | Change=33.0 => Liquid
data,,708.0,741.0,33.0,741.0,Time=61.8s | BaseRaw=708.0 | CurrentRaw=741.0 | Change=33.0 => Liquid
data,,708.0,740.8,32.8,740.8,Time=61.9s | BaseRaw=708.0 | CurrentRaw=740.8 | Change=32.8 => Liquid
data,,708.0,740.4,32.4,740.4,Time=62.0s | BaseRaw=708.0 | CurrentRaw=740.4 | Change=32.4 => Liquid
data,,708.0,740.4,32.4,740.4,Time=62.1s | BaseRaw=708.0 | CurrentRaw=740.4 | Change=32.4 => Liquid
data,,708.0,741.2,33.2,741.2,Time=62.2s | BaseRaw=708.0 | CurrentRaw=741.2 | Change=33.2 => Liquid
data,,708.0,741.6,33.6,741.6,Time=62.3s | BaseRaw=708.0 | CurrentRaw=741.6 | Change=33.6 => Liquid
data,,708.0,742.4,34.4,742.4,Time=62.4s | BaseRaw=708.0 | CurrentRaw=742.4 | Change=34.4 => Liquid
data,,708.0,743.0,35.0,743.0,Time=62.5s | BaseRaw=708.0 | CurrentRaw=743.0 | Change=35.0 => Liquid
data,,708.0,743.6,35.6,743.6,Time=62.6s | BaseRaw=708.0 | CurrentRaw=743.6 | Change=35.6 => Liquid
data,,708.0,743.8,35.8,743.8,Time=62.7s | BaseRaw=708.0 | CurrentRaw=743.8 | Change=35.8 => Liquid
data,,708.0,743.8,35.8,743.8,Time=62.8s | BaseRaw=708.0 | CurrentRaw=743.8 | Change=35.8 => Liquid
data,,708.0,742.6,34.6,742.6,Time=62.9s | BaseRaw=708.0 | CurrentRaw=742.6 | Change=34.6 => Liquid
data,,708.0,741.2,33.2,741.2,Time=63.0s | BaseRaw=708.0 | CurrentRaw=741.2 | Change=33.2 => Liquid
data,,708.0,739.6,31.6,739.6,Time=63.1s | BaseRaw=708.0 | CurrentRaw=739.6 | Change=31.6 => Liquid
data,,708.0,737.4,29.4,737.4,Time=63.2s | BaseRaw=708.0 | CurrentRaw=737.4 | Change=29.4 => Liquid
data,,708.0,735.6,27.6,735.6,Time=63.3s | BaseRaw=708.0 | CurrentRaw=735.6 | Change=27.6 => Liquid
data,,708.0,734.2,26.2,734.2,Time=63.4s | BaseRaw=708.0 | CurrentRaw=734.2 | Change=26.2 => Liquid
data,,708.0,733.6,25.6,733.6,Time=63.5s | BaseRaw=708.0 | CurrentRaw=733.6 | Change=25.6 => Liquid
data,,708.0,733.4,25.4,733.4,Time=63.6s | BaseRaw=708.0 | CurrentRaw=733.4 | Change=25.4 => Liquid
data,,708.0,733.4,25.4,733.4,Time=63.7s | BaseRaw=708.0 | CurrentRaw=733.4 | Change=25.4 => Liquid
data,,708.0,733.8,25.8,733.8,Time=63.8s | BaseRaw=708.0 | CurrentRaw=733.8 | Change=25.8 => Liquid
data,,708.0,733.8,25.8,733.8,Time=63.9s | BaseRaw=708.0 | CurrentRaw=733.8 | Change=25.8 => Liquid
data,,708.0,733.4,25.4,733.4,Time=64.0s | BaseRaw=708.0 | CurrentRaw=733.4 | Change=25.4 => Liquid
data,,708.0,733.4,25.4,733.4,Time=64.1s | BaseRaw=708.0 | CurrentRaw=733.4 | Change=25.4 => Liquid
data,,708.0,733.0,25.0,733.0,Time=64.2s | BaseRaw=708.0 | CurrentRaw=733.0 | Change=25.0 => Liquid
data,,708.0,732.6,24.6,732.6,Time=64.3s | BaseRaw=708.0 | CurrentRaw=732.6 | Change=24.6 => Liquid
data,,708.0,732.6,24.6,732.6,Time=64.4s | BaseRaw=708.0 | CurrentRaw=732.6 | Change=24.6 => Liquid
data,,708.0,732.8,24.8,732.8,Time=64.5s | BaseRaw=708.0 | CurrentRaw=732.8 | Change=24.8 => Liquid
data,,708.0,732.8,24.8,732.8,Time=64.6s | BaseRaw=708.0 | CurrentRaw=732.8 | Change=24.8 => Liquid
data,,708.0,732.8,24.8,732.8,Time=64.7s | BaseRaw=708.0 | CurrentRaw=732.8 | Change=24.8 => Liquid
data,,708.0,732.6,24.6,732.6,Time=64.8s | BaseRaw=708.0 | CurrentRaw=732.6 | Change=24.6 => Liquid
data,,708.0,732.4,24.4,732.4,Time=64.9s | BaseRaw=708.0 | CurrentRaw=732.4 | Change=24.4 => Liquid
data,,708.0,732.0,24.0,732.0,Time=65.0s | BaseRaw=708.0 | CurrentRaw=732.0 | Change=24.0 => Liquid
data,,708.0,732.0,24.0,732.0,Time=65.1s | BaseRaw=708.0 | CurrentRaw=732.0 | Change=24.0 => Liquid
data,,708.0,731.6,23.6,731.6,Time=65.2s | BaseRaw=708.0 | CurrentRaw=731.6 | Change=23.6 => Liquid
data,,708.0,731.8,23.8,731.8,Time=65.3s | BaseRaw=708.0 | CurrentRaw=731.8 | Change=23.8 => Liquid
data,,708.0,731.8,23.8,731.8,Time=65.4s | BaseRaw=708.0 | CurrentRaw=731.8 | Change=23.8 => Liquid
data,,708.0,731.8,23.8,731.8,Time=65.5s | BaseRaw=708.0 | CurrentRaw=731.8 | Change=23.8 => Liquid
data,,708.0,731.8,23.8,731.8,Time=65.6s | BaseRaw=708.0 | CurrentRaw=731.8 | Change=23.8 => Liquid
data,,708.0,732.2,24.2,732.2,Time=65.7s | BaseRaw=708.0 | CurrentRaw=732.2 | Change=24.2 => Liquid
data,,708.0,732.4,24.4,732.4,Time=65.8s | BaseRaw=708.0 | CurrentRaw=732.4 | Change=24.4 => Liquid
data,,708.0,732.6,24.6,732.6,Time=65.9s | BaseRaw=708.0 | CurrentRaw=732.6 | Change=24.6 => Liquid
data,,708.0,732.6,24.6,732.6,Time=66.0s | BaseRaw=708.0 | CurrentRaw=732.6 | Change=24.6 => Liquid
data,,708.0,732.6,24.6,732.6,Time=66.1s | BaseRaw=708.0 | CurrentRaw=732.6 | Change=24.6 => Liquid
data,,708.0,732.2,24.2,732.2,Time=66.2s | BaseRaw=708.0 | CurrentRaw=732.2 | Change=24.2 => Liquid
data,,708.0,732.0,24.0,732.0,Time=66.3s | BaseRaw=708.0 | CurrentRaw=732.0 | Change=24.0 => Liquid
data,,708.0,732.4,24.4,732.4,Time=66.4s | BaseRaw=708.0 | CurrentRaw=732.4 | Change=24.4 => Liquid
data,,708.0,732.6,24.6,732.6,Time=66.5s | BaseRaw=708.0 | CurrentRaw=732.6 | Change=24.6 => Liquid
data,,708.0,733.0,25.0,733.0,Time=66.6s | BaseRaw=708.0 | CurrentRaw=733.0 | Change=25.0 => Liquid
data,,708.0,733.6,25.6,733.6,Time=66.7s | BaseRaw=708.0 | CurrentRaw=733.6 | Change=25.6 => Liquid
data,,708.0,733.8,25.8,733.8,Time=66.8s | BaseRaw=708.0 | CurrentRaw=733.8 | Change=25.8 => Liquid
data,,708.0,733.8,25.8,733.8,Time=66.9s | BaseRaw=708.0 | CurrentRaw=733.8 | Change=25.8 => Liquid
data,,708.0,733.4,25.4,733.4,Time=67.0s | BaseRaw=708.0 | CurrentRaw=733.4 | Change=25.4 => Liquid
data,,708.0,733.4,25.4,733.4,Time=67.1s | BaseRaw=708.0 | CurrentRaw=733.4 | Change=25.4 => Liquid
data,,708.0,733.0,25.0,733.0,Time=67.2s | BaseRaw=708.0 | CurrentRaw=733.0 | Change=25.0 => Liquid
data,,708.0,733.0,25.0,733.0,Time=67.3s | BaseRaw=708.0 | CurrentRaw=733.0 | Change=25.0 => Liquid
data,,708.0,733.2,25.2,733.2,Time=67.4s | BaseRaw=708.0 | CurrentRaw=733.2 | Change=25.2 => Liquid
data,,708.0,733.4,25.4,733.4,Time=67.5s | BaseRaw=708.0 | CurrentRaw=733.4 | Change=25.4 => Liquid
data,,708.0,733.6,25.6,733.6,Time=67.6s | BaseRaw=708.0 | CurrentRaw=733.6 | Change=25.6 => Liquid
data,,708.0,733.6,25.6,733.6,Time=67.7s | BaseRaw=708.0 | CurrentRaw=733.6 | Change=25.6 => Liquid
data,,708.0,733.2,25.2,733.2,Time=67.8s | BaseRaw=708.0 | CurrentRaw=733.2 | Change=25.2 => Liquid
data,,708.0,733.0,25.0,733.0,Time=67.9s | BaseRaw=708.0 | CurrentRaw=733.0 | Change=25.0 => Liquid
data,,708.0,732.6,24.6,732.6,Time=68.0s | BaseRaw=708.0 | CurrentRaw=732.6 | Change=24.6 => Liquid
data,,708.0,732.4,24.4,732.4,Time=68.1s | BaseRaw=708.0 | CurrentRaw=732.4 | Change=24.4 => Liquid
data,,708.0,732.4,24.4,732.4,Time=68.2s | BaseRaw=708.0 | CurrentRaw=732.4 | Change=24.4 => Liquid
data,,708.0,732.2,24.2,732.2,Time=68.3s | BaseRaw=708.0 | CurrentRaw=732.2 | Change=24.2 => Liquid
data,,708.0,732.4,24.4,732.4,Time=68.4s | BaseRaw=708.0 | CurrentRaw=732.4 | Change=24.4 => Liquid
data,,708.0,732.2,24.2,732.2,Time=68.5s | BaseRaw=708.0 | CurrentRaw=732.2 | Change=24.2 => Liquid
data,,708.0,732.4,24.4,732.4,Time=68.6s | BaseRaw=708.0 | CurrentRaw=732.4 | Change=24.4 => Liquid
data,,708.0,732.4,24.4,732.4,Time=68.7s | BaseRaw=708.0 | CurrentRaw=732.4 | Change=24.4 => Liquid
data,,708.0,732.2,24.2,732.2,Time=68.8s | BaseRaw=708.0 | CurrentRaw=732.2 | Change=24.2 => Liquid
data,,708.0,732.2,24.2,732.2,Time=68.9s | BaseRaw=708.0 | CurrentRaw=732.2 | Change=24.2 => Liquid
data,,708.0,732.4,24.4,732.4,Time=69.0s | BaseRaw=708.0 | CurrentRaw=732.4 | Change=24.4 => Liquid
data,,708.0,732.2,24.2,732.2,Time=69.1s | BaseRaw=708.0 | CurrentRaw=732.2 | Change=24.2 => Liquid
data,,708.0,732.4,24.4,732.4,Time=69.2s | BaseRaw=708.0 | CurrentRaw=732.4 | Change=24.4 => Liquid
data,,708.0,732.4,24.4,732.4,Time=69.3s | BaseRaw=708.0 | CurrentRaw=732.4 | Change=24.4 => Liquid
data,,708.0,732.6,24.6,732.6,Time=69.4s | BaseRaw=708.0 | CurrentRaw=732.6 | Change=24.6 => Liquid
data,,708.0,732.0,24.0,732.0,Time=69.5s | BaseRaw=708.0 | CurrentRaw=732.0 | Change=24.0 => Liquid
data,,708.0,731.2,23.2,731.2,Time=69.6s | BaseRaw=708.0 | CurrentRaw=731.2 | Change=23.2 => Liquid
data,,708.0,730.2,22.2,730.2,Time=69.7s | BaseRaw=708.0 | CurrentRaw=730.2 | Change=22.2 => Liquid
data,,708.0,729.2,21.2,729.2,Time=69.8s | BaseRaw=708.0 | CurrentRaw=729.2 | Change=21.2 => Liquid
data,,708.0,728.4,20.4,728.4,Time=69.9s | BaseRaw=708.0 | CurrentRaw=728.4 | Change=20.4 => Liquid
data,,708.0,727.4,19.4,727.4,Time=70.0s | BaseRaw=708.0 | CurrentRaw=727.4 | Change=19.4 => Liquid
data,,708.0,726.8,18.8,726.8,Time=70.1s | BaseRaw=708.0 | CurrentRaw=726.8 | Change=18.8 => Liquid
data,,708.0,726.8,18.8,726.8,Time=70.2s | BaseRaw=708.0 | CurrentRaw=726.8 | Change=18.8 => Liquid
data,,708.0,727.0,19.0,727.0,Time=70.3s | BaseRaw=708.0 | CurrentRaw=727.0 | Change=19.0 => Liquid
data,,708.0,727.2,19.2,727.2,Time=70.4s | BaseRaw=708.0 | CurrentRaw=727.2 | Change=19.2 => Liquid
data,,708.0,728.0,20.0,728.0,Time=70.5s | BaseRaw=708.0 | CurrentRaw=728.0 | Change=20.0 => Liquid
data,,708.0,728.4,20.4,728.4,Time=70.6s | BaseRaw=708.0 | CurrentRaw=728.4 | Change=20.4 => Liquid
data,,708.0,729.4,21.4,729.4,Time=70.7s | BaseRaw=708.0 | CurrentRaw=729.4 | Change=21.4 => Liquid
data,,708.0,729.2,21.2,729.2,Time=70.8s | BaseRaw=708.0 | CurrentRaw=729.2 | Change=21.2 => Liquid
data,,708.0,729.4,21.4,729.4,Time=70.9s | BaseRaw=708.0 | CurrentRaw=729.4 | Change=21.4 => Liquid
data,,708.0,729.4,21.4,729.4,Time=71.0s | BaseRaw=708.0 | CurrentRaw=729.4 | Change=21.4 => Liquid
data,,708.0,729.4,21.4,729.4,Time=71.1s | BaseRaw=708.0 | CurrentRaw=729.4 | Change=21.4 => Liquid
data,,708.0,729.2,21.2,729.2,Time=71.2s | BaseRaw=708.0 | CurrentRaw=729.2 | Change=21.2 => Liquid
data,,708.0,729.4,21.4,729.4,Time=71.3s | BaseRaw=708.0 | CurrentRaw=729.4 | Change=21.4 => Liquid
data,,708.0,729.6,21.6,729.6,Time=71.4s | BaseRaw=708.0 | CurrentRaw=729.6 | Change=21.6 => Liquid
data,,708.0,730.0,22.0,730.0,Time=71.5s | BaseRaw=708.0 | CurrentRaw=730.0 | Change=22.0 => Liquid
data,,708.0,730.2,22.2,730.2,Time=71.6s | BaseRaw=708.0 | CurrentRaw=730.2 | Change=22.2 => Liquid
data,,708.0,730.4,22.4,730.4,Time=71.7s | BaseRaw=708.0 | CurrentRaw=730.4 | Change=22.4 => Liquid
data,,708.0,730.4,22.4,730.4,Time=71.8s | BaseRaw=708.0 | CurrentRaw=730.4 | Change=22.4 => Liquid
data,,708.0,730.2,22.2,730.2,Time=71.9s | BaseRaw=708.0 | CurrentRaw=730.2 | Change=22.2 => Liquid
data,,708.0,730.2,22.2,730.2,Time=72.0s | BaseRaw=708.0 | CurrentRaw=730.2 | Change=22.2 => Liquid
data,,708.0,729.8,21.8,729.8,Time=72.1s | BaseRaw=708.0 | CurrentRaw=729.8 | Change=21.8 => Liquid
data,,708.0,730.0,22.0,730.0,Time=72.2s | BaseRaw=708.0 | CurrentRaw=730.0 | Change=22.0 => Liquid
data,,708.0,730.2,22.2,730.2,Time=72.3s | BaseRaw=708.0 | CurrentRaw=730.2 | Change=22.2 => Liquid
data,,708.0,730.4,22.4,730.4,Time=72.4s | BaseRaw=708.0 | CurrentRaw=730.4 | Change=22.4 => Liquid
data,,708.0,730.6,22.6,730.6,Time=72.5s | BaseRaw=708.0 | CurrentRaw=730.6 | Change=22.6 => Liquid
data,,708.0,730.6,22.6,730.6,Time=72.6s | BaseRaw=708.0 | CurrentRaw=730.6 | Change=22.6 => Liquid
data,,708.0,730.6,22.6,730.6,Time=72.7s | BaseRaw=708.0 | CurrentRaw=730.6 | Change=22.6 => Liquid
data,,708.0,730.2,22.2,730.2,Time=72.8s | BaseRaw=708.0 | CurrentRaw=730.2 | Change=22.2 => Liquid
data,,708.0,729.8,21.8,729.8,Time=72.9s | BaseRaw=708.0 | CurrentRaw=729.8 | Change=21.8 => Liquid
data,,708.0,729.8,21.8,729.8,Time=73.0s | BaseRaw=708.0 | CurrentRaw=729.8 | Change=21.8 => Liquid
data,,708.0,729.8,21.8,729.8,Time=73.1s | BaseRaw=708.0 | CurrentRaw=729.8 | Change=21.8 => Liquid
data,,708.0,729.8,21.8,729.8,Time=73.2s | BaseRaw=708.0 | CurrentRaw=729.8 | Change=21.8 => Liquid
data,,708.0,730.0,22.0,730.0,Time=73.3s | BaseRaw=708.0 | CurrentRaw=730.0 | Change=22.0 => Liquid
data,,708.0,730.0,22.0,730.0,Time=73.4s | BaseRaw=708.0 | CurrentRaw=730.0 | Change=22.0 => Liquid
data,,708.0,730.2,22.2,730.2,Time=73.5s | BaseRaw=708.0 | CurrentRaw=730.2 | Change=22.2 => Liquid
data,,708.0,730.0,22.0,730.0,Time=73.6s | BaseRaw=708.0 | CurrentRaw=730.0 | Change=22.0 => Liquid
data,,708.0,730.0,22.0,730.0,Time=73.7s | BaseRaw=708.0 | CurrentRaw=730.0 | Change=22.0 => Liquid
data,,708.0,730.0,22.0,730.0,Time=73.8s | BaseRaw=708.0 | CurrentRaw=730.0 | Change=22.0 => Liquid
data,,708.0,729.8,21.8,729.8,Time=73.9s | BaseRaw=708.0 | CurrentRaw=729.8 | Change=21.8 => Liquid
data,,708.0,729.8,21.8,729.8,Time=74.0s | BaseRaw=708.0 | CurrentRaw=729.8 | Change=21.8 => Liquid
data,,708.0,730.0,22.0,730.0,Time=74.1s | BaseRaw=708.0 | CurrentRaw=730.0 | Change=22.0 => Liquid
data,,708.0,730.2,22.2,730.2,Time=74.2s | BaseRaw=708.0 | CurrentRaw=730.2 | Change=22.2 => Liquid
data,,708.0,730.4,22.4,730.4,Time=74.3s | BaseRaw=708.0 | CurrentRaw=730.4 | Change=22.4 => Liquid
data,,708.0,730.4,22.4,730.4,Time=74.4s | BaseRaw=708.0 | CurrentRaw=730.4 | Change=22.4 => Liquid
data,,708.0,730.6,22.6,730.6,Time=74.5s | BaseRaw=708.0 | CurrentRaw=730.6 | Change=22.6 => Liquid
data,,708.0,730.4,22.4,730.4,Time=74.6s | BaseRaw=708.0 | CurrentRaw=730.4 | Change=22.4 => Liquid
data,,708.0,730.4,22.4,730.4,Time=74.7s | BaseRaw=708.0 | CurrentRaw=730.4 | Change=22.4 => Liquid
data,,708.0,730.6,22.6,730.6,Time=74.8s | BaseRaw=708.0 | CurrentRaw=730.6 | Change=22.6 => Liquid
data,,708.0,730.6,22.6,730.6,Time=74.9s | BaseRaw=708.0 | CurrentRaw=730.6 | Change=22.6 => Liquid
data,,708.0,730.8,22.8,730.8,Time=75.0s | BaseRaw=708.0 | CurrentRaw=730.8 | Change=22.8 => Liquid
data,,708.0,730.8,22.8,730.8,Time=75.1s | BaseRaw=708.0 | CurrentRaw=730.8 | Change=22.8 => Liquid
data,,708.0,730.8,22.8,730.8,Time=75.2s | BaseRaw=708.0 | CurrentRaw=730.8 | Change=22.8 => Liquid
data,,708.0,731.0,23.0,731.0,Time=75.3s | BaseRaw=708.0 | CurrentRaw=731.0 | Change=23.0 => Liquid
data,,708.0,731.0,23.0,731.0,Time=75.4s | BaseRaw=708.0 | CurrentRaw=731.0 | Change=23.0 => Liquid
data,,708.0,730.8,22.8,730.8,Time=75.5s | BaseRaw=708.0 | CurrentRaw=730.8 | Change=22.8 => Liquid
data,,708.0,730.8,22.8,730.8,Time=75.6s | BaseRaw=708.0 | CurrentRaw=730.8 | Change=22.8 => Liquid
data,,708.0,730.4,22.4,730.4,Time=75.7s | BaseRaw=708.0 | CurrentRaw=730.4 | Change=22.4 => Liquid
data,,708.0,730.6,22.6,730.6,Time=75.8s | BaseRaw=708.0 | CurrentRaw=730.6 | Change=22.6 => Liquid
data,,708.0,730.4,22.4,730.4,Time=75.9s | BaseRaw=708.0 | CurrentRaw=730.4 | Change=22.4 => Liquid
data,,708.0,730.8,22.8,730.8,Time=76.0s | BaseRaw=708.0 | CurrentRaw=730.8 | Change=22.8 => Liquid
data,,708.0,731.0,23.0,731.0,Time=76.1s | BaseRaw=708.0 | CurrentRaw=731.0 | Change=23.0 => Liquid
data,,708.0,731.2,23.2,731.2,Time=76.2s | BaseRaw=708.0 | CurrentRaw=731.2 | Change=23.2 => Liquid
data,,708.0,731.2,23.2,731.2,Time=76.3s | BaseRaw=708.0 | CurrentRaw=731.2 | Change=23.2 => Liquid
data,,708.0,731.4,23.4,731.4,Time=76.4s | BaseRaw=708.0 | CurrentRaw=731.4 | Change=23.4 => Liquid
data,,708.0,731.2,23.2,731.2,Time=76.5s | BaseRaw=708.0 | CurrentRaw=731.2 | Change=23.2 => Liquid
data,,708.0,731.2,23.2,731.2,Time=76.6s | BaseRaw=708.0 | CurrentRaw=731.2 | Change=23.2 => Liquid
data,,708.0,730.8,22.8,730.8,Time=76.7s | BaseRaw=708.0 | CurrentRaw=730.8 | Change=22.8 => Liquid
data,,708.0,730.8,22.8,730.8,Time=76.8s | BaseRaw=708.0 | CurrentRaw=730.8 | Change=22.8 => Liquid
data,,708.0,730.6,22.6,730.6,Time=76.9s | BaseRaw=708.0 | CurrentRaw=730.6 | Change=22.6 => Liquid
data,,708.0,730.6,22.6,730.6,Time=77.0s | BaseRaw=708.0 | CurrentRaw=730.6 | Change=22.6 => Liquid
data,,708.0,730.8,22.8,730.8,Time=77.1s | BaseRaw=708.0 | CurrentRaw=730.8 | Change=22.8 => Liquid
data,,708.0,730.8,22.8,730.8,Time=77.2s | BaseRaw=708.0 | CurrentRaw=730.8 | Change=22.8 => Liquid
data,,708.0,731.0,23.0,731.0,Time=77.3s | BaseRaw=708.0 | CurrentRaw=731.0 | Change=23.0 => Liquid
data,,708.0,730.8,22.8,730.8,Time=77.4s | BaseRaw=708.0 | CurrentRaw=730.8 | Change=22.8 => Liquid
data,,708.0,730.6,22.6,730.6,Time=77.5s | BaseRaw=708.0 | CurrentRaw=730.6 | Change=22.6 => Liquid
data,,708.0,730.6,22.6,730.6,Time=77.6s | BaseRaw=708.0 | CurrentRaw=730.6 | Change=22.6 => Liquid
data,,708.0,730.4,22.4,730.4,Time=77.7s | BaseRaw=708.0 | CurrentRaw=730.4 | Change=22.4 => Liquid
data,,708.0,730.4,22.4,730.4,Time=77.8s | BaseRaw=708.0 | CurrentRaw=730.4 | Change=22.4 => Liquid
data,,708.0,730.2,22.2,730.2,Time=77.9s | BaseRaw=708.0 | CurrentRaw=730.2 | Change=22.2 => Liquid
data,,708.0,730.2,22.2,730.2,Time=78.0s | BaseRaw=708.0 | CurrentRaw=730.2 | Change=22.2 => Liquid
data,,708.0,730.8,22.8,730.8,Time=78.1s | BaseRaw=708.0 | CurrentRaw=730.8 | Change=22.8 => Liquid
data,,708.0,731.4,23.4,731.4,Time=78.2s | BaseRaw=708.0 | CurrentRaw=731.4 | Change=23.4 => Liquid
data,,708.0,732.4,24.4,732.4,Time=78.3s | BaseRaw=708.0 | CurrentRaw=732.4 | Change=24.4 => Liquid
data,,708.0,733.0,25.0,733.0,Time=78.4s | BaseRaw=708.0 | CurrentRaw=733.0 | Change=25.0 => Liquid
data,,708.0,732.2,24.2,732.2,Time=78.5s | BaseRaw=708.0 | CurrentRaw=732.2 | Change=24.2 => Liquid
data,,708.0,730.8,22.8,730.8,Time=78.6s | BaseRaw=708.0 | CurrentRaw=730.8 | Change=22.8 => Liquid
data,,708.0,729.2,21.2,729.2,Time=78.7s | BaseRaw=708.0 | CurrentRaw=729.2 | Change=21.2 => Liquid
data,,708.0,727.6,19.6,727.6,Time=78.8s | BaseRaw=708.0 | CurrentRaw=727.6 | Change=19.6 => Liquid
data,,708.0,726.6,18.6,726.6,Time=78.9s | BaseRaw=708.0 | CurrentRaw=726.6 | Change=18.6 => Liquid
data,,708.0,726.6,18.6,726.6,Time=79.0s | BaseRaw=708.0 | CurrentRaw=726.6 | Change=18.6 => Liquid
data,,708.0,727.0,19.0,727.0,Time=79.1s | BaseRaw=708.0 | CurrentRaw=727.0 | Change=19.0 => Liquid
data,,708.0,727.2,19.2,727.2,Time=79.2s | BaseRaw=708.0 | CurrentRaw=727.2 | Change=19.2 => Liquid
data,,708.0,727.0,19.0,727.0,Time=79.3s | BaseRaw=708.0 | CurrentRaw=727.0 | Change=19.0 => Liquid
data,,708.0,727.2,19.2,727.2,Time=79.4s | BaseRaw=708.0 | CurrentRaw=727.2 | Change=19.2 => Liquid
data,,708.0,727.0,19.0,727.0,Time=79.5s | BaseRaw=708.0 | CurrentRaw=727.0 | Change=19.0 => Liquid
data,,708.0,727.2,19.2,727.2,Time=79.6s | BaseRaw=708.0 | CurrentRaw=727.2 | Change=19.2 => Liquid
data,,708.0,727.2,19.2,727.2,Time=79.7s | BaseRaw=708.0 | CurrentRaw=727.2 | Change=19.2 => Liquid
data,,708.0,727.4,19.4,727.4,Time=79.8s | BaseRaw=708.0 | CurrentRaw=727.4 | Change=19.4 => Liquid
data,,708.0,727.6,19.6,727.6,Time=79.9s | BaseRaw=708.0 | CurrentRaw=727.6 | Change=19.6 => Liquid
data,,708.0,727.8,19.8,727.8,Time=80.0s | BaseRaw=708.0 | CurrentRaw=727.8 | Change=19.8 => Liquid
data,,708.0,728.0,20.0,728.0,Time=80.1s | BaseRaw=708.0 | CurrentRaw=728.0 | Change=20.0 => Liquid
data,,708.0,728.0,20.0,728.0,Time=80.2s | BaseRaw=708.0 | CurrentRaw=728.0 | Change=20.0 => Liquid
data,,708.0,727.8,19.8,727.8,Time=80.3s | BaseRaw=708.0 | CurrentRaw=727.8 | Change=19.8 => Liquid
data,,708.0,727.8,19.8,727.8,Time=80.4s | BaseRaw=708.0 | CurrentRaw=727.8 | Change=19.8 => Liquid
data,,708.0,727.4,19.4,727.4,Time=80.5s | BaseRaw=708.0 | CurrentRaw=727.4 | Change=19.4 => Liquid
data,,708.0,727.2,19.2,727.2,Time=80.6s | BaseRaw=708.0 | CurrentRaw=727.2 | Change=19.2 => Liquid
data,,708.0,727.2,19.2,727.2,Time=80.7s | BaseRaw=708.0 | CurrentRaw=727.2 | Change=19.2 => Liquid
data,,708.0,727.0,19.0,727.0,Time=80.8s | BaseRaw=708.0 | CurrentRaw=727.0 | Change=19.0 => Liquid
data,,708.0,727.2,19.2,727.2,Time=80.9s | BaseRaw=708.0 | CurrentRaw=727.2 | Change=19.2 => Liquid
data,,708.0,727.2,19.2,727.2,Time=81.0s | BaseRaw=708.0 | CurrentRaw=727.2 | Change=19.2 => Liquid
data,,708.0,727.4,19.4,727.4,Time=81.1s | BaseRaw=708.0 | CurrentRaw=727.4 | Change=19.4 => Liquid
data,,708.0,727.4,19.4,727.4,Time=81.2s | BaseRaw=708.0 | CurrentRaw=727.4 | Change=19.4 => Liquid
data,,708.0,727.4,19.4,727.4,Time=81.3s | BaseRaw=708.0 | CurrentRaw=727.4 | Change=19.4 => Liquid
data,,708.0,727.2,19.2,727.2,Time=81.4s | BaseRaw=708.0 | CurrentRaw=727.2 | Change=19.2 => Liquid
data,,708.0,727.0,19.0,727.0,Time=81.5s | BaseRaw=708.0 | CurrentRaw=727.0 | Change=19.0 => Liquid
data,,708.0,727.0,19.0,727.0,Time=81.6s | BaseRaw=708.0 | CurrentRaw=727.0 | Change=19.0 => Liquid
data,,708.0,727.2,19.2,727.2,Time=81.7s | BaseRaw=708.0 | CurrentRaw=727.2 | Change=19.2 => Liquid
data,,708.0,727.2,19.2,727.2,Time=81.8s | BaseRaw=708.0 | CurrentRaw=727.2 | Change=19.2 => Liquid
data,,708.0,727.6,19.6,727.6,Time=81.9s | BaseRaw=708.0 | CurrentRaw=727.6 | Change=19.6 => Liquid
data,,708.0,727.8,19.8,727.8,Time=82.0s | BaseRaw=708.0 | CurrentRaw=727.8 | Change=19.8 => Liquid
data,,708.0,727.8,19.8,727.8,Time=82.1s | BaseRaw=708.0 | CurrentRaw=727.8 | Change=19.8 => Liquid
data,,708.0,728.0,20.0,728.0,Time=82.2s | BaseRaw=708.0 | CurrentRaw=728.0 | Change=20.0 => Liquid
data,,708.0,727.8,19.8,727.8,Time=82.3s | BaseRaw=708.0 | CurrentRaw=727.8 | Change=19.8 => Liquid
data,,708.0,727.8,19.8,727.8,Time=82.4s | BaseRaw=708.0 | CurrentRaw=727.8 | Change=19.8 => Liquid
data,,708.0,727.6,19.6,727.6,Time=82.5s | BaseRaw=708.0 | CurrentRaw=727.6 | Change=19.6 => Liquid
data,,708.0,727.6,19.6,727.6,Time=82.6s | BaseRaw=708.0 | CurrentRaw=727.6 | Change=19.6 => Liquid
data,,708.0,727.6,19.6,727.6,Time=82.7s | BaseRaw=708.0 | CurrentRaw=727.6 | Change=19.6 => Liquid
data,,708.0,727.6,19.6,727.6,Time=82.8s | BaseRaw=708.0 | CurrentRaw=727.6 | Change=19.6 => Liquid
data,,708.0,727.8,19.8,727.8,Time=82.9s | BaseRaw=708.0 | CurrentRaw=727.8 | Change=19.8 => Liquid
data,,708.0,728.0,20.0,728.0,Time=83.0s | BaseRaw=708.0 | CurrentRaw=728.0 | Change=20.0 => Liquid
data,,708.0,728.0,20.0,728.0,Time=83.1s | BaseRaw=708.0 | CurrentRaw=728.0 | Change=20.0 => Liquid
data,,708.0,728.2,20.2,728.2,Time=83.2s | BaseRaw=708.0 | CurrentRaw=728.2 | Change=20.2 => Liquid
data,,708.0,728.0,20.0,728.0,Time=83.3s | BaseRaw=708.0 | CurrentRaw=728.0 | Change=20.0 => Liquid
data,,708.0,727.8,19.8,727.8,Time=83.4s | BaseRaw=708.0 | CurrentRaw=727.8 | Change=19.8 => Liquid
data,,708.0,727.6,19.6,727.6,Time=83.5s | BaseRaw=708.0 | CurrentRaw=727.6 | Change=19.6 => Liquid
data,,708.0,727.2,19.2,727.2,Time=83.6s | BaseRaw=708.0 | CurrentRaw=727.2 | Change=19.2 => Liquid
data,,708.0,727.2,19.2,727.2,Time=83.7s | BaseRaw=708.0 | CurrentRaw=727.2 | Change=19.2 => Liquid
data,,708.0,727.2,19.2,727.2,Time=83.8s | BaseRaw=708.0 | CurrentRaw=727.2 | Change=19.2 => Liquid
data,,708.0,727.6,19.6,727.6,Time=83.9s | BaseRaw=708.0 | CurrentRaw=727.6 | Change=19.6 => Liquid
data,,708.0,727.6,19.6,727.6,Time=84.0s | BaseRaw=708.0 | CurrentRaw=727.6 | Change=19.6 => Liquid
data,,708.0,727.6,19.6,727.6,Time=84.1s | BaseRaw=708.0 | CurrentRaw=727.6 | Change=19.6 => Liquid
data,,708.0,727.6,19.6,727.6,Time=84.2s | BaseRaw=708.0 | CurrentRaw=727.6 | Change=19.6 => Liquid
data,,708.0,727.4,19.4,727.4,Time=84.3s | BaseRaw=708.0 | CurrentRaw=727.4 | Change=19.4 => Liquid
data,,708.0,727.2,19.2,727.2,Time=84.4s | BaseRaw=708.0 | CurrentRaw=727.2 | Change=19.2 => Liquid
data,,708.0,727.2,19.2,727.2,Time=84.5s | BaseRaw=708.0 | CurrentRaw=727.2 | Change=19.2 => Liquid
data,,708.0,727.0,19.0,727.0,Time=84.6s | BaseRaw=708.0 | CurrentRaw=727.0 | Change=19.0 => Liquid
data,,708.0,727.2,19.2,727.2,Time=84.7s | BaseRaw=708.0 | CurrentRaw=727.2 | Change=19.2 => Liquid
data,,708.0,727.6,19.6,727.6,Time=84.8s | BaseRaw=708.0 | CurrentRaw=727.6 | Change=19.6 => Liquid
data,,708.0,729.2,21.2,729.2,Time=84.9s | BaseRaw=708.0 | CurrentRaw=729.2 | Change=21.2 => Liquid
data,,708.0,731.8,23.8,731.8,Time=85.0s | BaseRaw=708.0 | CurrentRaw=731.8 | Change=23.8 => Liquid
data,,708.0,734.8,26.8,734.8,Time=85.1s | BaseRaw=708.0 | CurrentRaw=734.8 | Change=26.8 => Liquid
data,,708.0,738.0,30.0,738.0,Time=85.2s | BaseRaw=708.0 | CurrentRaw=738.0 | Change=30.0 => Liquid
data,,708.0,740.4,32.4,740.4,Time=85.3s | BaseRaw=708.0 | CurrentRaw=740.4 | Change=32.4 => Liquid
data,,708.0,741.6,33.6,741.6,Time=85.4s | BaseRaw=708.0 | CurrentRaw=741.6 | Change=33.6 => Liquid
data,,708.0,742.2,34.2,742.2,Time=85.5s | BaseRaw=708.0 | CurrentRaw=742.2 | Change=34.2 => Liquid
data,,708.0,741.8,33.8,741.8,Time=85.6s | BaseRaw=708.0 | CurrentRaw=741.8 | Change=33.8 => Liquid
data,,708.0,741.6,33.6,741.6,Time=85.7s | BaseRaw=708.0 | CurrentRaw=741.6 | Change=33.6 => Liquid
data,,708.0,741.6,33.6,741.6,Time=85.8s | BaseRaw=708.0 | CurrentRaw=741.6 | Change=33.6 => Liquid
data,,708.0,741.6,33.6,741.6,Time=85.9s | BaseRaw=708.0 | CurrentRaw=741.6 | Change=33.6 => Liquid
data,,708.0,742.0,34.0,742.0,Time=86.0s | BaseRaw=708.0 | CurrentRaw=742.0 | Change=34.0 => Liquid
data,,708.0,742.2,34.2,742.2,Time=86.1s | BaseRaw=708.0 | CurrentRaw=742.2 | Change=34.2 => Liquid
data,,708.0,742.0,34.0,742.0,Time=86.2s | BaseRaw=708.0 | CurrentRaw=742.0 | Change=34.0 => Liquid
data,,708.0,742.0,34.0,742.0,Time=86.3s | BaseRaw=708.0 | CurrentRaw=742.0 | Change=34.0 => Liquid
data,,708.0,741.6,33.6,741.6,Time=86.4s | BaseRaw=708.0 | CurrentRaw=741.6 | Change=33.6 => Liquid
data,,708.0,741.4,33.4,741.4,Time=86.5s | BaseRaw=708.0 | CurrentRaw=741.4 | Change=33.4 => Liquid
data,,708.0,741.2,33.2,741.2,Time=86.6s | BaseRaw=708.0 | CurrentRaw=741.2 | Change=33.2 => Liquid
data,,708.0,741.6,33.6,741.6,Time=86.7s | BaseRaw=708.0 | CurrentRaw=741.6 | Change=33.6 => Liquid
data,,708.0,742.0,34.0,742.0,Time=86.8s | BaseRaw=708.0 | CurrentRaw=742.0 | Change=34.0 => Liquid
data,,708.0,742.2,34.2,742.2,Time=86.9s | BaseRaw=708.0 | CurrentRaw=742.2 | Change=34.2 => Liquid
data,,708.0,742.4,34.4,742.4,Time=87.0s | BaseRaw=708.0 | CurrentRaw=742.4 | Change=34.4 => Liquid
data,,708.0,742.4,34.4,742.4,Time=87.1s | BaseRaw=708.0 | CurrentRaw=742.4 | Change=34.4 => Liquid
data,,708.0,742.2,34.2,742.2,Time=87.2s | BaseRaw=708.0 | CurrentRaw=742.2 | Change=34.2 => Liquid
data,,708.0,742.0,34.0,742.0,Time=87.3s | BaseRaw=708.0 | CurrentRaw=742.0 | Change=34.0 => Liquid
data,,708.0,741.8,33.8,741.8,Time=87.4s | BaseRaw=708.0 | CurrentRaw=741.8 | Change=33.8 => Liquid
data,,708.0,741.8,33.8,741.8,Time=87.5s | BaseRaw=708.0 | CurrentRaw=741.8 | Change=33.8 => Liquid
data,,708.0,741.8,33.8,741.8,Time=87.6s | BaseRaw=708.0 | CurrentRaw=741.8 | Change=33.8 => Liquid
data,,708.0,742.0,34.0,742.0,Time=87.7s | BaseRaw=708.0 | CurrentRaw=742.0 | Change=34.0 => Liquid
data,,708.0,742.4,34.4,742.4,Time=87.8s | BaseRaw=708.0 | CurrentRaw=742.4 | Change=34.4 => Liquid
data,,708.0,742.4,34.4,742.4,Time=87.9s | BaseRaw=708.0 | CurrentRaw=742.4 | Change=34.4 => Liquid
data,,708.0,742.4,34.4,742.4,Time=88.0s | BaseRaw=708.0 | CurrentRaw=742.4 | Change=34.4 => Liquid
data,,708.0,742.2,34.2,742.2,Time=88.1s | BaseRaw=708.0 | CurrentRaw=742.2 | Change=34.2 => Liquid
data,,708.0,741.8,33.8,741.8,Time=88.2s | BaseRaw=708.0 | CurrentRaw=741.8 | Change=33.8 => Liquid
data,,708.0,741.6,33.6,741.6,Time=88.3s | BaseRaw=708.0 | CurrentRaw=741.6 | Change=33.6 => Liquid
data,,708.0,741.4,33.4,741.4,Time=88.4s | BaseRaw=708.0 | CurrentRaw=741.4 | Change=33.4 => Liquid
data,,708.0,741.6,33.6,741.6,Time=88.5s | BaseRaw=708.0 | CurrentRaw=741.6 | Change=33.6 => Liquid
data,,708.0,741.6,33.6,741.6,Time=88.6s | BaseRaw=708.0 | CurrentRaw=741.6 | Change=33.6 => Liquid
data,,708.0,742.0,34.0,742.0,Time=88.7s | BaseRaw=708.0 | CurrentRaw=742.0 | Change=34.0 => Liquid
data,,708.0,742.2,34.2,742.2,Time=88.8s | BaseRaw=708.0 | CurrentRaw=742.2 | Change=34.2 => Liquid
data,,708.0,742.2,34.2,742.2,Time=88.9s | BaseRaw=708.0 | CurrentRaw=742.2 | Change=34.2 => Liquid
data,,708.0,742.0,34.0,742.0,Time=89.0s | BaseRaw=708.0 | CurrentRaw=742.0 | Change=34.0 => Liquid
data,,708.0,742.0,34.0,742.0,Time=89.1s | BaseRaw=708.0 | CurrentRaw=742.0 | Change=34.0 => Liquid
data,,708.0,741.4,33.4,741.4,Time=89.2s | BaseRaw=708.0 | CurrentRaw=741.4 | Change=33.4 => Liquid
data,,708.0,741.4,33.4,741.4,Time=89.3s | BaseRaw=708.0 | CurrentRaw=741.4 | Change=33.4 => Liquid
data,,708.0,741.0,33.0,741.0,Time=89.4s | BaseRaw=708.0 | CurrentRaw=741.0 | Change=33.0 => Liquid
data,,708.0,741.4,33.4,741.4,Time=89.5s | BaseRaw=708.0 | CurrentRaw=741.4 | Change=33.4 => Liquid
data,,708.0,741.6,33.6,741.6,Time=89.6s | BaseRaw=708.0 | CurrentRaw=741.6 | Change=33.6 => Liquid
data,,708.0,741.8,33.8,741.8,Time=89.7s | BaseRaw=708.0 | CurrentRaw=741.8 | Change=33.8 => Liquid
data,,708.0,742.0,34.0,742.0,Time=89.8s | BaseRaw=708.0 | CurrentRaw=742.0 | Change=34.0 => Liquid
data,,708.0,742.4,34.4,742.4,Time=89.9s | BaseRaw=708.0 | CurrentRaw=742.4 | Change=34.4 => Liquid
data,,708.0,742.6,34.6,742.6,Time=90.0s | BaseRaw=708.0 | CurrentRaw=742.6 | Change=34.6 => Liquid
data,,708.0,742.4,34.4,742.4,Time=90.1s | BaseRaw=708.0 | CurrentRaw=742.4 | Change=34.4 => Liquid
data,,708.0,742.4,34.4,742.4,Time=90.2s | BaseRaw=708.0 | CurrentRaw=742.4 | Change=34.4 => Liquid
data,,708.0,742.6,34.6,742.6,Time=90.3s | BaseRaw=708.0 | CurrentRaw=742.6 | Change=34.6 => Liquid
data,,708.0,742.4,34.4,742.4,Time=90.4s | BaseRaw=708.0 | CurrentRaw=742.4 | Change=34.4 => Liquid
data,,708.0,742.4,34.4,742.4,Time=90.5s | BaseRaw=708.0 | CurrentRaw=742.4 | Change=34.4 => Liquid
data,,708.0,743.8,35.8,743.8,Time=90.6s | BaseRaw=708.0 | CurrentRaw=743.8 | Change=35.8 => Liquid
data,,708.0,744.4,36.4,744.4,Time=90.7s | BaseRaw=708.0 | CurrentRaw=744.4 | Change=36.4 => Liquid
data,,708.0,746.0,38.0,746.0,Time=90.8s | BaseRaw=708.0 | CurrentRaw=746.0 | Change=38.0 => Liquid
data,,708.0,747.2,39.2,747.2,Time=90.9s | BaseRaw=708.0 | CurrentRaw=747.2 | Change=39.2 => Liquid
data,,708.0,748.0,40.0,748.0,Time=91.0s | BaseRaw=708.0 | CurrentRaw=748.0 | Change=40.0 => Liquid
data,,708.0,747.2,39.2,747.2,Time=91.1s | BaseRaw=708.0 | CurrentRaw=747.2 | Change=39.2 => Liquid
data,,708.0,745.0,37.0,745.0,Time=91.2s | BaseRaw=708.0 | CurrentRaw=745.0 | Change=37.0 => Liquid
data,,708.0,741.2,33.2,741.2,Time=91.3s | BaseRaw=708.0 | CurrentRaw=741.2 | Change=33.2 => Liquid
data,,708.0,735.6,27.6,735.6,Time=91.4s | BaseRaw=708.0 | CurrentRaw=735.6 | Change=27.6 => Liquid
data,,708.0,729.0,21.0,729.0,Time=91.5s | BaseRaw=708.0 | CurrentRaw=729.0 | Change=21.0 => Liquid
data,,708.0,723.8,15.8,723.8,Time=91.6s | BaseRaw=708.0 | CurrentRaw=723.8 | Change=15.8 => Liquid
data,,708.0,720.4,12.4,720.4,Time=91.7s | BaseRaw=708.0 | CurrentRaw=720.4 | Change=12.4 => Liquid
data,,708.0,718.4,10.4,718.4,Time=91.8s | BaseRaw=708.0 | CurrentRaw=718.4 | Change=10.4 => Liquid
data,,708.0,719.4,11.4,719.4,Time=91.9s | BaseRaw=708.0 | CurrentRaw=719.4 | Change=11.4 => Liquid
data,,708.0,721.8,13.8,721.8,Time=92.0s | BaseRaw=708.0 | CurrentRaw=721.8 | Change=13.8 => Liquid
data,,708.0,724.2,16.2,724.2,Time=92.1s | BaseRaw=708.0 | CurrentRaw=724.2 | Change=16.2 => Liquid
data,,708.0,725.6,17.6,725.6,Time=92.2s | BaseRaw=708.0 | CurrentRaw=725.6 | Change=17.6 => Liquid
data,,708.0,726.8,18.8,726.8,Time=92.3s | BaseRaw=708.0 | CurrentRaw=726.8 | Change=18.8 => Liquid
data,,708.0,727.0,19.0,727.0,Time=92.4s | BaseRaw=708.0 | CurrentRaw=727.0 | Change=19.0 => Liquid
data,,708.0,726.8,18.8,726.8,Time=92.5s | BaseRaw=708.0 | CurrentRaw=726.8 | Change=18.8 => Liquid
data,,708.0,726.8,18.8,726.8,Time=92.6s | BaseRaw=708.0 | CurrentRaw=726.8 | Change=18.8 => Liquid
data,,708.0,727.0,19.0,727.0,Time=92.7s | BaseRaw=708.0 | CurrentRaw=727.0 | Change=19.0 => Liquid
data,,708.0,727.2,19.2,727.2,Time=92.8s | BaseRaw=708.0 | CurrentRaw=727.2 | Change=19.2 => Liquid
data,,708.0,727.6,19.6,727.6,Time=92.9s | BaseRaw=708.0 | CurrentRaw=727.6 | Change=19.6 => Liquid
data,,708.0,727.4,19.4,727.4,Time=93.0s | BaseRaw=708.0 | CurrentRaw=727.4 | Change=19.4 => Liquid
data,,708.0,727.2,19.2,727.2,Time=93.1s | BaseRaw=708.0 | CurrentRaw=727.2 | Change=19.2 => Liquid
data,,708.0,726.8,18.8,726.8,Time=93.2s | BaseRaw=708.0 | CurrentRaw=726.8 | Change=18.8 => Liquid
data,,708.0,726.8,18.8,726.8,Time=93.3s | BaseRaw=708.0 | CurrentRaw=726.8 | Change=18.8 => Liquid
data,,708.0,726.6,18.6,726.6,Time=93.4s | BaseRaw=708.0 | CurrentRaw=726.6 | Change=18.6 => Liquid
data,,708.0,726.8,18.8,726.8,Time=93.5s | BaseRaw=708.0 | CurrentRaw=726.8 | Change=18.8 => Liquid
data,,708.0,727.2,19.2,727.2,Time=93.6s | BaseRaw=708.0 | CurrentRaw=727.2 | Change=19.2 => Liquid
data,,708.0,727.6,19.6,727.6,Time=93.7s | BaseRaw=708.0 | CurrentRaw=727.6 | Change=19.6 => Liquid
data,,708.0,727.4,19.4,727.4,Time=93.8s | BaseRaw=708.0 | CurrentRaw=727.4 | Change=19.4 => Liquid
data,,708.0,727.6,19.6,727.6,Time=93.9s | BaseRaw=708.0 | CurrentRaw=727.6 | Change=19.6 => Liquid
data,,708.0,727.0,19.0,727.0,Time=94.0s | BaseRaw=708.0 | CurrentRaw=727.0 | Change=19.0 => Liquid
data,,708.0,726.8,18.8,726.8,Time=94.1s | BaseRaw=708.0 | CurrentRaw=726.8 | Change=18.8 => Liquid
data,,708.0,726.6,18.6,726.6,Time=94.2s | BaseRaw=708.0 | CurrentRaw=726.6 | Change=18.6 => Liquid
data,,708.0,726.8,18.8,726.8,Time=94.3s | BaseRaw=708.0 | CurrentRaw=726.8 | Change=18.8 => Liquid
data,,708.0,727.0,19.0,727.0,Time=94.4s | BaseRaw=708.0 | CurrentRaw=727.0 | Change=19.0 => Liquid
data,,708.0,727.4,19.4,727.4,Time=94.5s | BaseRaw=708.0 | CurrentRaw=727.4 | Change=19.4 => Liquid
data,,708.0,727.6,19.6,727.6,Time=94.6s | BaseRaw=708.0 | CurrentRaw=727.6 | Change=19.6 => Liquid
data,,708.0,727.4,19.4,727.4,Time=94.7s | BaseRaw=708.0 | CurrentRaw=727.4 | Change=19.4 => Liquid
data,,708.0,727.0,19.0,727.0,Time=94.8s | BaseRaw=708.0 | CurrentRaw=727.0 | Change=19.0 => Liquid
data,,708.0,726.8,18.8,726.8,Time=94.9s | BaseRaw=708.0 | CurrentRaw=726.8 | Change=18.8 => Liquid
data,,708.0,726.6,18.6,726.6,Time=95.0s | BaseRaw=708.0 | CurrentRaw=726.6 | Change=18.6 => Liquid
data,,708.0,726.4,18.4,726.4,Time=95.1s | BaseRaw=708.0 | CurrentRaw=726.4 | Change=18.4 => Liquid
data,,708.0,726.4,18.4,726.4,Time=95.2s | BaseRaw=708.0 | CurrentRaw=726.4 | Change=18.4 => Liquid
data,,708.0,726.4,18.4,726.4,Time=95.3s | BaseRaw=708.0 | CurrentRaw=726.4 | Change=18.4 => Liquid
data,,708.0,726.8,18.8,726.8,Time=95.4s | BaseRaw=708.0 | CurrentRaw=726.8 | Change=18.8 => Liquid
data,,708.0,726.8,18.8,726.8,Time=95.5s | BaseRaw=708.0 | CurrentRaw=726.8 | Change=18.8 => Liquid
data,,708.0,727.2,19.2,727.2,Time=95.6s | BaseRaw=708.0 | CurrentRaw=727.2 | Change=19.2 => Liquid
data,,708.0,727.2,19.2,727.2,Time=95.7s | BaseRaw=708.0 | CurrentRaw=727.2 | Change=19.2 => Liquid
data,,708.0,727.0,19.0,727.0,Time=95.8s | BaseRaw=708.0 | CurrentRaw=727.0 | Change=19.0 => Liquid
data,,708.0,726.8,18.8,726.8,Time=95.9s | BaseRaw=708.0 | CurrentRaw=726.8 | Change=18.8 => Liquid
data,,708.0,726.6,18.6,726.6,Time=96.0s | BaseRaw=708.0 | CurrentRaw=726.6 | Change=18.6 => Liquid
data,,708.0,726.6,18.6,726.6,Time=96.1s | BaseRaw=708.0 | CurrentRaw=726.6 | Change=18.6 => Liquid
data,,708.0,726.6,18.6,726.6,Time=96.2s | BaseRaw=708.0 | CurrentRaw=726.6 | Change=18.6 => Liquid
data,,708.0,726.8,18.8,726.8,Time=96.3s | BaseRaw=708.0 | CurrentRaw=726.8 | Change=18.8 => Liquid
data,,708.0,727.0,19.0,727.0,Time=96.4s | BaseRaw=708.0 | CurrentRaw=727.0 | Change=19.0 => Liquid
data,,708.0,727.0,19.0,727.0,Time=96.5s | BaseRaw=708.0 | CurrentRaw=727.0 | Change=19.0 => Liquid
data,,708.0,727.0,19.0,727.0,Time=96.6s | BaseRaw=708.0 | CurrentRaw=727.0 | Change=19.0 => Liquid
data,,708.0,727.2,19.2,727.2,Time=96.7s | BaseRaw=708.0 | CurrentRaw=727.2 | Change=19.2 => Liquid
data,,708.0,726.8,18.8,726.8,Time=96.8s | BaseRaw=708.0 | CurrentRaw=726.8 | Change=18.8 => Liquid
data,,708.0,726.8,18.8,726.8,Time=96.9s | BaseRaw=708.0 | CurrentRaw=726.8 | Change=18.8 => Liquid
data,,708.0,726.8,18.8,726.8,Time=97.0s | BaseRaw=708.0 | CurrentRaw=726.8 | Change=18.8 => Liquid
data,,708.0,726.6,18.6,726.6,Time=97.1s | BaseRaw=708.0 | CurrentRaw=726.6 | Change=18.6 => Liquid
data,,708.0,727.0,19.0,727.0,Time=97.2s | BaseRaw=708.0 | CurrentRaw=727.0 | Change=19.0 => Liquid
data,,708.0,727.2,19.2,727.2,Time=97.3s | BaseRaw=708.0 | CurrentRaw=727.2 | Change=19.2 => Liquid
data,,708.0,727.6,19.6,727.6,Time=97.4s | BaseRaw=708.0 | CurrentRaw=727.6 | Change=19.6 => Liquid
data,,708.0,727.6,19.6,727.6,Time=97.5s | BaseRaw=708.0 | CurrentRaw=727.6 | Change=19.6 => Liquid
data,,708.0,727.8,19.8,727.8,Time=97.6s | BaseRaw=708.0 | CurrentRaw=727.8 | Change=19.8 => Liquid
data,,708.0,727.8,19.8,727.8,Time=97.7s | BaseRaw=708.0 | CurrentRaw=727.8 | Change=19.8 => Liquid
data,,708.0,727.8,19.8,727.8,Time=97.8s | BaseRaw=708.0 | CurrentRaw=727.8 | Change=19.8 => Liquid
data,,708.0,727.8,19.8,727.8,Time=97.9s | BaseRaw=708.0 | CurrentRaw=727.8 | Change=19.8 => Liquid
data,,708.0,728.8,20.8,728.8,Time=98.0s | BaseRaw=708.0 | CurrentRaw=728.8 | Change=20.8 => Liquid
data,,708.0,731.6,23.6,731.6,Time=98.1s | BaseRaw=708.0 | CurrentRaw=731.6 | Change=23.6 => Liquid
data,,708.0,736.4,28.4,736.4,Time=98.2s | BaseRaw=708.0 | CurrentRaw=736.4 | Change=28.4 => Liquid
data,,708.0,741.8,33.8,741.8,Time=98.3s | BaseRaw=708.0 | CurrentRaw=741.8 | Change=33.8 => Liquid
data,,708.0,747.2,39.2,747.2,Time=98.4s | BaseRaw=708.0 | CurrentRaw=747.2 | Change=39.2 => Liquid
data,,708.0,751.4,43.4,751.4,Time=98.5s | BaseRaw=708.0 | CurrentRaw=751.4 | Change=43.4 => Liquid
data,,708.0,753.4,45.4,753.4,Time=98.6s | BaseRaw=708.0 | CurrentRaw=753.4 | Change=45.4 => Liquid
data,,708.0,753.8,45.8,753.8,Time=98.7s | BaseRaw=708.0 | CurrentRaw=753.8 | Change=45.8 => Liquid
data,,708.0,753.0,45.0,753.0,Time=98.8s | BaseRaw=708.0 | CurrentRaw=753.0 | Change=45.0 => Liquid
data,,708.0,752.4,44.4,752.4,Time=98.9s | BaseRaw=708.0 | CurrentRaw=752.4 | Change=44.4 => Liquid
data,,708.0,752.2,44.2,752.2,Time=99.0s | BaseRaw=708.0 | CurrentRaw=752.2 | Change=44.2 => Liquid
data,,708.0,751.8,43.8,751.8,Time=99.1s | BaseRaw=708.0 | CurrentRaw=751.8 | Change=43.8 => Liquid
data,,708.0,751.6,43.6,751.6,Time=99.2s | BaseRaw=708.0 | CurrentRaw=751.6 | Change=43.6 => Liquid
data,,708.0,751.8,43.8,751.8,Time=99.3s | BaseRaw=708.0 | CurrentRaw=751.8 | Change=43.8 => Liquid
data,,708.0,752.2,44.2,752.2,Time=99.4s | BaseRaw=708.0 | CurrentRaw=752.2 | Change=44.2 => Liquid
data,,708.0,752.6,44.6,752.6,Time=99.5s | BaseRaw=708.0 | CurrentRaw=752.6 | Change=44.6 => Liquid
data,,708.0,752.8,44.8,752.8,Time=99.6s | BaseRaw=708.0 | CurrentRaw=752.8 | Change=44.8 => Liquid
data,,708.0,753.0,45.0,753.0,Time=99.7s | BaseRaw=708.0 | CurrentRaw=753.0 | Change=45.0 => Liquid
data,,708.0,752.8,44.8,752.8,Time=99.8s | BaseRaw=708.0 | CurrentRaw=752.8 | Change=44.8 => Liquid
data,,708.0,752.4,44.4,752.4,Time=99.9s | BaseRaw=708.0 | CurrentRaw=752.4 | Change=44.4 => Liquid
data,,708.0,752.2,44.2,752.2,Time=100.0s | BaseRaw=708.0 | CurrentRaw=752.2 | Change=44.2 => Liquid
data,,708.0,752.2,44.2,752.2,Time=100.1s | BaseRaw=708.0 | CurrentRaw=752.2 | Change=44.2 => Liquid
data,,708.0,752.0,44.0,752.0,Time=100.2s | BaseRaw=708.0 | CurrentRaw=752.0 | Change=44.0 => Liquid
data,,708.0,752.4,44.4,752.4,Time=100.3s | BaseRaw=708.0 | CurrentRaw=752.4 | Change=44.4 => Liquid
data,,708.0,752.2,44.2,752.2,Time=100.4s | BaseRaw=708.0 | CurrentRaw=752.2 | Change=44.2 => Liquid
data,,708.0,752.2,44.2,752.2,Time=100.5s | BaseRaw=708.0 | CurrentRaw=752.2 | Change=44.2 => Liquid
data,,708.0,752.4,44.4,752.4,Time=100.6s | BaseRaw=708.0 | CurrentRaw=752.4 | Change=44.4 => Liquid
data,,708.0,752.2,44.2,752.2,Time=100.7s | BaseRaw=708.0 | CurrentRaw=752.2 | Change=44.2 => Liquid
data,,708.0,752.8,44.8,752.8,Time=100.8s | BaseRaw=708.0 | CurrentRaw=752.8 | Change=44.8 => Liquid
data,,708.0,752.2,44.2,752.2,Time=100.9s | BaseRaw=708.0 | CurrentRaw=752.2 | Change=44.2 => Liquid
data,,708.0,752.8,44.8,752.8,Time=101.0s | BaseRaw=708.0 | CurrentRaw=752.8 | Change=44.8 => Liquid
data,,708.0,752.2,44.2,752.2,Time=101.1s | BaseRaw=708.0 | CurrentRaw=752.2 | Change=44.2 => Liquid
data,,708.0,752.6,44.6,752.6,Time=101.2s | BaseRaw=708.0 | CurrentRaw=752.6 | Change=44.6 => Liquid
data,,708.0,752.2,44.2,752.2,Time=101.3s | BaseRaw=708.0 | CurrentRaw=752.2 | Change=44.2 => Liquid
data,,708.0,752.6,44.6,752.6,Time=101.4s | BaseRaw=708.0 | CurrentRaw=752.6 | Change=44.6 => Liquid
data,,708.0,752.2,44.2,752.2,Time=101.5s | BaseRaw=708.0 | CurrentRaw=752.2 | Change=44.2 => Liquid
data,,708.0,752.4,44.4,752.4,Time=101.6s | BaseRaw=708.0 | CurrentRaw=752.4 | Change=44.4 => Liquid
data,,708.0,752.6,44.6,752.6,Time=101.7s | BaseRaw=708.0 | CurrentRaw=752.6 | Change=44.6 => Liquid
data,,708.0,752.2,44.2,752.2,Time=101.8s | BaseRaw=708.0 | CurrentRaw=752.2 | Change=44.2 => Liquid
data,,708.0,752.6,44.6,752.6,Time=101.9s | BaseRaw=708.0 | CurrentRaw=752.6 | Change=44.6 => Liquid
data,,708.0,752.2,44.2,752.2,Time=102.0s | BaseRaw=708.0 | CurrentRaw=752.2 | Change=44.2 => Liquid
data,,708.0,752.6,44.6,752.6,Time=102.1s | BaseRaw=708.0 | CurrentRaw=752.6 | Change=44.6 => Liquid
data,,708.0,752.0,44.0,752.0,Time=102.2s | BaseRaw=708.0 | CurrentRaw=752.0 | Change=44.0 => Liquid
data,,708.0,752.4,44.4,752.4,Time=102.3s | BaseRaw=708.0 | CurrentRaw=752.4 | Change=44.4 => Liquid
data,,708.0,752.0,44.0,752.0,Time=102.4s | BaseRaw=708.0 | CurrentRaw=752.0 | Change=44.0 => Liquid
data,,708.0,752.6,44.6,752.6,Time=102.5s | BaseRaw=708.0 | CurrentRaw=752.6 | Change=44.6 => Liquid
data,,708.0,752.4,44.4,752.4,Time=102.6s | BaseRaw=708.0 | CurrentRaw=752.4 | Change=44.4 => Liquid
data,,708.0,752.4,44.4,752.4,Time=102.7s | BaseRaw=708.0 | CurrentRaw=752.4 | Change=44.4 => Liquid
data,,708.0,752.4,44.4,752.4,Time=102.8s | BaseRaw=708.0 | CurrentRaw=752.4 | Change=44.4 => Liquid
data,,708.0,752.2,44.2,752.2,Time=102.9s | BaseRaw=708.0 | CurrentRaw=752.2 | Change=44.2 => Liquid
data,,708.0,752.4,44.4,752.4,Time=103.0s | BaseRaw=708.0 | CurrentRaw=752.4 | Change=44.4 => Liquid
data,,708.0,751.8,43.8,751.8,Time=103.1s | BaseRaw=708.0 | CurrentRaw=751.8 | Change=43.8 => Liquid
data,,708.0,752.4,44.4,752.4,Time=103.2s | BaseRaw=708.0 | CurrentRaw=752.4 | Change=44.4 => Liquid
data,,708.0,751.8,43.8,751.8,Time=103.3s | BaseRaw=708.0 | CurrentRaw=751.8 | Change=43.8 => Liquid
data,,708.0,752.4,44.4,752.4,Time=103.4s | BaseRaw=708.0 | CurrentRaw=752.4 | Change=44.4 => Liquid
data,,708.0,752.0,44.0,752.0,Time=103.5s | BaseRaw=708.0 | CurrentRaw=752.0 | Change=44.0 => Liquid
data,,708.0,752.6,44.6,752.6,Time=103.6s | BaseRaw=708.0 | CurrentRaw=752.6 | Change=44.6 => Liquid
data,,708.0,752.4,44.4,752.4,Time=103.7s | BaseRaw=708.0 | CurrentRaw=752.4 | Change=44.4 => Liquid
data,,708.0,752.8,44.8,752.8,Time=103.8s | BaseRaw=708.0 | CurrentRaw=752.8 | Change=44.8 => Liquid
data,,708.0,753.0,45.0,753.0,Time=103.9s | BaseRaw=708.0 | CurrentRaw=753.0 | Change=45.0 => Liquid
data,,708.0,752.8,44.8,752.8,Time=104.0s | BaseRaw=708.0 | CurrentRaw=752.8 | Change=44.8 => Liquid
data,,708.0,753.0,45.0,753.0,Time=104.1s | BaseRaw=708.0 | CurrentRaw=753.0 | Change=45.0 => Liquid
data,,708.0,752.4,44.4,752.4,Time=104.2s | BaseRaw=708.0 | CurrentRaw=752.4 | Change=44.4 => Liquid
data,,708.0,753.0,45.0,753.0,Time=104.3s | BaseRaw=708.0 | CurrentRaw=753.0 | Change=45.0 => Liquid
data,,708.0,752.0,44.0,752.0,Time=104.4s | BaseRaw=708.0 | CurrentRaw=752.0 | Change=44.0 => Liquid
data,,708.0,752.6,44.6,752.6,Time=104.5s | BaseRaw=708.0 | CurrentRaw=752.6 | Change=44.6 => Liquid
data,,708.0,752.0,44.0,752.0,Time=104.6s | BaseRaw=708.0 | CurrentRaw=752.0 | Change=44.0 => Liquid
data,,708.0,752.4,44.4,752.4,Time=104.7s | BaseRaw=708.0 | CurrentRaw=752.4 | Change=44.4 => Liquid
data,,708.0,752.0,44.0,752.0,Time=104.8s | BaseRaw=708.0 | CurrentRaw=752.0 | Change=44.0 => Liquid
data,,708.0,752.6,44.6,752.6,Time=104.9s | BaseRaw=708.0 | CurrentRaw=752.6 | Change=44.6 => Liquid
data,,708.0,752.4,44.4,752.4,Time=105.0s | BaseRaw=708.0 | CurrentRaw=752.4 | Change=44.4 => Liquid
data,,708.0,752.2,44.2,752.2,Time=105.1s | BaseRaw=708.0 | CurrentRaw=752.2 | Change=44.2 => Liquid
data,,708.0,752.6,44.6,752.6,Time=105.2s | BaseRaw=708.0 | CurrentRaw=752.6 | Change=44.6 => Liquid
data,,708.0,752.0,44.0,752.0,Time=105.3s | BaseRaw=708.0 | CurrentRaw=752.0 | Change=44.0 => Liquid
