record_type,baseline_raw,base_raw,current_raw,change,graph,raw_data
info,,,,,,Initial floor measurement (5s)... Keep the sensor on the empty floor.
info,,,,,,START received
baseline,445.80,,,,445.80,Collecting baseline... RawAvg=445.80
baseline,445.20,,,,445.20,Collecting baseline... RawAvg=445.20
baseline,444.80,,,,444.80,Collecting baseline... RawAvg=444.80
baseline,444.20,,,,444.20,Collecting baseline... RawAvg=444.20
baseline,444.20,,,,444.20,Collecting baseline... RawAvg=444.20
baseline,444.80,,,,444.80,Collecting baseline... RawAvg=444.80
baseline,445.60,,,,445.60,Collecting baseline... RawAvg=445.60
baseline,446.40,,,,446.40,Collecting baseline... RawAvg=446.40
baseline,447.20,,,,447.20,Collecting baseline... RawAvg=447.20
baseline,447.40,,,,447.40,Collecting baseline... RawAvg=447.40
baseline,447.40,,,,447.40,Collecting baseline... RawAvg=447.40
baseline,447.20,,,,447.20,Collecting baseline... RawAvg=447.20
baseline,446.60,,,,446.60,Collecting baseline... RawAvg=446.60
baseline,445.80,,,,445.80,Collecting baseline... RawAvg=445.80
baseline,445.20,,,,445.20,Collecting baseline... RawAvg=445.20
baseline,444.20,,,,444.20,Collecting baseline... RawAvg=444.20
baseline,443.40,,,,443.40,Collecting baseline... RawAvg=443.40
baseline,442.80,,,,442.80,Collecting baseline... RawAvg=442.80
baseline,442.80,,,,442.80,Collecting baseline... RawAvg=442.80
baseline,442.80,,,,442.80,Collecting baseline... RawAvg=442.80
baseline,443.20,,,,443.20,Collecting baseline... RawAvg=443.20
baseline,443.80,,,,443.80,Collecting baseline... RawAvg=443.80
baseline,444.60,,,,444.60,Collecting baseline... RawAvg=444.60
baseline,445.00,,,,445.00,Collecting baseline... RawAvg=445.00
baseline,445.40,,,,445.40,Collecting baseline... RawAvg=445.40
baseline,446.00,,,,446.00,Collecting baseline... RawAvg=446.00
baseline,446.60,,,,446.60,Collecting baseline... RawAvg=446.60
baseline,446.80,,,,446.80,Collecting baseline... RawAvg=446.80
baseline,447.00,,,,447.00,Collecting baseline... RawAvg=447.00
baseline,446.80,,,,446.80,Collecting baseline... RawAvg=446.80
baseline,446.40,,,,446.40,Collecting baseline... RawAvg=446.40
baseline,445.60,,,,445.60,Collecting baseline... RawAvg=445.60
baseline,445.20,,,,445.20,Collecting baseline... RawAvg=445.20
baseline,444.40,,,,444.40,Collecting baseline... RawAvg=444.40
baseline,443.80,,,,443.80,Collecting baseline... RawAvg=443.80
baseline,443.20,,,,443.20,Collecting baseline... RawAvg=443.20
baseline,443.00,,,,443.00,Collecting baseline... RawAvg=443.00
baseline,442.80,,,,442.80,Collecting baseline... RawAvg=442.80
baseline,443.20,,,,443.20,Collecting baseline... RawAvg=443.20
baseline,443.80,,,,443.80,Collecting baseline... RawAvg=443.80
baseline,444.60,,,,444.60,Collecting baseline... RawAvg=444.60
baseline,445.40,,,,445.40,Collecting baseline... RawAvg=445.40
baseline,446.00,,,,446.00,Collecting baseline... RawAvg=446.00
baseline,446.40,,,,446.40,Collecting baseline... RawAvg=446.40
baseline,446.80,,,,446.80,Collecting baseline... RawAvg=446.80
baseline,447.20,,,,447.20,Collecting baseline... RawAvg=447.20
baseline,447.40,,,,447.40,Collecting baseline... RawAvg=447.40
baseline,447.40,,,,447.40,Collecting baseline... RawAvg=447.40
baseline,447.00,,,,447.00,Collecting baseline... RawAvg=447.00
info,,,,,,Baseline collection complete! Starting detection.
final_base,,445.28,,,445.28,Final Base Raw Average = 445.28
info,,,,,,--------------------------------------------------------------------------
data,,445.3,445.6,0.3,445.6,Time=0.1s | BaseRaw=445.3 | CurrentRaw=445.6 | Change=0.3 => Floor
data,,445.3,444.6,0.7,444.6,Time=0.2s | BaseRaw=445.3 | CurrentRaw=444.6 | Change=0.7 => Floor
data,,445.3,444.2,1.1,444.2,Time=0.3s | BaseRaw=445.3 | CurrentRaw=444.2 | Change=1.1 => Floor
data,,445.3,444.8,0.5,444.8,Time=0.4s | BaseRaw=445.3 | CurrentRaw=444.8 | Change=0.5 => Floor
data,,445.3,445.4,0.1,445.4,Time=0.5s | BaseRaw=445.3 | CurrentRaw=445.4 | Change=0.1 => Floor
data,,445.3,445.6,0.3,445.6,Time=0.6s | BaseRaw=445.3 | CurrentRaw=445.6 | Change=0.3 => Floor
data,,445.3,445.6,0.3,445.6,Time=0.7s | BaseRaw=445.3 | CurrentRaw=445.6 | Change=0.3 => Floor
data,,445.3,445.4,0.1,445.4,Time=0.8s | BaseRaw=445.3 | CurrentRaw=445.4 | Change=0.1 => Floor
data,,445.3,445.4,0.1,445.4,Time=0.9s | BaseRaw=445.3 | CurrentRaw=445.4 | Change=0.1 => Floor
data,,445.3,445.4,0.1,445.4,Time=1.0s | BaseRaw=445.3 | CurrentRaw=445.4 | Change=0.1 => Floor
data,,445.3,445.2,0.1,445.2,Time=1.1s | BaseRaw=445.3 | CurrentRaw=445.2 | Change=0.1 => Floor
data,,445.3,445.2,0.1,445.2,Time=1.2s | BaseRaw=445.3 | CurrentRaw=445.2 | Change=0.1 => Floor
data,,445.3,445.4,0.1,445.4,Time=1.3s | BaseRaw=445.3 | CurrentRaw=445.4 | Change=0.1 => Floor
data,,445.3,445.4,0.1,445.4,Time=1.4s | BaseRaw=445.3 | CurrentRaw=445.4 | Change=0.1 => Floor
data,,445.3,445.2,0.1,445.2,Time=1.5s | BaseRaw=445.3 | CurrentRaw=445.2 | Change=0.1 => Floor
data,,445.3,445.4,0.1,445.4,Time=1.6s | BaseRaw=445.3 | CurrentRaw=445.4 | Change=0.1 => Floor
data,,445.3,445.2,0.1,445.2,Time=1.7s | BaseRaw=445.3 | CurrentRaw=445.2 | Change=0.1 => Floor
data,,445.3,445.2,0.1,445.2,Time=1.8s | BaseRaw=445.3 | CurrentRaw=445.2 | Change=0.1 => Floor
data,,445.3,444.8,0.5,444.8,Time=1.9s | BaseRaw=445.3 | CurrentRaw=444.8 | Change=0.5 => Floor
data,,445.3,444.4,0.9,444.4,Time=2.0s | BaseRaw=445.3 | CurrentRaw=444.4 | Change=0.9 => Floor
data,,445.3,443.6,1.7,443.6,Time=2.1s | BaseRaw=445.3 | CurrentRaw=443.6 | Change=1.7 => Floor
data,,445.3,443.4,1.9,443.4,Time=2.2s | BaseRaw=445.3 | CurrentRaw=443.4 | Change=1.9 => Floor
data,,445.3,443.0,2.3,443.0,Time=2.3s | BaseRaw=445.3 | CurrentRaw=443.0 | Change=2.3 => Floor
data,,445.3,443.0,2.3,443.0,Time=2.4s | BaseRaw=445.3 | CurrentRaw=443.0 | Change=2.3 => Floor
data,,445.3,442.8,2.5,442.8,Time=2.5s | BaseRaw=445.3 | CurrentRaw=442.8 | Change=2.5 => Floor
data,,445.3,442.8,2.5,442.8,Time=2.6s | BaseRaw=445.3 | CurrentRaw=442.8 | Change=2.5 => Floor
data,,445.3,443.0,2.3,443.0,Time=2.7s | BaseRaw=445.3 | CurrentRaw=443.0 | Change=2.3 => Floor
data,,445.3,443.4,1.9,443.4,Time=2.8s | BaseRaw=445.3 | CurrentRaw=443.4 | Change=1.9 => Floor
data,,445.3,443.2,2.1,443.2,Time=2.9s | BaseRaw=445.3 | CurrentRaw=443.2 | Change=2.1 => Floor
data,,445.3,443.2,2.1,443.2,Time=3.0s | BaseRaw=445.3 | CurrentRaw=443.2 | Change=2.1 => Floor
data,,445.3,443.0,2.3,443.0,Time=3.1s | BaseRaw=445.3 | CurrentRaw=443.0 | Change=2.3 => Floor
data,,445.3,442.8,2.5,442.8,Time=3.2s | BaseRaw=445.3 | CurrentRaw=442.8 | Change=2.5 => Floor
data,,445.3,442.4,2.9,442.4,Time=3.3s | BaseRaw=445.3 | CurrentRaw=442.4 | Change=2.9 => Floor
data,,445.3,442.2,3.1,442.2,Time=3.4s | BaseRaw=445.3 | CurrentRaw=442.2 | Change=3.1 => Floor
data,,445.3,441.8,3.5,441.8,Time=3.5s | BaseRaw=445.3 | CurrentRaw=441.8 | Change=3.5 => Floor
data,,445.3,441.6,3.7,441.6,Time=3.6s | BaseRaw=445.3 | CurrentRaw=441.6 | Change=3.7 => Floor
data,,445.3,441.2,4.1,441.2,Time=3.7s | BaseRaw=445.3 | CurrentRaw=441.2 | Change=4.1 => Floor
data,,445.3,440.8,4.5,440.8,Time=3.8s | BaseRaw=445.3 | CurrentRaw=440.8 | Change=4.5 => Floor
data,,445.3,440.6,4.7,440.6,Time=3.9s | BaseRaw=445.3 | CurrentRaw=440.6 | Change=4.7 => Floor
data,,445.3,441.0,4.3,441.0,Time=4.0s | BaseRaw=445.3 | CurrentRaw=441.0 | Change=4.3 => Floor
data,,445.3,441.2,4.1,441.2,Time=4.1s | BaseRaw=445.3 | CurrentRaw=441.2 | Change=4.1 => Floor
data,,445.3,441.6,3.7,441.6,Time=4.2s | BaseRaw=445.3 | CurrentRaw=441.6 | Change=3.7 => Floor
data,,445.3,442.8,2.5,442.8,Time=4.3s | BaseRaw=445.3 | CurrentRaw=442.8 | Change=2.5 => Floor
data,,445.3,443.4,1.9,443.4,Time=4.4s | BaseRaw=445.3 | CurrentRaw=443.4 | Change=1.9 => Floor
data,,445.3,443.6,1.7,443.6,Time=4.5s | BaseRaw=445.3 | CurrentRaw=443.6 | Change=1.7 => Floor
data,,445.3,444.4,0.9,444.4,Time=4.6s | BaseRaw=445.3 | CurrentRaw=444.4 | Change=0.9 => Floor
data,,445.3,445.8,0.5,445.8,Time=4.7s | BaseRaw=445.3 | CurrentRaw=445.8 | Change=0.5 => Floor
data,,445.3,446.6,1.3,446.6,Time=4.8s | BaseRaw=445.3 | CurrentRaw=446.6 | Change=1.3 => Floor
data,,445.3,447.4,2.1,447.4,Time=4.9s | BaseRaw=445.3 | CurrentRaw=447.4 | Change=2.1 => Floor
data,,445.3,448.6,3.3,448.6,Time=5.0s | BaseRaw=445.3 | CurrentRaw=448.6 | Change=3.3 => Floor
data,,445.3,450.0,4.7,450.0,Time=5.1s | BaseRaw=445.3 | CurrentRaw=450.0 | Change=4.7 => Floor
data,,445.3,451.2,5.9,451.2,Time=5.2s | BaseRaw=445.3 | CurrentRaw=451.2 | Change=5.9 => Floor
data,,445.3,453.8,8.5,453.8,Time=5.3s | BaseRaw=445.3 | CurrentRaw=453.8 | Change=8.5 => Floor
data,,445.3,456.8,11.5,456.8,Time=5.4s | BaseRaw=445.3 | CurrentRaw=456.8 | Change=11.5 => Liquid
data,,445.3,459.6,14.3,459.6,Time=5.5s | BaseRaw=445.3 | CurrentRaw=459.6 | Change=14.3 => Liquid
data,,445.3,463.6,18.3,463.6,Time=5.6s | BaseRaw=445.3 | CurrentRaw=463.6 | Change=18.3 => Liquid
data,,445.3,467.2,21.9,467.2,Time=5.7s | BaseRaw=445.3 | CurrentRaw=467.2 | Change=21.9 => Liquid
data,,445.3,469.0,23.7,469.0,Time=5.8s | BaseRaw=445.3 | CurrentRaw=469.0 | Change=23.7 => Liquid
data,,445.3,472.0,26.7,472.0,Time=5.9s | BaseRaw=445.3 | CurrentRaw=472.0 | Change=26.7 => Liquid
data,,445.3,476.0,30.7,476.0,Time=6.0s | BaseRaw=445.3 | CurrentRaw=476.0 | Change=30.7 => Liquid
data,,445.3,478.8,33.5,478.8,Time=6.1s | BaseRaw=445.3 | CurrentRaw=478.8 | Change=33.5 => Liquid
data,,445.3,482.8,37.5,482.8,Time=6.2s | BaseRaw=445.3 | CurrentRaw=482.8 | Change=37.5 => Liquid
data,,445.3,486.6,41.3,486.6,Time=6.3s | BaseRaw=445.3 | CurrentRaw=486.6 | Change=41.3 => Liquid
data,,445.3,489.6,44.3,489.6,Time=6.4s | BaseRaw=445.3 | CurrentRaw=489.6 | Change=44.3 => Liquid
data,,445.3,492.6,47.3,492.6,Time=6.5s | BaseRaw=445.3 | CurrentRaw=492.6 | Change=47.3 => Liquid
data,,445.3,495.0,49.7,495.0,Time=6.6s | BaseRaw=445.3 | CurrentRaw=495.0 | Change=49.7 => Liquid
data,,445.3,495.6,50.3,495.6,Time=6.7s | BaseRaw=445.3 | CurrentRaw=495.6 | Change=50.3 => Liquid
data,,445.3,496.8,51.5,496.8,Time=6.8s | BaseRaw=445.3 | CurrentRaw=496.8 | Change=51.5 => Liquid
data,,445.3,498.2,52.9,498.2,Time=6.9s | BaseRaw=445.3 | CurrentRaw=498.2 | Change=52.9 => Liquid
data,,445.3,497.8,52.5,497.8,Time=7.0s | BaseRaw=445.3 | CurrentRaw=497.8 | Change=52.5 => Liquid
data,,445.3,498.4,53.1,498.4,Time=7.1s | BaseRaw=445.3 | CurrentRaw=498.4 | Change=53.1 => Liquid
data,,445.3,499.6,54.3,499.6,Time=7.2s | BaseRaw=445.3 | CurrentRaw=499.6 | Change=54.3 => Liquid
data,,445.3,499.4,54.1,499.4,Time=7.3s | BaseRaw=445.3 | CurrentRaw=499.4 | Change=54.1 => Liquid
data,,445.3,499.4,54.1,499.4,Time=7.4s | BaseRaw=445.3 | CurrentRaw=499.4 | Change=54.1 => Liquid
data,,445.3,500.2,54.9,500.2,Time=7.5s | BaseRaw=445.3 | CurrentRaw=500.2 | Change=54.9 => Liquid
data,,445.3,499.6,54.3,499.6,Time=7.6s | BaseRaw=445.3 | CurrentRaw=499.6 | Change=54.3 => Liquid
data,,445.3,497.8,52.5,497.8,Time=7.7s | BaseRaw=445.3 | CurrentRaw=497.8 | Change=52.5 => Liquid
data,,445.3,499.8,54.5,499.8,Time=7.8s | BaseRaw=445.3 | CurrentRaw=499.8 | Change=54.5 => Liquid
data,,445.3,498.8,53.5,498.8,Time=7.9s | BaseRaw=445.3 | CurrentRaw=498.8 | Change=53.5 => Liquid
data,,445.3,498.6,53.3,498.6,Time=8.0s | BaseRaw=445.3 | CurrentRaw=498.6 | Change=53.3 => Liquid
data,,445.3,499.6,54.3,499.6,Time=8.1s | BaseRaw=445.3 | CurrentRaw=499.6 | Change=54.3 => Liquid
data,,445.3,500.0,54.7,500.0,Time=8.2s | BaseRaw=445.3 | CurrentRaw=500.0 | Change=54.7 => Liquid
data,,445.3,498.4,53.1,498.4,Time=8.3s | BaseRaw=445.3 | CurrentRaw=498.4 | Change=53.1 => Liquid
data,,445.3,499.2,53.9,499.2,Time=8.4s | BaseRaw=445.3 | CurrentRaw=499.2 | Change=53.9 => Liquid
data,,445.3,494.0,48.7,494.0,Time=8.5s | BaseRaw=445.3 | CurrentRaw=494.0 | Change=48.7 => Liquid
data,,445.3,493.4,48.1,493.4,Time=8.6s | BaseRaw=445.3 | CurrentRaw=493.4 | Change=48.1 => Liquid
data,,445.3,494.8,49.5,494.8,Time=8.7s | BaseRaw=445.3 | CurrentRaw=494.8 | Change=49.5 => Liquid
data,,445.3,494.4,49.1,494.4,Time=8.8s | BaseRaw=445.3 | CurrentRaw=494.4 | Change=49.1 => Liquid
data,,445.3,494.2,48.9,494.2,Time=8.9s | BaseRaw=445.3 | CurrentRaw=494.2 | Change=48.9 => Liquid
data,,445.3,499.6,54.3,499.6,Time=9.0s | BaseRaw=445.3 | CurrentRaw=499.6 | Change=54.3 => Liquid
data,,445.3,499.2,53.9,499.2,Time=9.1s | BaseRaw=445.3 | CurrentRaw=499.2 | Change=53.9 => Liquid
data,,445.3,498.8,53.5,498.8,Time=9.2s | BaseRaw=445.3 | CurrentRaw=498.8 | Change=53.5 => Liquid
data,,445.3,499.6,54.3,499.6,Time=9.3s | BaseRaw=445.3 | CurrentRaw=499.6 | Change=54.3 => Liquid
data,,445.3,499.0,53.7,499.0,Time=9.4s | BaseRaw=445.3 | CurrentRaw=499.0 | Change=53.7 => Liquid
data,,445.3,498.4,53.1,498.4,Time=9.5s | BaseRaw=445.3 | CurrentRaw=498.4 | Change=53.1 => Liquid
data,,445.3,499.2,53.9,499.2,Time=9.6s | BaseRaw=445.3 | CurrentRaw=499.2 | Change=53.9 => Liquid
data,,445.3,498.8,53.5,498.8,Time=9.7s | BaseRaw=445.3 | CurrentRaw=498.8 | Change=53.5 => Liquid
data,,445.3,498.6,53.3,498.6,Time=9.8s | BaseRaw=445.3 | CurrentRaw=498.6 | Change=53.3 => Liquid
data,,445.3,500.2,54.9,500.2,Time=9.9s | BaseRaw=445.3 | CurrentRaw=500.2 | Change=54.9 => Liquid
data,,445.3,499.4,54.1,499.4,Time=10.0s | BaseRaw=445.3 | CurrentRaw=499.4 | Change=54.1 => Liquid
data,,445.3,499.2,53.9,499.2,Time=10.1s | BaseRaw=445.3 | CurrentRaw=499.2 | Change=53.9 => Liquid
data,,445.3,499.8,54.5,499.8,Time=10.2s | BaseRaw=445.3 | CurrentRaw=499.8 | Change=54.5 => Liquid
data,,445.3,499.6,54.3,499.6,Time=10.3s | BaseRaw=445.3 | CurrentRaw=499.6 | Change=54.3 => Liquid
data,,445.3,499.0,53.7,499.0,Time=10.4s | BaseRaw=445.3 | CurrentRaw=499.0 | Change=53.7 => Liquid
data,,445.3,499.6,54.3,499.6,Time=10.5s | BaseRaw=445.3 | CurrentRaw=499.6 | Change=54.3 => Liquid
data,,445.3,499.2,53.9,499.2,Time=10.6s | BaseRaw=445.3 | CurrentRaw=499.2 | Change=53.9 => Liquid
data,,445.3,498.2,52.9,498.2,Time=10.7s | BaseRaw=445.3 | CurrentRaw=498.2 | Change=52.9 => Liquid
data,,445.3,498.0,52.7,498.0,Time=10.8s | BaseRaw=445.3 | CurrentRaw=498.0 | Change=52.7 => Liquid
data,,445.3,498.0,52.7,498.0,Time=10.9s | BaseRaw=445.3 | CurrentRaw=498.0 | Change=52.7 => Liquid
data,,445.3,498.2,52.9,498.2,Time=11.0s | BaseRaw=445.3 | CurrentRaw=498.2 | Change=52.9 => Liquid
data,,445.3,498.4,53.1,498.4,Time=11.1s | BaseRaw=445.3 | CurrentRaw=498.4 | Change=53.1 => Liquid
data,,445.3,500.0,54.7,500.0,Time=11.2s | BaseRaw=445.3 | CurrentRaw=500.0 | Change=54.7 => Liquid
data,,445.3,499.6,54.3,499.6,Time=11.3s | BaseRaw=445.3 | CurrentRaw=499.6 | Change=54.3 => Liquid
data,,445.3,497.8,52.5,497.8,Time=11.4s | BaseRaw=445.3 | CurrentRaw=497.8 | Change=52.5 => Liquid
data,,445.3,497.8,52.5,497.8,Time=11.5s | BaseRaw=445.3 | CurrentRaw=497.8 | Change=52.5 => Liquid
data,,445.3,497.6,52.3,497.6,Time=11.6s | BaseRaw=445.3 | CurrentRaw=497.6 | Change=52.3 => Liquid
data,,445.3,497.0,51.7,497.0,Time=11.7s | BaseRaw=445.3 | CurrentRaw=497.0 | Change=51.7 => Liquid
data,,445.3,497.0,51.7,497.0,Time=11.8s | BaseRaw=445.3 | CurrentRaw=497.0 | Change=51.7 => Liquid
data,,445.3,497.6,52.3,497.6,Time=11.9s | BaseRaw=445.3 | CurrentRaw=497.6 | Change=52.3 => Liquid
data,,445.3,493.6,48.3,493.6,Time=12.0s | BaseRaw=445.3 | CurrentRaw=493.6 | Change=48.3 => Liquid
data,,445.3,485.0,39.7,485.0,Time=12.1s | BaseRaw=445.3 | CurrentRaw=485.0 | Change=39.7 => Liquid
data,,445.3,474.6,29.3,474.6,Time=12.2s | BaseRaw=445.3 | CurrentRaw=474.6 | Change=29.3 => Liquid
data,,445.3,463.4,18.1,463.4,Time=12.3s | BaseRaw=445.3 | CurrentRaw=463.4 | Change=18.1 => Liquid
data,,445.3,452.8,7.5,452.8,Time=12.4s | BaseRaw=445.3 | CurrentRaw=452.8 | Change=7.5 => Floor
data,,445.3,445.8,0.5,445.8,Time=12.5s | BaseRaw=445.3 | CurrentRaw=445.8 | Change=0.5 => Floor
data,,445.3,442.4,2.9,442.4,Time=12.6s | BaseRaw=445.3 | CurrentRaw=442.4 | Change=2.9 => Floor
data,,445.3,440.6,4.7,440.6,Time=12.7s | BaseRaw=445.3 | CurrentRaw=440.6 | Change=4.7 => Floor
data,,445.3,441.2,4.1,441.2,Time=12.8s | BaseRaw=445.3 | CurrentRaw=441.2 | Change=4.1 => Floor
data,,445.3,440.8,4.5,440.8,Time=12.9s | BaseRaw=445.3 | CurrentRaw=440.8 | Change=4.5 => Floor
data,,445.3,440.0,5.3,440.0,Time=13.0s | BaseRaw=445.3 | CurrentRaw=440.0 | Change=5.3 => Floor
data,,445.3,440.4,4.9,440.4,Time=13.1s | BaseRaw=445.3 | CurrentRaw=440.4 | Change=4.9 => Floor
data,,445.3,441.0,4.3,441.0,Time=13.2s | BaseRaw=445.3 | CurrentRaw=441.0 | Change=4.3 => Floor
data,,445.3,440.8,4.5,440.8,Time=13.3s | BaseRaw=445.3 | CurrentRaw=440.8 | Change=4.5 => Floor
data,,445.3,440.6,4.7,440.6,Time=13.4s | BaseRaw=445.3 | CurrentRaw=440.6 | Change=4.7 => Floor
data,,445.3,441.0,4.3,441.0,Time=13.5s | BaseRaw=445.3 | CurrentRaw=441.0 | Change=4.3 => Floor
data,,445.3,441.4,3.9,441.4,Time=13.6s | BaseRaw=445.3 | CurrentRaw=441.4 | Change=3.9 => Floor
data,,445.3,441.0,4.3,441.0,Time=13.7s | BaseRaw=445.3 | CurrentRaw=441.0 | Change=4.3 => Floor
data,,445.3,440.0,5.3,440.0,Time=13.8s | BaseRaw=445.3 | CurrentRaw=440.0 | Change=5.3 => Floor
data,,445.3,440.2,5.1,440.2,Time=13.9s | BaseRaw=445.3 | CurrentRaw=440.2 | Change=5.1 => Floor
data,,445.3,440.2,5.1,440.2,Time=14.0s | BaseRaw=445.3 | CurrentRaw=440.2 | Change=5.1 => Floor
data,,445.3,440.4,4.9,440.4,Time=14.1s | BaseRaw=445.3 | CurrentRaw=440.4 | Change=4.9 => Floor
data,,445.3,439.6,5.7,439.6,Time=14.2s | BaseRaw=445.3 | CurrentRaw=439.6 | Change=5.7 => Floor
data,,445.3,440.4,4.9,440.4,Time=14.3s | BaseRaw=445.3 | CurrentRaw=440.4 | Change=4.9 => Floor
data,,445.3,440.4,4.9,440.4,Time=14.4s | BaseRaw=445.3 | CurrentRaw=440.4 | Change=4.9 => Floor
data,,445.3,439.8,5.5,439.8,Time=14.5s | BaseRaw=445.3 | CurrentRaw=439.8 | Change=5.5 => Floor
data,,445.3,439.4,5.9,439.4,Time=14.6s | BaseRaw=445.3 | CurrentRaw=439.4 | Change=5.9 => Floor
data,,445.3,441.0,4.3,441.0,Time=14.7s | BaseRaw=445.3 | CurrentRaw=441.0 | Change=4.3 => Floor
data,,445.3,441.2,4.1,441.2,Time=14.8s | BaseRaw=445.3 | CurrentRaw=441.2 | Change=4.1 => Floor
data,,445.3,441.2,4.1,441.2,Time=14.9s | BaseRaw=445.3 | CurrentRaw=441.2 | Change=4.1 => Floor
data,,445.3,442.2,3.1,442.2,Time=15.0s | BaseRaw=445.3 | CurrentRaw=442.2 | Change=3.1 => Floor
data,,445.3,442.8,2.5,442.8,Time=15.1s | BaseRaw=445.3 | CurrentRaw=442.8 | Change=2.5 => Floor
data,,445.3,442.0,3.3,442.0,Time=15.2s | BaseRaw=445.3 | CurrentRaw=442.0 | Change=3.3 => Floor
data,,445.3,441.4,3.9,441.4,Time=15.3s | BaseRaw=445.3 | CurrentRaw=441.4 | Change=3.9 => Floor
data,,445.3,441.8,3.5,441.8,Time=15.4s | BaseRaw=445.3 | CurrentRaw=441.8 | Change=3.5 => Floor
data,,445.3,441.4,3.9,441.4,Time=15.5s | BaseRaw=445.3 | CurrentRaw=441.4 | Change=3.9 => Floor
data,,445.3,440.0,5.3,440.0,Time=15.6s | BaseRaw=445.3 | CurrentRaw=440.0 | Change=5.3 => Floor
data,,445.3,440.0,5.3,440.0,Time=15.7s | BaseRaw=445.3 | CurrentRaw=440.0 | Change=5.3 => Floor
data,,445.3,440.8,4.5,440.8,Time=15.8s | BaseRaw=445.3 | CurrentRaw=440.8 | Change=4.5 => Floor
data,,445.3,440.2,5.1,440.2,Time=15.9s | BaseRaw=445.3 | CurrentRaw=440.2 | Change=5.1 => Floor
data,,445.3,439.4,5.9,439.4,Time=16.0s | BaseRaw=445.3 | CurrentRaw=439.4 | Change=5.9 => Floor
data,,445.3,440.0,5.3,440.0,Time=16.1s | BaseRaw=445.3 | CurrentRaw=440.0 | Change=5.3 => Floor
data,,445.3,440.4,4.9,440.4,Time=16.2s | BaseRaw=445.3 | CurrentRaw=440.4 | Change=4.9 => Floor
data,,445.3,439.6,5.7,439.6,Time=16.3s | BaseRaw=445.3 | CurrentRaw=439.6 | Change=5.7 => Floor
data,,445.3,439.2,6.1,439.2,Time=16.4s | BaseRaw=445.3 | CurrentRaw=439.2 | Change=6.1 => Floor
data,,445.3,440.0,5.3,440.0,Time=16.5s | BaseRaw=445.3 | CurrentRaw=440.0 | Change=5.3 => Floor
data,,445.3,440.2,5.1,440.2,Time=16.6s | BaseRaw=445.3 | CurrentRaw=440.2 | Change=5.1 => Floor
data,,445.3,439.4,5.9,439.4,Time=16.7s | BaseRaw=445.3 | CurrentRaw=439.4 | Change=5.9 => Floor
data,,445.3,439.6,5.7,439.6,Time=16.8s | BaseRaw=445.3 | CurrentRaw=439.6 | Change=5.7 => Floor
data,,445.3,440.4,4.9,440.4,Time=16.9s | BaseRaw=445.3 | CurrentRaw=440.4 | Change=4.9 => Floor
data,,445.3,440.2,5.1,440.2,Time=17.0s | BaseRaw=445.3 | CurrentRaw=440.2 | Change=5.1 => Floor
data,,445.3,439.4,5.9,439.4,Time=17.1s | BaseRaw=445.3 | CurrentRaw=439.4 | Change=5.9 => Floor
data,,445.3,439.6,5.7,439.6,Time=17.2s | BaseRaw=445.3 | CurrentRaw=439.6 | Change=5.7 => Floor
data,,445.3,439.8,5.5,439.8,Time=17.3s | BaseRaw=445.3 | CurrentRaw=439.8 | Change=5.5 => Floor
data,,445.3,438.8,6.5,438.8,Time=17.4s | BaseRaw=445.3 | CurrentRaw=438.8 | Change=6.5 => Floor
data,,445.3,438.0,7.3,438.0,Time=17.5s | BaseRaw=445.3 | CurrentRaw=438.0 | Change=7.3 => Floor
data,,445.3,438.8,6.5,438.8,Time=17.6s | BaseRaw=445.3 | CurrentRaw=438.8 | Change=6.5 => Floor
data,,445.3,439.4,5.9,439.4,Time=17.7s | BaseRaw=445.3 | CurrentRaw=439.4 | Change=5.9 => Floor
data,,445.3,438.8,6.5,438.8,Time=17.8s | BaseRaw=445.3 | CurrentRaw=438.8 | Change=6.5 => Floor
data,,445.3,439.0,6.3,439.0,Time=17.9s | BaseRaw=445.3 | CurrentRaw=439.0 | Change=6.3 => Floor
data,,445.3,440.2,5.1,440.2,Time=18.0s | BaseRaw=445.3 | CurrentRaw=440.2 | Change=5.1 => Floor
data,,445.3,440.2,5.1,440.2,Time=18.1s | BaseRaw=445.3 | CurrentRaw=440.2 | Change=5.1 => Floor
data,,445.3,439.8,5.5,439.8,Time=18.2s | BaseRaw=445.3 | CurrentRaw=439.8 | Change=5.5 => Floor
data,,445.3,441.8,3.5,441.8,Time=18.3s | BaseRaw=445.3 | CurrentRaw=441.8 | Change=3.5 => Floor
data,,445.3,446.0,0.7,446.0,Time=18.4s | BaseRaw=445.3 | CurrentRaw=446.0 | Change=0.7 => Floor
data,,445.3,450.4,5.1,450.4,Time=18.5s | BaseRaw=445.3 | CurrentRaw=450.4 | Change=5.1 => Floor
data,,445.3,456.6,11.3,456.6,Time=18.6s | BaseRaw=445.3 | CurrentRaw=456.6 | Change=11.3 => Liquid
data,,445.3,465.4,20.1,465.4,Time=18.7s | BaseRaw=445.3 | CurrentRaw=465.4 | Change=20.1 => Liquid
data,,445.3,472.4,27.1,472.4,Time=18.8s | BaseRaw=445.3 | CurrentRaw=472.4 | Change=27.1 => Liquid
data,,445.3,477.4,32.1,477.4,Time=18.9s | BaseRaw=445.3 | CurrentRaw=477.4 | Change=32.1 => Liquid
data,,445.3,482.8,37.5,482.8,Time=19.0s | BaseRaw=445.3 | CurrentRaw=482.8 | Change=37.5 => Liquid
data,,445.3,486.6,41.3,486.6,Time=19.1s | BaseRaw=445.3 | CurrentRaw=486.6 | Change=41.3 => Liquid
data,,445.3,489.6,44.3,489.6,Time=19.2s | BaseRaw=445.3 | CurrentRaw=489.6 | Change=44.3 => Liquid
data,,445.3,492.4,47.1,492.4,Time=19.3s | BaseRaw=445.3 | CurrentRaw=492.4 | Change=47.1 => Liquid
data,,445.3,495.0,49.7,495.0,Time=19.4s | BaseRaw=445.3 | CurrentRaw=495.0 | Change=49.7 => Liquid
data,,445.3,496.2,50.9,496.2,Time=19.5s | BaseRaw=445.3 | CurrentRaw=496.2 | Change=50.9 => Liquid
data,,445.3,496.4,51.1,496.4,Time=19.6s | BaseRaw=445.3 | CurrentRaw=496.4 | Change=51.1 => Liquid
data,,445.3,495.4,50.1,495.4,Time=19.7s | BaseRaw=445.3 | CurrentRaw=495.4 | Change=50.1 => Liquid
data,,445.3,494.2,48.9,494.2,Time=19.8s | BaseRaw=445.3 | CurrentRaw=494.2 | Change=48.9 => Liquid
data,,445.3,492.8,47.5,492.8,Time=19.9s | BaseRaw=445.3 | CurrentRaw=492.8 | Change=47.5 => Liquid
data,,445.3,491.8,46.5,491.8,Time=20.0s | BaseRaw=445.3 | CurrentRaw=491.8 | Change=46.5 => Liquid
data,,445.3,490.8,45.5,490.8,Time=20.1s | BaseRaw=445.3 | CurrentRaw=490.8 | Change=45.5 => Liquid
data,,445.3,490.2,44.9,490.2,Time=20.2s | BaseRaw=445.3 | CurrentRaw=490.2 | Change=44.9 => Liquid
data,,445.3,490.0,44.7,490.0,Time=20.3s | BaseRaw=445.3 | CurrentRaw=490.0 | Change=44.7 => Liquid
data,,445.3,490.0,44.7,490.0,Time=20.4s | BaseRaw=445.3 | CurrentRaw=490.0 | Change=44.7 => Liquid
data,,445.3,490.4,45.1,490.4,Time=20.5s | BaseRaw=445.3 | CurrentRaw=490.4 | Change=45.1 => Liquid
data,,445.3,491.0,45.7,491.0,Time=20.6s | BaseRaw=445.3 | CurrentRaw=491.0 | Change=45.7 => Liquid
data,,445.3,492.0,46.7,492.0,Time=20.7s | BaseRaw=445.3 | CurrentRaw=492.0 | Change=46.7 => Liquid
data,,445.3,493.4,48.1,493.4,Time=20.8s | BaseRaw=445.3 | CurrentRaw=493.4 | Change=48.1 => Liquid
data,,445.3,495.0,49.7,495.0,Time=20.9s | BaseRaw=445.3 | CurrentRaw=495.0 | Change=49.7 => Liquid
data,,445.3,496.8,51.5,496.8,Time=21.0s | BaseRaw=445.3 | CurrentRaw=496.8 | Change=51.5 => Liquid
data,,445.3,498.6,53.3,498.6,Time=21.1s | BaseRaw=445.3 | CurrentRaw=498.6 | Change=53.3 => Liquid
data,,445.3,500.0,54.7,500.0,Time=21.2s | BaseRaw=445.3 | CurrentRaw=500.0 | Change=54.7 => Liquid
data,,445.3,501.4,56.1,501.4,Time=21.3s | BaseRaw=445.3 | CurrentRaw=501.4 | Change=56.1 => Liquid
data,,445.3,502.6,57.3,502.6,Time=21.4s | BaseRaw=445.3 | CurrentRaw=502.6 | Change=57.3 => Liquid
data,,445.3,503.4,58.1,503.4,Time=21.5s | BaseRaw=445.3 | CurrentRaw=503.4 | Change=58.1 => Liquid
data,,445.3,503.2,57.9,503.2,Time=21.6s | BaseRaw=445.3 | CurrentRaw=503.2 | Change=57.9 => Liquid
data,,445.3,502.6,57.3,502.6,Time=21.7s | BaseRaw=445.3 | CurrentRaw=502.6 | Change=57.3 => Liquid
data,,445.3,501.2,55.9,501.2,Time=21.8s | BaseRaw=445.3 | CurrentRaw=501.2 | Change=55.9 => Liquid
data,,445.3,499.0,53.7,499.0,Time=21.9s | BaseRaw=445.3 | CurrentRaw=499.0 | Change=53.7 => Liquid
data,,445.3,497.0,51.7,497.0,Time=22.0s | BaseRaw=445.3 | CurrentRaw=497.0 | Change=51.7 => Liquid
data,,445.3,495.6,50.3,495.6,Time=22.1s | BaseRaw=445.3 | CurrentRaw=495.6 | Change=50.3 => Liquid
data,,445.3,494.0,48.7,494.0,Time=22.2s | BaseRaw=445.3 | CurrentRaw=494.0 | Change=48.7 => Liquid
data,,445.3,492.8,47.5,492.8,Time=22.3s | BaseRaw=445.3 | CurrentRaw=492.8 | Change=47.5 => Liquid
data,,445.3,491.6,46.3,491.6,Time=22.4s | BaseRaw=445.3 | CurrentRaw=491.6 | Change=46.3 => Liquid
data,,445.3,490.6,45.3,490.6,Time=22.5s | BaseRaw=445.3 | CurrentRaw=490.6 | Change=45.3 => Liquid
data,,445.3,489.8,44.5,489.8,Time=22.6s | BaseRaw=445.3 | CurrentRaw=489.8 | Change=44.5 => Liquid
data,,445.3,489.0,43.7,489.0,Time=22.7s | BaseRaw=445.3 | CurrentRaw=489.0 | Change=43.7 => Liquid
data,,445.3,488.6,43.3,488.6,Time=22.8s | BaseRaw=445.3 | CurrentRaw=488.6 | Change=43.3 => Liquid
data,,445.3,488.4,43.1,488.4,Time=22.9s | BaseRaw=445.3 | CurrentRaw=488.4 | Change=43.1 => Liquid
data,,445.3,488.0,42.7,488.0,Time=23.0s | BaseRaw=445.3 | CurrentRaw=488.0 | Change=42.7 => Liquid
data,,445.3,488.0,42.7,488.0,Time=23.1s | BaseRaw=445.3 | CurrentRaw=488.0 | Change=42.7 => Liquid
data,,445.3,488.0,42.7,488.0,Time=23.2s | BaseRaw=445.3 | CurrentRaw=488.0 | Change=42.7 => Liquid
data,,445.3,488.2,42.9,488.2,Time=23.3s | BaseRaw=445.3 | CurrentRaw=488.2 | Change=42.9 => Liquid
data,,445.3,488.0,42.7,488.0,Time=23.4s | BaseRaw=445.3 | CurrentRaw=488.0 | Change=42.7 => Liquid
data,,445.3,487.2,41.9,487.2,Time=23.5s | BaseRaw=445.3 | CurrentRaw=487.2 | Change=41.9 => Liquid
data,,445.3,486.4,41.1,486.4,Time=23.6s | BaseRaw=445.3 | CurrentRaw=486.4 | Change=41.1 => Liquid
data,,445.3,485.8,40.5,485.8,Time=23.7s | BaseRaw=445.3 | CurrentRaw=485.8 | Change=40.5 => Liquid
data,,445.3,484.8,39.5,484.8,Time=23.8s | BaseRaw=445.3 | CurrentRaw=484.8 | Change=39.5 => Liquid
data,,445.3,483.8,38.5,483.8,Time=23.9s | BaseRaw=445.3 | CurrentRaw=483.8 | Change=38.5 => Liquid
data,,445.3,483.4,38.1,483.4,Time=24.0s | BaseRaw=445.3 | CurrentRaw=483.4 | Change=38.1 => Liquid
data,,445.3,483.2,37.9,483.2,Time=24.1s | BaseRaw=445.3 | CurrentRaw=483.2 | Change=37.9 => Liquid
data,,445.3,482.8,37.5,482.8,Time=24.2s | BaseRaw=445.3 | CurrentRaw=482.8 | Change=37.5 => Liquid
data,,445.3,483.0,37.7,483.0,Time=24.3s | BaseRaw=445.3 | CurrentRaw=483.0 | Change=37.7 => Liquid
data,,445.3,482.8,37.5,482.8,Time=24.4s | BaseRaw=445.3 | CurrentRaw=482.8 | Change=37.5 => Liquid
data,,445.3,482.4,37.1,482.4,Time=24.5s | BaseRaw=445.3 | CurrentRaw=482.4 | Change=37.1 => Liquid
data,,445.3,481.2,35.9,481.2,Time=24.6s | BaseRaw=445.3 | CurrentRaw=481.2 | Change=35.9 => Liquid
data,,445.3,479.8,34.5,479.8,Time=24.7s | BaseRaw=445.3 | CurrentRaw=479.8 | Change=34.5 => Liquid
data,,445.3,478.0,32.7,478.0,Time=24.8s | BaseRaw=445.3 | CurrentRaw=478.0 | Change=32.7 => Liquid
data,,445.3,476.6,31.3,476.6,Time=24.9s | BaseRaw=445.3 | CurrentRaw=476.6 | Change=31.3 => Liquid
data,,445.3,474.8,29.5,474.8,Time=25.0s | BaseRaw=445.3 | CurrentRaw=474.8 | Change=29.5 => Liquid
data,,445.3,472.8,27.5,472.8,Time=25.1s | BaseRaw=445.3 | CurrentRaw=472.8 | Change=27.5 => Liquid
data,,445.3,470.8,25.5,470.8,Time=25.2s | BaseRaw=445.3 | CurrentRaw=470.8 | Change=25.5 => Liquid
data,,445.3,469.0,23.7,469.0,Time=25.3s | BaseRaw=445.3 | CurrentRaw=469.0 | Change=23.7 => Liquid
data,,445.3,467.4,22.1,467.4,Time=25.4s | BaseRaw=445.3 | CurrentRaw=467.4 | Change=22.1 => Liquid
data,,445.3,466.4,21.1,466.4,Time=25.5s | BaseRaw=445.3 | CurrentRaw=466.4 | Change=21.1 => Liquid
data,,445.3,466.8,21.5,466.8,Time=25.6s | BaseRaw=445.3 | CurrentRaw=466.8 | Change=21.5 => Liquid
data,,445.3,466.6,21.3,466.6,Time=25.7s | BaseRaw=445.3 | CurrentRaw=466.6 | Change=21.3 => Liquid
data,,445.3,466.6,21.3,466.6,Time=25.8s | BaseRaw=445.3 | CurrentRaw=466.6 | Change=21.3 => Liquid
data,,445.3,466.2,20.9,466.2,Time=25.9s | BaseRaw=445.3 | CurrentRaw=466.2 | Change=20.9 => Liquid
data,,445.3,465.6,20.3,465.6,Time=26.0s | BaseRaw=445.3 | CurrentRaw=465.6 | Change=20.3 => Liquid
data,,445.3,464.8,19.5,464.8,Time=26.1s | BaseRaw=445.3 | CurrentRaw=464.8 | Change=19.5 => Liquid
data,,445.3,464.4,19.1,464.4,Time=26.2s | BaseRaw=445.3 | CurrentRaw=464.4 | Change=19.1 => Liquid
data,,445.3,464.4,19.1,464.4,Time=26.3s | BaseRaw=445.3 | CurrentRaw=464.4 | Change=19.1 => Liquid
data,,445.3,464.4,19.1,464.4,Time=26.4s | BaseRaw=445.3 | CurrentRaw=464.4 | Change=19.1 => Liquid
data,,445.3,464.6,19.3,464.6,Time=26.5s | BaseRaw=445.3 | CurrentRaw=464.6 | Change=19.3 => Liquid
data,,445.3,464.6,19.3,464.6,Time=26.6s | BaseRaw=445.3 | CurrentRaw=464.6 | Change=19.3 => Liquid
data,,445.3,464.6,19.3,464.6,Time=26.7s | BaseRaw=445.3 | CurrentRaw=464.6 | Change=19.3 => Liquid
data,,445.3,464.4,19.1,464.4,Time=26.8s | BaseRaw=445.3 | CurrentRaw=464.4 | Change=19.1 => Liquid
data,,445.3,464.6,19.3,464.6,Time=26.9s | BaseRaw=445.3 | CurrentRaw=464.6 | Change=19.3 => Liquid
data,,445.3,464.6,19.3,464.6,Time=27.0s | BaseRaw=445.3 | CurrentRaw=464.6 | Change=19.3 => Liquid
data,,445.3,464.8,19.5,464.8,Time=27.1s | BaseRaw=445.3 | CurrentRaw=464.8 | Change=19.5 => Liquid
data,,445.3,464.6,19.3,464.6,Time=27.2s | BaseRaw=445.3 | CurrentRaw=464.6 | Change=19.3 => Liquid
data,,445.3,464.6,19.3,464.6,Time=27.3s | BaseRaw=445.3 | CurrentRaw=464.6 | Change=19.3 => Liquid
data,,445.3,464.8,19.5,464.8,Time=27.4s | BaseRaw=445.3 | CurrentRaw=464.8 | Change=19.5 => Liquid
data,,445.3,464.6,19.3,464.6,Time=27.5s | BaseRaw=445.3 | CurrentRaw=464.6 | Change=19.3 => Liquid
data,,445.3,464.8,19.5,464.8,Time=27.6s | BaseRaw=445.3 | CurrentRaw=464.8 | Change=19.5 => Liquid
data,,445.3,465.0,19.7,465.0,Time=27.7s | BaseRaw=445.3 | CurrentRaw=465.0 | Change=19.7 => Liquid
data,,445.3,465.2,19.9,465.2,Time=27.8s | BaseRaw=445.3 | CurrentRaw=465.2 | Change=19.9 => Liquid
data,,445.3,465.0,19.7,465.0,Time=27.9s | BaseRaw=445.3 | CurrentRaw=465.0 | Change=19.7 => Liquid
data,,445.3,465.0,19.7,465.0,Time=28.0s | BaseRaw=445.3 | CurrentRaw=465.0 | Change=19.7 => Liquid
data,,445.3,465.0,19.7,465.0,Time=28.1s | BaseRaw=445.3 | CurrentRaw=465.0 | Change=19.7 => Liquid
data,,445.3,465.0,19.7,465.0,Time=28.2s | BaseRaw=445.3 | CurrentRaw=465.0 | Change=19.7 => Liquid
data,,445.3,464.6,19.3,464.6,Time=28.3s | BaseRaw=445.3 | CurrentRaw=464.6 | Change=19.3 => Liquid
data,,445.3,464.6,19.3,464.6,Time=28.4s | BaseRaw=445.3 | CurrentRaw=464.6 | Change=19.3 => Liquid
data,,445.3,464.4,19.1,464.4,Time=28.5s | BaseRaw=445.3 | CurrentRaw=464.4 | Change=19.1 => Liquid
data,,445.3,464.4,19.1,464.4,Time=28.6s | BaseRaw=445.3 | CurrentRaw=464.4 | Change=19.1 => Liquid
data,,445.3,464.2,18.9,464.2,Time=28.7s | BaseRaw=445.3 | CurrentRaw=464.2 | Change=18.9 => Liquid
data,,445.3,464.2,18.9,464.2,Time=28.8s | BaseRaw=445.3 | CurrentRaw=464.2 | Change=18.9 => Liquid
data,,445.3,464.0,18.7,464.0,Time=28.9s | BaseRaw=445.3 | CurrentRaw=464.0 | Change=18.7 => Liquid
data,,445.3,463.6,18.3,463.6,Time=29.0s | BaseRaw=445.3 | CurrentRaw=463.6 | Change=18.3 => Liquid
data,,445.3,463.6,18.3,463.6,Time=29.1s | BaseRaw=445.3 | CurrentRaw=463.6 | Change=18.3 => Liquid
data,,445.3,463.6,18.3,463.6,Time=29.2s | BaseRaw=445.3 | CurrentRaw=463.6 | Change=18.3 => Liquid
data,,445.3,463.8,18.5,463.8,Time=29.3s | BaseRaw=445.3 | CurrentRaw=463.8 | Change=18.5 => Liquid
data,,445.3,464.2,18.9,464.2,Time=29.4s | BaseRaw=445.3 | CurrentRaw=464.2 | Change=18.9 => Liquid
data,,445.3,464.6,19.3,464.6,Time=29.5s | BaseRaw=445.3 | CurrentRaw=464.6 | Change=19.3 => Liquid
data,,445.3,464.8,19.5,464.8,Time=29.6s | BaseRaw=445.3 | CurrentRaw=464.8 | Change=19.5 => Liquid
data,,445.3,464.8,19.5,464.8,Time=29.7s | BaseRaw=445.3 | CurrentRaw=464.8 | Change=19.5 => Liquid
data,,445.3,464.8,19.5,464.8,Time=29.8s | BaseRaw=445.3 | CurrentRaw=464.8 | Change=19.5 => Liquid
data,,445.3,465.2,19.9,465.2,Time=29.9s | BaseRaw=445.3 | CurrentRaw=465.2 | Change=19.9 => Liquid
data,,445.3,465.2,19.9,465.2,Time=30.0s | BaseRaw=445.3 | CurrentRaw=465.2 | Change=19.9 => Liquid
data,,445.3,465.6,20.3,465.6,Time=30.1s | BaseRaw=445.3 | CurrentRaw=465.6 | Change=20.3 => Liquid
data,,445.3,465.6,20.3,465.6,Time=30.2s | BaseRaw=445.3 | CurrentRaw=465.6 | Change=20.3 => Liquid
data,,445.3,464.8,19.5,464.8,Time=30.3s | BaseRaw=445.3 | CurrentRaw=464.8 | Change=19.5 => Liquid
data,,445.3,463.4,18.1,463.4,Time=30.4s | BaseRaw=445.3 | CurrentRaw=463.4 | Change=18.1 => Liquid
data,,445.3,461.6,16.3,461.6,Time=30.5s | BaseRaw=445.3 | CurrentRaw=461.6 | Change=16.3 => Liquid
data,,445.3,458.0,12.7,458.0,Time=30.6s | BaseRaw=445.3 | CurrentRaw=458.0 | Change=12.7 => Liquid
data,,445.3,453.2,7.9,453.2,Time=30.7s | BaseRaw=445.3 | CurrentRaw=453.2 | Change=7.9 => Floor
data,,445.3,448.6,3.3,448.6,Time=30.8s | BaseRaw=445.3 | CurrentRaw=448.6 | Change=3.3 => Floor
data,,445.3,445.4,0.1,445.4,Time=30.9s | BaseRaw=445.3 | CurrentRaw=445.4 | Change=0.1 => Floor
data,,445.3,442.0,3.3,442.0,Time=31.0s | BaseRaw=445.3 | CurrentRaw=442.0 | Change=3.3 => Floor
data,,445.3,438.6,6.7,438.6,Time=31.1s | BaseRaw=445.3 | CurrentRaw=438.6 | Change=6.7 => Floor
data,,445.3,438.4,6.9,438.4,Time=31.2s | BaseRaw=445.3 | CurrentRaw=438.4 | Change=6.9 => Floor
data,,445.3,438.0,7.3,438.0,Time=31.3s | BaseRaw=445.3 | CurrentRaw=438.0 | Change=7.3 => Floor
data,,445.3,436.8,8.5,436.8,Time=31.4s | BaseRaw=445.3 | CurrentRaw=436.8 | Change=8.5 => Floor
data,,445.3,436.4,8.9,436.4,Time=31.5s | BaseRaw=445.3 | CurrentRaw=436.4 | Change=8.9 => Floor
data,,445.3,437.4,7.9,437.4,Time=31.6s | BaseRaw=445.3 | CurrentRaw=437.4 | Change=7.9 => Floor
data,,445.3,437.4,7.9,437.4,Time=31.7s | BaseRaw=445.3 | CurrentRaw=437.4 | Change=7.9 => Floor
data,,445.3,436.2,9.1,436.2,Time=31.8s | BaseRaw=445.3 | CurrentRaw=436.2 | Change=9.1 => Floor
data,,445.3,435.6,9.7,435.6,Time=31.9s | BaseRaw=445.3 | CurrentRaw=435.6 | Change=9.7 => Floor
data,,445.3,435.6,9.7,435.6,Time=32.0s | BaseRaw=445.3 | CurrentRaw=435.6 | Change=9.7 => Floor
data,,445.3,434.2,11.1,434.2,Time=32.1s | BaseRaw=445.3 | CurrentRaw=434.2 | Change=11.1 => Liquid
data,,445.3,433.0,12.3,433.0,Time=32.2s | BaseRaw=445.3 | CurrentRaw=433.0 | Change=12.3 => Liquid
data,,445.3,433.4,11.9,433.4,Time=32.3s | BaseRaw=445.3 | CurrentRaw=433.4 | Change=11.9 => Liquid
data,,445.3,432.4,12.9,432.4,Time=32.4s | BaseRaw=445.3 | CurrentRaw=432.4 | Change=12.9 => Liquid
data,,445.3,431.8,13.5,431.8,Time=32.5s | BaseRaw=445.3 | CurrentRaw=431.8 | Change=13.5 => Liquid
data,,445.3,431.8,13.5,431.8,Time=32.6s | BaseRaw=445.3 | CurrentRaw=431.8 | Change=13.5 => Liquid
data,,445.3,431.4,13.9,431.4,Time=32.7s | BaseRaw=445.3 | CurrentRaw=431.4 | Change=13.9 => Liquid
data,,445.3,431.4,13.9,431.4,Time=32.8s | BaseRaw=445.3 | CurrentRaw=431.4 | Change=13.9 => Liquid
data,,445.3,431.4,13.9,431.4,Time=32.9s | BaseRaw=445.3 | CurrentRaw=431.4 | Change=13.9 => Liquid
data,,445.3,431.0,14.3,431.0,Time=33.0s | BaseRaw=445.3 | CurrentRaw=431.0 | Change=14.3 => Liquid
data,,445.3,431.0,14.3,431.0,Time=33.1s | BaseRaw=445.3 | CurrentRaw=431.0 | Change=14.3 => Liquid
data,,445.3,431.0,14.3,431.0,Time=33.2s | BaseRaw=445.3 | CurrentRaw=431.0 | Change=14.3 => Liquid
data,,445.3,430.8,14.5,430.8,Time=33.3s | BaseRaw=445.3 | CurrentRaw=430.8 | Change=14.5 => Liquid
data,,445.3,430.6,14.7,430.6,Time=33.4s | BaseRaw=445.3 | CurrentRaw=430.6 | Change=14.7 => Liquid
data,,445.3,430.6,14.7,430.6,Time=33.5s | BaseRaw=445.3 | CurrentRaw=430.6 | Change=14.7 => Liquid
data,,445.3,430.4,14.9,430.4,Time=33.6s | BaseRaw=445.3 | CurrentRaw=430.4 | Change=14.9 => Liquid
data,,445.3,430.4,14.9,430.4,Time=33.7s | BaseRaw=445.3 | CurrentRaw=430.4 | Change=14.9 => Liquid
data,,445.3,430.4,14.9,430.4,Time=33.8s | BaseRaw=445.3 | CurrentRaw=430.4 | Change=14.9 => Liquid
data,,445.3,430.8,14.5,430.8,Time=33.9s | BaseRaw=445.3 | CurrentRaw=430.8 | Change=14.5 => Liquid
data,,445.3,430.8,14.5,430.8,Time=34.0s | BaseRaw=445.3 | CurrentRaw=430.8 | Change=14.5 => Liquid
data,,445.3,431.0,14.3,431.0,Time=34.1s | BaseRaw=445.3 | CurrentRaw=431.0 | Change=14.3 => Liquid
data,,445.3,431.0,14.3,431.0,Time=34.2s | BaseRaw=445.3 | CurrentRaw=431.0 | Change=14.3 => Liquid
data,,445.3,431.0,14.3,431.0,Time=34.3s | BaseRaw=445.3 | CurrentRaw=431.0 | Change=14.3 => Liquid
data,,445.3,431.0,14.3,431.0,Time=34.4s | BaseRaw=445.3 | CurrentRaw=431.0 | Change=14.3 => Liquid
data,,445.3,431.0,14.3,431.0,Time=34.5s | BaseRaw=445.3 | CurrentRaw=431.0 | Change=14.3 => Liquid
data,,445.3,431.2,14.1,431.2,Time=34.6s | BaseRaw=445.3 | CurrentRaw=431.2 | Change=14.1 => Liquid
data,,445.3,431.2,14.1,431.2,Time=34.7s | BaseRaw=445.3 | CurrentRaw=431.2 | Change=14.1 => Liquid
data,,445.3,431.4,13.9,431.4,Time=34.8s | BaseRaw=445.3 | CurrentRaw=431.4 | Change=13.9 => Liquid
data,,445.3,431.6,13.7,431.6,Time=34.9s | BaseRaw=445.3 | CurrentRaw=431.6 | Change=13.7 => Liquid
data,,445.3,431.6,13.7,431.6,Time=35.0s | BaseRaw=445.3 | CurrentRaw=431.6 | Change=13.7 => Liquid
data,,445.3,432.0,13.3,432.0,Time=35.1s | BaseRaw=445.3 | CurrentRaw=432.0 | Change=13.3 => Liquid
data,,445.3,432.2,13.1,432.2,Time=35.2s | BaseRaw=445.3 | CurrentRaw=432.2 | Change=13.1 => Liquid
data,,445.3,432.4,12.9,432.4,Time=35.3s | BaseRaw=445.3 | CurrentRaw=432.4 | Change=12.9 => Liquid
data,,445.3,432.6,12.7,432.6,Time=35.4s | BaseRaw=445.3 | CurrentRaw=432.6 | Change=12.7 => Liquid
data,,445.3,433.0,12.3,433.0,Time=35.5s | BaseRaw=445.3 | CurrentRaw=433.0 | Change=12.3 => Liquid
data,,445.3,433.0,12.3,433.0,Time=35.6s | BaseRaw=445.3 | CurrentRaw=433.0 | Change=12.3 => Liquid
data,,445.3,433.0,12.3,433.0,Time=35.7s | BaseRaw=445.3 | CurrentRaw=433.0 | Change=12.3 => Liquid
data,,445.3,432.6,12.7,432.6,Time=35.8s | BaseRaw=445.3 | CurrentRaw=432.6 | Change=12.7 => Liquid
data,,445.3,432.2,13.1,432.2,Time=35.9s | BaseRaw=445.3 | CurrentRaw=432.2 | Change=13.1 => Liquid
data,,445.3,431.4,13.9,431.4,Time=36.0s | BaseRaw=445.3 | CurrentRaw=431.4 | Change=13.9 => Liquid
data,,445.3,430.6,14.7,430.6,Time=36.1s | BaseRaw=445.3 | CurrentRaw=430.6 | Change=14.7 => Liquid
data,,445.3,429.6,15.7,429.6,Time=36.2s | BaseRaw=445.3 | CurrentRaw=429.6 | Change=15.7 => Liquid
data,,445.3,429.0,16.3,429.0,Time=36.3s | BaseRaw=445.3 | CurrentRaw=429.0 | Change=16.3 => Liquid
data,,445.3,429.4,15.9,429.4,Time=36.4s | BaseRaw=445.3 | CurrentRaw=429.4 | Change=15.9 => Liquid
data,,445.3,430.2,15.1,430.2,Time=36.5s | BaseRaw=445.3 | CurrentRaw=430.2 | Change=15.1 => Liquid
data,,445.3,431.8,13.5,431.8,Time=36.6s | BaseRaw=445.3 | CurrentRaw=431.8 | Change=13.5 => Liquid
data,,445.3,434.2,11.1,434.2,Time=36.7s | BaseRaw=445.3 | CurrentRaw=434.2 | Change=11.1 => Liquid
data,,445.3,436.4,8.9,436.4,Time=36.8s | BaseRaw=445.3 | CurrentRaw=436.4 | Change=8.9 => Floor
data,,445.3,439.2,6.1,439.2,Time=36.9s | BaseRaw=445.3 | CurrentRaw=439.2 | Change=6.1 => Floor
data,,445.3,441.4,3.9,441.4,Time=37.0s | BaseRaw=445.3 | CurrentRaw=441.4 | Change=3.9 => Floor
data,,445.3,442.8,2.5,442.8,Time=37.1s | BaseRaw=445.3 | CurrentRaw=442.8 | Change=2.5 => Floor
data,,445.3,445.4,0.1,445.4,Time=37.2s | BaseRaw=445.3 | CurrentRaw=445.4 | Change=0.1 => Floor
data,,445.3,447.0,1.7,447.0,Time=37.3s | BaseRaw=445.3 | CurrentRaw=447.0 | Change=1.7 => Floor
data,,445.3,447.6,2.3,447.6,Time=37.4s | BaseRaw=445.3 | CurrentRaw=447.6 | Change=2.3 => Floor
data,,445.3,448.8,3.5,448.8,Time=37.5s | BaseRaw=445.3 | CurrentRaw=448.8 | Change=3.5 => Floor
data,,445.3,450.2,4.9,450.2,Time=37.6s | BaseRaw=445.3 | CurrentRaw=450.2 | Change=4.9 => Floor
data,,445.3,450.6,5.3,450.6,Time=37.7s | BaseRaw=445.3 | CurrentRaw=450.6 | Change=5.3 => Floor
data,,445.3,451.2,5.9,451.2,Time=37.8s | BaseRaw=445.3 | CurrentRaw=451.2 | Change=5.9 => Floor
data,,445.3,452.2,6.9,452.2,Time=37.9s | BaseRaw=445.3 | CurrentRaw=452.2 | Change=6.9 => Floor
data,,445.3,453.2,7.9,453.2,Time=38.0s | BaseRaw=445.3 | CurrentRaw=453.2 | Change=7.9 => Floor
data,,445.3,452.8,7.5,452.8,Time=38.1s | BaseRaw=445.3 | CurrentRaw=452.8 | Change=7.5 => Floor
data,,445.3,452.6,7.3,452.6,Time=38.2s | BaseRaw=445.3 | CurrentRaw=452.6 | Change=7.3 => Floor
data,,445.3,453.4,8.1,453.4,Time=38.3s | BaseRaw=445.3 | CurrentRaw=453.4 | Change=8.1 => Floor
data,,445.3,453.6,8.3,453.6,Time=38.4s | BaseRaw=445.3 | CurrentRaw=453.6 | Change=8.3 => Floor
data,,445.3,453.0,7.7,453.0,Time=38.5s | BaseRaw=445.3 | CurrentRaw=453.0 | Change=7.7 => Floor
data,,445.3,454.0,8.7,454.0,Time=38.6s | BaseRaw=445.3 | CurrentRaw=454.0 | Change=8.7 => Floor
data,,445.3,455.6,10.3,455.6,Time=38.7s | BaseRaw=445.3 | CurrentRaw=455.6 | Change=10.3 => Liquid
data,,445.3,455.2,9.9,455.2,Time=38.8s | BaseRaw=445.3 | CurrentRaw=455.2 | Change=9.9 => Floor
data,,445.3,455.4,10.1,455.4,Time=38.9s | BaseRaw=445.3 | CurrentRaw=455.4 | Change=10.1 => Liquid
data,,445.3,456.8,11.5,456.8,Time=39.0s | BaseRaw=445.3 | CurrentRaw=456.8 | Change=11.5 => Liquid
data,,445.3,456.2,10.9,456.2,Time=39.1s | BaseRaw=445.3 | CurrentRaw=456.2 | Change=10.9 => Liquid
data,,445.3,456.2,10.9,456.2,Time=39.2s | BaseRaw=445.3 | CurrentRaw=456.2 | Change=10.9 => Liquid
data,,445.3,455.0,9.7,455.0,Time=39.3s | BaseRaw=445.3 | CurrentRaw=455.0 | Change=9.7 => Floor
data,,445.3,454.0,8.7,454.0,Time=39.4s | BaseRaw=445.3 | CurrentRaw=454.0 | Change=8.7 => Floor
data,,445.3,453.2,7.9,453.2,Time=39.5s | BaseRaw=445.3 | CurrentRaw=453.2 | Change=7.9 => Floor
data,,445.3,454.0,8.7,454.0,Time=39.6s | BaseRaw=445.3 | CurrentRaw=454.0 | Change=8.7 => Floor
data,,445.3,453.0,7.7,453.0,Time=39.7s | BaseRaw=445.3 | CurrentRaw=453.0 | Change=7.7 => Floor
data,,445.3,457.2,11.9,457.2,Time=39.8s | BaseRaw=445.3 | CurrentRaw=457.2 | Change=11.9 => Liquid
data,,445.3,458.4,13.1,458.4,Time=39.9s | BaseRaw=445.3 | CurrentRaw=458.4 | Change=13.1 => Liquid
data,,445.3,457.8,12.5,457.8,Time=40.0s | BaseRaw=445.3 | CurrentRaw=457.8 | Change=12.5 => Liquid
data,,445.3,457.2,11.9,457.2,Time=40.1s | BaseRaw=445.3 | CurrentRaw=457.2 | Change=11.9 => Liquid
data,,445.3,456.8,11.5,456.8,Time=40.2s | BaseRaw=445.3 | CurrentRaw=456.8 | Change=11.5 => Liquid
data,,445.3,452.8,7.5,452.8,Time=40.3s | BaseRaw=445.3 | CurrentRaw=452.8 | Change=7.5 => Floor
data,,445.3,452.2,6.9,452.2,Time=40.4s | BaseRaw=445.3 | CurrentRaw=452.2 | Change=6.9 => Floor
data,,445.3,453.2,7.9,453.2,Time=40.5s | BaseRaw=445.3 | CurrentRaw=453.2 | Change=7.9 => Floor
data,,445.3,453.2,7.9,453.2,Time=40.6s | BaseRaw=445.3 | CurrentRaw=453.2 | Change=7.9 => Floor
data,,445.3,453.2,7.9,453.2,Time=40.7s | BaseRaw=445.3 | CurrentRaw=453.2 | Change=7.9 => Floor
data,,445.3,454.6,9.3,454.6,Time=40.8s | BaseRaw=445.3 | CurrentRaw=454.6 | Change=9.3 => Floor
data,,445.3,455.0,9.7,455.0,Time=40.9s | BaseRaw=445.3 | CurrentRaw=455.0 | Change=9.7 => Floor
data,,445.3,453.0,7.7,453.0,Time=41.0s | BaseRaw=445.3 | CurrentRaw=453.0 | Change=7.7 => Floor
data,,445.3,452.8,7.5,452.8,Time=41.1s | BaseRaw=445.3 | CurrentRaw=452.8 | Change=7.5 => Floor
data,,445.3,453.4,8.1,453.4,Time=41.2s | BaseRaw=445.3 | CurrentRaw=453.4 | Change=8.1 => Floor
data,,445.3,452.6,7.3,452.6,Time=41.3s | BaseRaw=445.3 | CurrentRaw=452.6 | Change=7.3 => Floor
data,,445.3,451.6,6.3,451.6,Time=41.4s | BaseRaw=445.3 | CurrentRaw=451.6 | Change=6.3 => Floor
data,,445.3,453.0,7.7,453.0,Time=41.5s | BaseRaw=445.3 | CurrentRaw=453.0 | Change=7.7 => Floor
data,,445.3,453.2,7.9,453.2,Time=41.6s | BaseRaw=445.3 | CurrentRaw=453.2 | Change=7.9 => Floor
data,,445.3,452.0,6.7,452.0,Time=41.7s | BaseRaw=445.3 | CurrentRaw=452.0 | Change=6.7 => Floor
data,,445.3,452.4,7.1,452.4,Time=41.8s | BaseRaw=445.3 | CurrentRaw=452.4 | Change=7.1 => Floor
data,,445.3,452.4,7.1,452.4,Time=41.9s | BaseRaw=445.3 | CurrentRaw=452.4 | Change=7.1 => Floor
data,,445.3,451.6,6.3,451.6,Time=42.0s | BaseRaw=445.3 | CurrentRaw=451.6 | Change=6.3 => Floor
data,,445.3,450.0,4.7,450.0,Time=42.1s | BaseRaw=445.3 | CurrentRaw=450.0 | Change=4.7 => Floor
data,,445.3,449.2,3.9,449.2,Time=42.2s | BaseRaw=445.3 | CurrentRaw=449.2 | Change=3.9 => Floor
data,,445.3,447.2,1.9,447.2,Time=42.3s | BaseRaw=445.3 | CurrentRaw=447.2 | Change=1.9 => Floor
data,,445.3,445.6,0.3,445.6,Time=42.4s | BaseRaw=445.3 | CurrentRaw=445.6 | Change=0.3 => Floor
data,,445.3,442.8,2.5,442.8,Time=42.5s | BaseRaw=445.3 | CurrentRaw=442.8 | Change=2.5 => Floor
data,,445.3,440.4,4.9,440.4,Time=42.6s | BaseRaw=445.3 | CurrentRaw=440.4 | Change=4.9 => Floor
data,,445.3,431.2,14.1,431.2,Time=42.7s | BaseRaw=445.3 | CurrentRaw=431.2 | Change=14.1 => Liquid
data,,445.3,416.8,28.5,416.8,Time=42.8s | BaseRaw=445.3 | CurrentRaw=416.8 | Change=28.5 => Liquid
data,,445.3,410.4,34.9,410.4,Time=42.9s | BaseRaw=445.3 | CurrentRaw=410.4 | Change=34.9 => Liquid
data,,445.3,410.2,35.1,410.2,Time=43.0s | BaseRaw=445.3 | CurrentRaw=410.2 | Change=35.1 => Liquid
data,,445.3,412.4,32.9,412.4,Time=43.1s | BaseRaw=445.3 | CurrentRaw=412.4 | Change=32.9 => Liquid
data,,445.3,423.4,21.9,423.4,Time=43.2s | BaseRaw=445.3 | CurrentRaw=423.4 | Change=21.9 => Liquid
data,,445.3,440.0,5.3,440.0,Time=43.3s | BaseRaw=445.3 | CurrentRaw=440.0 | Change=5.3 => Floor
data,,445.3,450.2,4.9,450.2,Time=43.4s | BaseRaw=445.3 | CurrentRaw=450.2 | Change=4.9 => Floor
data,,445.3,457.0,11.7,457.0,Time=43.5s | BaseRaw=445.3 | CurrentRaw=457.0 | Change=11.7 => Liquid
data,,445.3,462.0,16.7,462.0,Time=43.6s | BaseRaw=445.3 | CurrentRaw=462.0 | Change=16.7 => Liquid
data,,445.3,465.2,19.9,465.2,Time=43.7s | BaseRaw=445.3 | CurrentRaw=465.2 | Change=19.9 => Liquid
data,,445.3,467.4,22.1,467.4,Time=43.8s | BaseRaw=445.3 | CurrentRaw=467.4 | Change=22.1 => Liquid
data,,445.3,468.4,23.1,468.4,Time=43.9s | BaseRaw=445.3 | CurrentRaw=468.4 | Change=23.1 => Liquid
data,,445.3,469.6,24.3,469.6,Time=44.0s | BaseRaw=445.3 | CurrentRaw=469.6 | Change=24.3 => Liquid
data,,445.3,471.0,25.7,471.0,Time=44.1s | BaseRaw=445.3 | CurrentRaw=471.0 | Change=25.7 => Liquid
data,,445.3,473.4,28.1,473.4,Time=44.2s | BaseRaw=445.3 | CurrentRaw=473.4 | Change=28.1 => Liquid
data,,445.3,477.2,31.9,477.2,Time=44.3s | BaseRaw=445.3 | CurrentRaw=477.2 | Change=31.9 => Liquid
data,,445.3,480.2,34.9,480.2,Time=44.4s | BaseRaw=445.3 | CurrentRaw=480.2 | Change=34.9 => Liquid
data,,445.3,482.6,37.3,482.6,Time=44.5s | BaseRaw=445.3 | CurrentRaw=482.6 | Change=37.3 => Liquid
data,,445.3,483.8,38.5,483.8,Time=44.6s | BaseRaw=445.3 | CurrentRaw=483.8 | Change=38.5 => Liquid
data,,445.3,484.8,39.5,484.8,Time=44.7s | BaseRaw=445.3 | CurrentRaw=484.8 | Change=39.5 => Liquid
data,,445.3,485.2,39.9,485.2,Time=44.8s | BaseRaw=445.3 | CurrentRaw=485.2 | Change=39.9 => Liquid
data,,445.3,484.8,39.5,484.8,Time=44.9s | BaseRaw=445.3 | CurrentRaw=484.8 | Change=39.5 => Liquid
data,,445.3,484.4,39.1,484.4,Time=45.0s | BaseRaw=445.3 | CurrentRaw=484.4 | Change=39.1 => Liquid
data,,445.3,484.0,38.7,484.0,Time=45.1s | BaseRaw=445.3 | CurrentRaw=484.0 | Change=38.7 => Liquid
data,,445.3,482.8,37.5,482.8,Time=45.2s | BaseRaw=445.3 | CurrentRaw=482.8 | Change=37.5 => Liquid
data,,445.3,481.6,36.3,481.6,Time=45.3s | BaseRaw=445.3 | CurrentRaw=481.6 | Change=36.3 => Liquid
data,,445.3,481.2,35.9,481.2,Time=45.4s | BaseRaw=445.3 | CurrentRaw=481.2 | Change=35.9 => Liquid
data,,445.3,480.6,35.3,480.6,Time=45.5s | BaseRaw=445.3 | CurrentRaw=480.6 | Change=35.3 => Liquid
data,,445.3,479.8,34.5,479.8,Time=45.6s | BaseRaw=445.3 | CurrentRaw=479.8 | Change=34.5 => Liquid
data,,445.3,479.2,33.9,479.2,Time=45.7s | BaseRaw=445.3 | CurrentRaw=479.2 | Change=33.9 => Liquid
data,,445.3,478.8,33.5,478.8,Time=45.8s | BaseRaw=445.3 | CurrentRaw=478.8 | Change=33.5 => Liquid
data,,445.3,478.4,33.1,478.4,Time=45.9s | BaseRaw=445.3 | CurrentRaw=478.4 | Change=33.1 => Liquid
data,,445.3,477.8,32.5,477.8,Time=46.0s | BaseRaw=445.3 | CurrentRaw=477.8 | Change=32.5 => Liquid
data,,445.3,477.6,32.3,477.6,Time=46.1s | BaseRaw=445.3 | CurrentRaw=477.6 | Change=32.3 => Liquid
data,,445.3,477.4,32.1,477.4,Time=46.2s | BaseRaw=445.3 | CurrentRaw=477.4 | Change=32.1 => Liquid
data,,445.3,477.4,32.1,477.4,Time=46.3s | BaseRaw=445.3 | CurrentRaw=477.4 | Change=32.1 => Liquid
data,,445.3,477.2,31.9,477.2,Time=46.4s | BaseRaw=445.3 | CurrentRaw=477.2 | Change=31.9 => Liquid
data,,445.3,477.2,31.9,477.2,Time=46.5s | BaseRaw=445.3 | CurrentRaw=477.2 | Change=31.9 => Liquid
data,,445.3,477.2,31.9,477.2,Time=46.6s | BaseRaw=445.3 | CurrentRaw=477.2 | Change=31.9 => Liquid
data,,445.3,476.8,31.5,476.8,Time=46.7s | BaseRaw=445.3 | CurrentRaw=476.8 | Change=31.5 => Liquid
data,,445.3,476.4,31.1,476.4,Time=46.8s | BaseRaw=445.3 | CurrentRaw=476.4 | Change=31.1 => Liquid
data,,445.3,476.0,30.7,476.0,Time=46.9s | BaseRaw=445.3 | CurrentRaw=476.0 | Change=30.7 => Liquid
data,,445.3,475.8,30.5,475.8,Time=47.0s | BaseRaw=445.3 | CurrentRaw=475.8 | Change=30.5 => Liquid
data,,445.3,475.4,30.1,475.4,Time=47.1s | BaseRaw=445.3 | CurrentRaw=475.4 | Change=30.1 => Liquid
data,,445.3,476.0,30.7,476.0,Time=47.2s | BaseRaw=445.3 | CurrentRaw=476.0 | Change=30.7 => Liquid
data,,445.3,476.0,30.7,476.0,Time=47.3s | BaseRaw=445.3 | CurrentRaw=476.0 | Change=30.7 => Liquid
data,,445.3,476.6,31.3,476.6,Time=47.4s | BaseRaw=445.3 | CurrentRaw=476.6 | Change=31.3 => Liquid
data,,445.3,476.4,31.1,476.4,Time=47.5s | BaseRaw=445.3 | CurrentRaw=476.4 | Change=31.1 => Liquid
data,,445.3,476.6,31.3,476.6,Time=47.6s | BaseRaw=445.3 | CurrentRaw=476.6 | Change=31.3 => Liquid
data,,445.3,475.6,30.3,475.6,Time=47.7s | BaseRaw=445.3 | CurrentRaw=475.6 | Change=30.3 => Liquid
data,,445.3,475.6,30.3,475.6,Time=47.8s | BaseRaw=445.3 | CurrentRaw=475.6 | Change=30.3 => Liquid
data,,445.3,474.8,29.5,474.8,Time=47.9s | BaseRaw=445.3 | CurrentRaw=474.8 | Change=29.5 => Liquid
data,,445.3,474.8,29.5,474.8,Time=48.0s | BaseRaw=445.3 | CurrentRaw=474.8 | Change=29.5 => Liquid
data,,445.3,474.8,29.5,474.8,Time=48.1s | BaseRaw=445.3 | CurrentRaw=474.8 | Change=29.5 => Liquid
data,,445.3,475.2,29.9,475.2,Time=48.2s | BaseRaw=445.3 | CurrentRaw=475.2 | Change=29.9 => Liquid
data,,445.3,475.4,30.1,475.4,Time=48.3s | BaseRaw=445.3 | CurrentRaw=475.4 | Change=30.1 => Liquid
data,,445.3,476.0,30.7,476.0,Time=48.4s | BaseRaw=445.3 | CurrentRaw=476.0 | Change=30.7 => Liquid
data,,445.3,476.6,31.3,476.6,Time=48.5s | BaseRaw=445.3 | CurrentRaw=476.6 | Change=31.3 => Liquid
data,,445.3,477.4,32.1,477.4,Time=48.6s | BaseRaw=445.3 | CurrentRaw=477.4 | Change=32.1 => Liquid
data,,445.3,478.0,32.7,478.0,Time=48.7s | BaseRaw=445.3 | CurrentRaw=478.0 | Change=32.7 => Liquid
data,,445.3,478.6,33.3,478.6,Time=48.8s | BaseRaw=445.3 | CurrentRaw=478.6 | Change=33.3 => Liquid
data,,445.3,478.8,33.5,478.8,Time=48.9s | BaseRaw=445.3 | CurrentRaw=478.8 | Change=33.5 => Liquid
data,,445.3,479.0,33.7,479.0,Time=49.0s | BaseRaw=445.3 | CurrentRaw=479.0 | Change=33.7 => Liquid
data,,445.3,479.0,33.7,479.0,Time=49.1s | BaseRaw=445.3 | CurrentRaw=479.0 | Change=33.7 => Liquid
data,,445.3,478.8,33.5,478.8,Time=49.2s | BaseRaw=445.3 | CurrentRaw=478.8 | Change=33.5 => Liquid
data,,445.3,478.6,33.3,478.6,Time=49.3s | BaseRaw=445.3 | CurrentRaw=478.6 | Change=33.3 => Liquid
data,,445.3,478.4,33.1,478.4,Time=49.4s | BaseRaw=445.3 | CurrentRaw=478.4 | Change=33.1 => Liquid
data,,445.3,478.0,32.7,478.0,Time=49.5s | BaseRaw=445.3 | CurrentRaw=478.0 | Change=32.7 => Liquid
data,,445.3,478.8,33.5,478.8,Time=49.6s | BaseRaw=445.3 | CurrentRaw=478.8 | Change=33.5 => Liquid
data,,445.3,480.0,34.7,480.0,Time=49.7s | BaseRaw=445.3 | CurrentRaw=480.0 | Change=34.7 => Liquid
data,,445.3,481.8,36.5,481.8,Time=49.8s | BaseRaw=445.3 | CurrentRaw=481.8 | Change=36.5 => Liquid
data,,445.3,484.2,38.9,484.2,Time=49.9s | BaseRaw=445.3 | CurrentRaw=484.2 | Change=38.9 => Liquid
data,,445.3,487.2,41.9,487.2,Time=50.0s | BaseRaw=445.3 | CurrentRaw=487.2 | Change=41.9 => Liquid
data,,445.3,490.0,44.7,490.0,Time=50.1s | BaseRaw=445.3 | CurrentRaw=490.0 | Change=44.7 => Liquid
data,,445.3,492.2,46.9,492.2,Time=50.2s | BaseRaw=445.3 | CurrentRaw=492.2 | Change=46.9 => Liquid
data,,445.3,491.4,46.1,491.4,Time=50.3s | BaseRaw=445.3 | CurrentRaw=491.4 | Change=46.1 => Liquid
data,,445.3,488.8,43.5,488.8,Time=50.4s | BaseRaw=445.3 | CurrentRaw=488.8 | Change=43.5 => Liquid
data,,445.3,484.2,38.9,484.2,Time=50.5s | BaseRaw=445.3 | CurrentRaw=484.2 | Change=38.9 => Liquid
data,,445.3,477.4,32.1,477.4,Time=50.6s | BaseRaw=445.3 | CurrentRaw=477.4 | Change=32.1 => Liquid
data,,445.3,471.0,25.7,471.0,Time=50.7s | BaseRaw=445.3 | CurrentRaw=471.0 | Change=25.7 => Liquid
data,,445.3,466.8,21.5,466.8,Time=50.8s | BaseRaw=445.3 | CurrentRaw=466.8 | Change=21.5 => Liquid
data,,445.3,464.2,18.9,464.2,Time=50.9s | BaseRaw=445.3 | CurrentRaw=464.2 | Change=18.9 => Liquid
data,,445.3,462.8,17.5,462.8,Time=51.0s | BaseRaw=445.3 | CurrentRaw=462.8 | Change=17.5 => Liquid
data,,445.3,463.2,17.9,463.2,Time=51.1s | BaseRaw=445.3 | CurrentRaw=463.2 | Change=17.9 => Liquid
data,,445.3,463.0,17.7,463.0,Time=51.2s | BaseRaw=445.3 | CurrentRaw=463.0 | Change=17.7 => Liquid
data,,445.3,463.0,17.7,463.0,Time=51.3s | BaseRaw=445.3 | CurrentRaw=463.0 | Change=17.7 => Liquid
data,,445.3,462.8,17.5,462.8,Time=51.4s | BaseRaw=445.3 | CurrentRaw=462.8 | Change=17.5 => Liquid
data,,445.3,462.0,16.7,462.0,Time=51.5s | BaseRaw=445.3 | CurrentRaw=462.0 | Change=16.7 => Liquid
data,,445.3,461.0,15.7,461.0,Time=51.6s | BaseRaw=445.3 | CurrentRaw=461.0 | Change=15.7 => Liquid
data,,445.3,460.2,14.9,460.2,Time=51.7s | BaseRaw=445.3 | CurrentRaw=460.2 | Change=14.9 => Liquid
data,,445.3,459.6,14.3,459.6,Time=51.8s | BaseRaw=445.3 | CurrentRaw=459.6 | Change=14.3 => Liquid
data,,445.3,459.2,13.9,459.2,Time=51.9s | BaseRaw=445.3 | CurrentRaw=459.2 | Change=13.9 => Liquid
data,,445.3,459.0,13.7,459.0,Time=52.0s | BaseRaw=445.3 | CurrentRaw=459.0 | Change=13.7 => Liquid
data,,445.3,459.2,13.9,459.2,Time=52.1s | BaseRaw=445.3 | CurrentRaw=459.2 | Change=13.9 => Liquid
data,,445.3,459.2,13.9,459.2,Time=52.2s | BaseRaw=445.3 | CurrentRaw=459.2 | Change=13.9 => Liquid
data,,445.3,459.2,13.9,459.2,Time=52.3s | BaseRaw=445.3 | CurrentRaw=459.2 | Change=13.9 => Liquid
data,,445.3,459.2,13.9,459.2,Time=52.4s | BaseRaw=445.3 | CurrentRaw=459.2 | Change=13.9 => Liquid
data,,445.3,459.0,13.7,459.0,Time=52.5s | BaseRaw=445.3 | CurrentRaw=459.0 | Change=13.7 => Liquid
data,,445.3,459.0,13.7,459.0,Time=52.6s | BaseRaw=445.3 | CurrentRaw=459.0 | Change=13.7 => Liquid
data,,445.3,458.8,13.5,458.8,Time=52.7s | BaseRaw=445.3 | CurrentRaw=458.8 | Change=13.5 => Liquid
data,,445.3,458.8,13.5,458.8,Time=52.8s | BaseRaw=445.3 | CurrentRaw=458.8 | Change=13.5 => Liquid
data,,445.3,458.8,13.5,458.8,Time=52.9s | BaseRaw=445.3 | CurrentRaw=458.8 | Change=13.5 => Liquid
data,,445.3,458.6,13.3,458.6,Time=53.0s | BaseRaw=445.3 | CurrentRaw=458.6 | Change=13.3 => Liquid
data,,445.3,458.4,13.1,458.4,Time=53.1s | BaseRaw=445.3 | CurrentRaw=458.4 | Change=13.1 => Liquid
data,,445.3,458.2,12.9,458.2,Time=53.2s | BaseRaw=445.3 | CurrentRaw=458.2 | Change=12.9 => Liquid
data,,445.3,458.0,12.7,458.0,Time=53.3s | BaseRaw=445.3 | CurrentRaw=458.0 | Change=12.7 => Liquid
data,,445.3,457.8,12.5,457.8,Time=53.4s | BaseRaw=445.3 | CurrentRaw=457.8 | Change=12.5 => Liquid
data,,445.3,458.0,12.7,458.0,Time=53.5s | BaseRaw=445.3 | CurrentRaw=458.0 | Change=12.7 => Liquid
data,,445.3,458.0,12.7,458.0,Time=53.6s | BaseRaw=445.3 | CurrentRaw=458.0 | Change=12.7 => Liquid
data,,445.3,458.2,12.9,458.2,Time=53.7s | BaseRaw=445.3 | CurrentRaw=458.2 | Change=12.9 => Liquid
data,,445.3,458.2,12.9,458.2,Time=53.8s | BaseRaw=445.3 | CurrentRaw=458.2 | Change=12.9 => Liquid
data,,445.3,458.2,12.9,458.2,Time=53.9s | BaseRaw=445.3 | CurrentRaw=458.2 | Change=12.9 => Liquid
data,,445.3,458.0,12.7,458.0,Time=54.0s | BaseRaw=445.3 | CurrentRaw=458.0 | Change=12.7 => Liquid
data,,445.3,458.0,12.7,458.0,Time=54.1s | BaseRaw=445.3 | CurrentRaw=458.0 | Change=12.7 => Liquid
data,,445.3,458.0,12.7,458.0,Time=54.2s | BaseRaw=445.3 | CurrentRaw=458.0 | Change=12.7 => Liquid
data,,445.3,458.0,12.7,458.0,Time=54.3s | BaseRaw=445.3 | CurrentRaw=458.0 | Change=12.7 => Liquid
data,,445.3,458.2,12.9,458.2,Time=54.4s | BaseRaw=445.3 | CurrentRaw=458.2 | Change=12.9 => Liquid
data,,445.3,458.0,12.7,458.0,Time=54.5s | BaseRaw=445.3 | CurrentRaw=458.0 | Change=12.7 => Liquid
data,,445.3,457.6,12.3,457.6,Time=54.6s | BaseRaw=445.3 | CurrentRaw=457.6 | Change=12.3 => Liquid
data,,445.3,457.4,12.1,457.4,Time=54.7s | BaseRaw=445.3 | CurrentRaw=457.4 | Change=12.1 => Liquid
data,,445.3,456.8,11.5,456.8,Time=54.8s | BaseRaw=445.3 | CurrentRaw=456.8 | Change=11.5 => Liquid
data,,445.3,456.2,10.9,456.2,Time=54.9s | BaseRaw=445.3 | CurrentRaw=456.2 | Change=10.9 => Liquid
data,,445.3,456.0,10.7,456.0,Time=55.0s | BaseRaw=445.3 | CurrentRaw=456.0 | Change=10.7 => Liquid
data,,445.3,457.0,11.7,457.0,Time=55.1s | BaseRaw=445.3 | CurrentRaw=457.0 | Change=11.7 => Liquid
data,,445.3,457.0,11.7,457.0,Time=55.2s | BaseRaw=445.3 | CurrentRaw=457.0 | Change=11.7 => Liquid
data,,445.3,457.0,11.7,457.0,Time=55.3s | BaseRaw=445.3 | CurrentRaw=457.0 | Change=11.7 => Liquid
data,,445.3,456.8,11.5,456.8,Time=55.4s | BaseRaw=445.3 | CurrentRaw=456.8 | Change=11.5 => Liquid
data,,445.3,456.4,11.1,456.4,Time=55.5s | BaseRaw=445.3 | CurrentRaw=456.4 | Change=11.1 => Liquid
data,,445.3,455.8,10.5,455.8,Time=55.6s | BaseRaw=445.3 | CurrentRaw=455.8 | Change=10.5 => Liquid
data,,445.3,456.6,11.3,456.6,Time=55.7s | BaseRaw=445.3 | CurrentRaw=456.6 | Change=11.3 => Liquid
data,,445.3,456.4,11.1,456.4,Time=55.8s | BaseRaw=445.3 | CurrentRaw=456.4 | Change=11.1 => Liquid
data,,445.3,456.4,11.1,456.4,Time=55.9s | BaseRaw=445.3 | CurrentRaw=456.4 | Change=11.1 => Liquid
data,,445.3,454.6,9.3,454.6,Time=56.0s | BaseRaw=445.3 | CurrentRaw=454.6 | Change=9.3 => Floor
data,,445.3,450.0,4.7,450.0,Time=56.1s | BaseRaw=445.3 | CurrentRaw=450.0 | Change=4.7 => Floor
data,,445.3,445.6,0.3,445.6,Time=56.2s | BaseRaw=445.3 | CurrentRaw=445.6 | Change=0.3 => Floor
data,,445.3,442.6,2.7,442.6,Time=56.3s | BaseRaw=445.3 | CurrentRaw=442.6 | Change=2.7 => Floor
data,,445.3,441.6,3.7,441.6,Time=56.4s | BaseRaw=445.3 | CurrentRaw=441.6 | Change=3.7 => Floor
data,,445.3,443.4,1.9,443.4,Time=56.5s | BaseRaw=445.3 | CurrentRaw=443.4 | Change=1.9 => Floor
data,,445.3,446.4,1.1,446.4,Time=56.6s | BaseRaw=445.3 | CurrentRaw=446.4 | Change=1.1 => Floor
data,,445.3,449.0,3.7,449.0,Time=56.7s | BaseRaw=445.3 | CurrentRaw=449.0 | Change=3.7 => Floor
data,,445.3,451.4,6.1,451.4,Time=56.8s | BaseRaw=445.3 | CurrentRaw=451.4 | Change=6.1 => Floor
data,,445.3,452.4,7.1,452.4,Time=56.9s | BaseRaw=445.3 | CurrentRaw=452.4 | Change=7.1 => Floor
data,,445.3,452.0,6.7,452.0,Time=57.0s | BaseRaw=445.3 | CurrentRaw=452.0 | Change=6.7 => Floor
data,,445.3,451.4,6.1,451.4,Time=57.1s | BaseRaw=445.3 | CurrentRaw=451.4 | Change=6.1 => Floor
data,,445.3,451.8,6.5,451.8,Time=57.2s | BaseRaw=445.3 | CurrentRaw=451.8 | Change=6.5 => Floor
data,,445.3,451.8,6.5,451.8,Time=57.3s | BaseRaw=445.3 | CurrentRaw=451.8 | Change=6.5 => Floor
data,,445.3,451.0,5.7,451.0,Time=57.4s | BaseRaw=445.3 | CurrentRaw=451.0 | Change=5.7 => Floor
data,,445.3,451.2,5.9,451.2,Time=57.5s | BaseRaw=445.3 | CurrentRaw=451.2 | Change=5.9 => Floor
data,,445.3,452.6,7.3,452.6,Time=57.6s | BaseRaw=445.3 | CurrentRaw=452.6 | Change=7.3 => Floor
data,,445.3,453.0,7.7,453.0,Time=57.7s | BaseRaw=445.3 | CurrentRaw=453.0 | Change=7.7 => Floor
data,,445.3,452.6,7.3,452.6,Time=57.8s | BaseRaw=445.3 | CurrentRaw=452.6 | Change=7.3 => Floor
data,,445.3,453.4,8.1,453.4,Time=57.9s | BaseRaw=445.3 | CurrentRaw=453.4 | Change=8.1 => Floor
data,,445.3,454.0,8.7,454.0,Time=58.0s | BaseRaw=445.3 | CurrentRaw=454.0 | Change=8.7 => Floor
data,,445.3,453.2,7.9,453.2,Time=58.1s | BaseRaw=445.3 | CurrentRaw=453.2 | Change=7.9 => Floor
data,,445.3,452.8,7.5,452.8,Time=58.2s | BaseRaw=445.3 | CurrentRaw=452.8 | Change=7.5 => Floor
data,,445.3,453.4,8.1,453.4,Time=58.3s | BaseRaw=445.3 | CurrentRaw=453.4 | Change=8.1 => Floor
data,,445.3,453.6,8.3,453.6,Time=58.4s | BaseRaw=445.3 | CurrentRaw=453.6 | Change=8.3 => Floor
data,,445.3,452.8,7.5,452.8,Time=58.5s | BaseRaw=445.3 | CurrentRaw=452.8 | Change=7.5 => Floor
data,,445.3,452.6,7.3,452.6,Time=58.6s | BaseRaw=445.3 | CurrentRaw=452.6 | Change=7.3 => Floor
data,,445.3,453.0,7.7,453.0,Time=58.7s | BaseRaw=445.3 | CurrentRaw=453.0 | Change=7.7 => Floor
data,,445.3,452.4,7.1,452.4,Time=58.8s | BaseRaw=445.3 | CurrentRaw=452.4 | Change=7.1 => Floor
data,,445.3,450.8,5.5,450.8,Time=58.9s | BaseRaw=445.3 | CurrentRaw=450.8 | Change=5.5 => Floor
data,,445.3,450.2,4.9,450.2,Time=59.0s | BaseRaw=445.3 | CurrentRaw=450.2 | Change=4.9 => Floor
data,,445.3,450.2,4.9,450.2,Time=59.1s | BaseRaw=445.3 | CurrentRaw=450.2 | Change=4.9 => Floor
data,,445.3,448.6,3.3,448.6,Time=59.2s | BaseRaw=445.3 | CurrentRaw=448.6 | Change=3.3 => Floor
data,,445.3,447.6,2.3,447.6,Time=59.3s | BaseRaw=445.3 | CurrentRaw=447.6 | Change=2.3 => Floor
data,,445.3,447.8,2.5,447.8,Time=59.4s | BaseRaw=445.3 | CurrentRaw=447.8 | Change=2.5 => Floor
data,,445.3,448.0,2.7,448.0,Time=59.5s | BaseRaw=445.3 | CurrentRaw=448.0 | Change=2.7 => Floor
data,,445.3,447.0,1.7,447.0,Time=59.6s | BaseRaw=445.3 | CurrentRaw=447.0 | Change=1.7 => Floor
data,,445.3,446.8,1.5,446.8,Time=59.7s | BaseRaw=445.3 | CurrentRaw=446.8 | Change=1.5 => Floor
data,,445.3,447.2,1.9,447.2,Time=59.8s | BaseRaw=445.3 | CurrentRaw=447.2 | Change=1.9 => Floor
data,,445.3,447.0,1.7,447.0,Time=59.9s | BaseRaw=445.3 | CurrentRaw=447.0 | Change=1.7 => Floor
data,,445.3,446.2,0.9,446.2,Time=60.0s | BaseRaw=445.3 | CurrentRaw=446.2 | Change=0.9 => Floor
data,,445.3,446.4,1.1,446.4,Time=60.1s | BaseRaw=445.3 | CurrentRaw=446.4 | Change=1.1 => Floor
data,,445.3,447.6,2.3,447.6,Time=60.2s | BaseRaw=445.3 | CurrentRaw=447.6 | Change=2.3 => Floor
data,,445.3,447.6,2.3,447.6,Time=60.3s | BaseRaw=445.3 | CurrentRaw=447.6 | Change=2.3 => Floor
data,,445.3,447.6,2.3,447.6,Time=60.4s | BaseRaw=445.3 | CurrentRaw=447.6 | Change=2.3 => Floor
data,,445.3,448.4,3.1,448.4,Time=60.5s | BaseRaw=445.3 | CurrentRaw=448.4 | Change=3.1 => Floor
data,,445.3,449.0,3.7,449.0,Time=60.6s | BaseRaw=445.3 | CurrentRaw=449.0 | Change=3.7 => Floor
data,,445.3,448.4,3.1,448.4,Time=60.7s | BaseRaw=445.3 | CurrentRaw=448.4 | Change=3.1 => Floor
data,,445.3,448.2,2.9,448.2,Time=60.8s | BaseRaw=445.3 | CurrentRaw=448.2 | Change=2.9 => Floor
data,,445.3,448.8,3.5,448.8,Time=60.9s | BaseRaw=445.3 | CurrentRaw=448.8 | Change=3.5 => Floor
data,,445.3,448.4,3.1,448.4,Time=61.0s | BaseRaw=445.3 | CurrentRaw=448.4 | Change=3.1 => Floor
data,,445.3,447.2,1.9,447.2,Time=61.1s | BaseRaw=445.3 | CurrentRaw=447.2 | Change=1.9 => Floor
data,,445.3,447.0,1.7,447.0,Time=61.2s | BaseRaw=445.3 | CurrentRaw=447.0 | Change=1.7 => Floor
data,,445.3,447.4,2.1,447.4,Time=61.3s | BaseRaw=445.3 | CurrentRaw=447.4 | Change=2.1 => Floor
data,,445.3,446.8,1.5,446.8,Time=61.4s | BaseRaw=445.3 | CurrentRaw=446.8 | Change=1.5 => Floor
data,,445.3,446.4,1.1,446.4,Time=61.5s | BaseRaw=445.3 | CurrentRaw=446.4 | Change=1.1 => Floor
data,,445.3,447.4,2.1,447.4,Time=61.6s | BaseRaw=445.3 | CurrentRaw=447.4 | Change=2.1 => Floor
data,,445.3,447.6,2.3,447.6,Time=61.7s | BaseRaw=445.3 | CurrentRaw=447.6 | Change=2.3 => Floor
data,,445.3,446.6,1.3,446.6,Time=61.8s | BaseRaw=445.3 | CurrentRaw=446.6 | Change=1.3 => Floor
data,,445.3,445.8,0.5,445.8,Time=61.9s | BaseRaw=445.3 | CurrentRaw=445.8 | Change=0.5 => Floor
data,,445.3,445.8,0.5,445.8,Time=62.0s | BaseRaw=445.3 | CurrentRaw=445.8 | Change=0.5 => Floor
data,,445.3,444.8,0.5,444.8,Time=62.1s | BaseRaw=445.3 | CurrentRaw=444.8 | Change=0.5 => Floor
data,,445.3,443.0,2.3,443.0,Time=62.2s | BaseRaw=445.3 | CurrentRaw=443.0 | Change=2.3 => Floor
data,,445.3,442.6,2.7,442.6,Time=62.3s | BaseRaw=445.3 | CurrentRaw=442.6 | Change=2.7 => Floor
data,,445.3,443.2,2.1,443.2,Time=62.4s | BaseRaw=445.3 | CurrentRaw=443.2 | Change=2.1 => Floor
data,,445.3,443.2,2.1,443.2,Time=62.5s | BaseRaw=445.3 | CurrentRaw=443.2 | Change=2.1 => Floor
data,,445.3,442.8,2.5,442.8,Time=62.6s | BaseRaw=445.3 | CurrentRaw=442.8 | Change=2.5 => Floor
data,,445.3,444.4,0.9,444.4,Time=62.7s | BaseRaw=445.3 | CurrentRaw=444.4 | Change=0.9 => Floor
data,,445.3,445.8,0.5,445.8,Time=62.8s | BaseRaw=445.3 | CurrentRaw=445.8 | Change=0.5 => Floor
data,,445.3,445.8,0.5,445.8,Time=62.9s | BaseRaw=445.3 | CurrentRaw=445.8 | Change=0.5 => Floor
data,,445.3,445.6,0.3,445.6,Time=63.0s | BaseRaw=445.3 | CurrentRaw=445.6 | Change=0.3 => Floor
data,,445.3,446.6,1.3,446.6,Time=63.1s | BaseRaw=445.3 | CurrentRaw=446.6 | Change=1.3 => Floor
data,,445.3,446.4,1.1,446.4,Time=63.2s | BaseRaw=445.3 | CurrentRaw=446.4 | Change=1.1 => Floor
data,,445.3,445.2,0.1,445.2,Time=63.3s | BaseRaw=445.3 | CurrentRaw=445.2 | Change=0.1 => Floor
data,,445.3,445.2,0.1,445.2,Time=63.4s | BaseRaw=445.3 | CurrentRaw=445.2 | Change=0.1 => Floor
data,,445.3,446.0,0.7,446.0,Time=63.5s | BaseRaw=445.3 | CurrentRaw=446.0 | Change=0.7 => Floor
data,,445.3,446.2,0.9,446.2,Time=63.6s | BaseRaw=445.3 | CurrentRaw=446.2 | Change=0.9 => Floor
data,,445.3,445.8,0.5,445.8,Time=63.7s | BaseRaw=445.3 | CurrentRaw=445.8 | Change=0.5 => Floor
data,,445.3,446.8,1.5,446.8,Time=63.8s | BaseRaw=445.3 | CurrentRaw=446.8 | Change=1.5 => Floor
data,,445.3,447.6,2.3,447.6,Time=63.9s | BaseRaw=445.3 | CurrentRaw=447.6 | Change=2.3 => Floor
data,,445.3,447.6,2.3,447.6,Time=64.0s | BaseRaw=445.3 | CurrentRaw=447.6 | Change=2.3 => Floor
data,,445.3,447.4,2.1,447.4,Time=64.1s | BaseRaw=445.3 | CurrentRaw=447.4 | Change=2.1 => Floor
data,,445.3,448.6,3.3,448.6,Time=64.2s | BaseRaw=445.3 | CurrentRaw=448.6 | Change=3.3 => Floor
data,,445.3,449.0,3.7,449.0,Time=64.3s | BaseRaw=445.3 | CurrentRaw=449.0 | Change=3.7 => Floor
data,,445.3,448.4,3.1,448.4,Time=64.4s | BaseRaw=445.3 | CurrentRaw=448.4 | Change=3.1 => Floor
data,,445.3,448.4,3.1,448.4,Time=64.5s | BaseRaw=445.3 | CurrentRaw=448.4 | Change=3.1 => Floor
data,,445.3,449.4,4.1,449.4,Time=64.6s | BaseRaw=445.3 | CurrentRaw=449.4 | Change=4.1 => Floor
data,,445.3,449.2,3.9,449.2,Time=64.7s | BaseRaw=445.3 | CurrentRaw=449.2 | Change=3.9 => Floor
data,,445.3,448.6,3.3,448.6,Time=64.8s | BaseRaw=445.3 | CurrentRaw=448.6 | Change=3.3 => Floor
data,,445.3,449.0,3.7,449.0,Time=64.9s | BaseRaw=445.3 | CurrentRaw=449.0 | Change=3.7 => Floor
data,,445.3,449.6,4.3,449.6,Time=65.0s | BaseRaw=445.3 | CurrentRaw=449.6 | Change=4.3 => Floor
data,,445.3,448.8,3.5,448.8,Time=65.1s | BaseRaw=445.3 | CurrentRaw=448.8 | Change=3.5 => Floor
data,,445.3,448.4,3.1,448.4,Time=65.2s | BaseRaw=445.3 | CurrentRaw=448.4 | Change=3.1 => Floor
data,,445.3,449.0,3.7,449.0,Time=65.3s | BaseRaw=445.3 | CurrentRaw=449.0 | Change=3.7 => Floor
data,,445.3,449.4,4.1,449.4,Time=65.4s | BaseRaw=445.3 | CurrentRaw=449.4 | Change=4.1 => Floor
data,,445.3,448.4,3.1,448.4,Time=65.5s | BaseRaw=445.3 | CurrentRaw=448.4 | Change=3.1 => Floor
data,,445.3,448.6,3.3,448.6,Time=65.6s | BaseRaw=445.3 | CurrentRaw=448.6 | Change=3.3 => Floor
data,,445.3,449.6,4.3,449.6,Time=65.7s | BaseRaw=445.3 | CurrentRaw=449.6 | Change=4.3 => Floor
data,,445.3,449.4,4.1,449.4,Time=65.8s | BaseRaw=445.3 | CurrentRaw=449.4 | Change=4.1 => Floor
data,,445.3,448.6,3.3,448.6,Time=65.9s | BaseRaw=445.3 | CurrentRaw=448.6 | Change=3.3 => Floor
data,,445.3,449.2,3.9,449.2,Time=66.0s | BaseRaw=445.3 | CurrentRaw=449.2 | Change=3.9 => Floor
data,,445.3,449.6,4.3,449.6,Time=66.1s | BaseRaw=445.3 | CurrentRaw=449.6 | Change=4.3 => Floor
data,,445.3,448.6,3.3,448.6,Time=66.2s | BaseRaw=445.3 | CurrentRaw=448.6 | Change=3.3 => Floor
data,,445.3,448.0,2.7,448.0,Time=66.3s | BaseRaw=445.3 | CurrentRaw=448.0 | Change=2.7 => Floor
data,,445.3,448.4,3.1,448.4,Time=66.4s | BaseRaw=445.3 | CurrentRaw=448.4 | Change=3.1 => Floor
data,,445.3,448.6,3.3,448.6,Time=66.5s | BaseRaw=445.3 | CurrentRaw=448.6 | Change=3.3 => Floor
data,,445.3,447.4,2.1,447.4,Time=66.6s | BaseRaw=445.3 | CurrentRaw=447.4 | Change=2.1 => Floor
data,,445.3,447.4,2.1,447.4,Time=66.7s | BaseRaw=445.3 | CurrentRaw=447.4 | Change=2.1 => Floor
data,,445.3,448.2,2.9,448.2,Time=66.8s | BaseRaw=445.3 | CurrentRaw=448.2 | Change=2.9 => Floor
data,,445.3,447.8,2.5,447.8,Time=66.9s | BaseRaw=445.3 | CurrentRaw=447.8 | Change=2.5 => Floor
data,,445.3,446.6,1.3,446.6,Time=67.0s | BaseRaw=445.3 | CurrentRaw=446.6 | Change=1.3 => Floor
data,,445.3,447.0,1.7,447.0,Time=67.1s | BaseRaw=445.3 | CurrentRaw=447.0 | Change=1.7 => Floor
data,,445.3,447.4,2.1,447.4,Time=67.2s | BaseRaw=445.3 | CurrentRaw=447.4 | Change=2.1 => Floor
data,,445.3,446.8,1.5,446.8,Time=67.3s | BaseRaw=445.3 | CurrentRaw=446.8 | Change=1.5 => Floor
data,,445.3,446.4,1.1,446.4,Time=67.4s | BaseRaw=445.3 | CurrentRaw=446.4 | Change=1.1 => Floor
data,,445.3,447.0,1.7,447.0,Time=67.5s | BaseRaw=445.3 | CurrentRaw=447.0 | Change=1.7 => Floor
data,,445.3,446.8,1.5,446.8,Time=67.6s | BaseRaw=445.3 | CurrentRaw=446.8 | Change=1.5 => Floor
data,,445.3,445.0,0.3,445.0,Time=67.7s | BaseRaw=445.3 | CurrentRaw=445.0 | Change=0.3 => Floor
data,,445.3,443.8,1.5,443.8,Time=67.8s | BaseRaw=445.3 | CurrentRaw=443.8 | Change=1.5 => Floor
data,,445.3,444.2,1.1,444.2,Time=67.9s | BaseRaw=445.3 | CurrentRaw=444.2 | Change=1.1 => Floor
data,,445.3,443.6,1.7,443.6,Time=68.0s | BaseRaw=445.3 | CurrentRaw=443.6 | Change=1.7 => Floor
data,,445.3,444.4,0.9,444.4,Time=68.1s | BaseRaw=445.3 | CurrentRaw=444.4 | Change=0.9 => Floor
data,,445.3,446.8,1.5,446.8,Time=68.2s | BaseRaw=445.3 | CurrentRaw=446.8 | Change=1.5 => Floor
data,,445.3,446.4,1.1,446.4,Time=68.3s | BaseRaw=445.3 | CurrentRaw=446.4 | Change=1.1 => Floor
data,,445.3,442.8,2.5,442.8,Time=68.4s | BaseRaw=445.3 | CurrentRaw=442.8 | Change=2.5 => Floor
data,,445.3,439.8,5.5,439.8,Time=68.5s | BaseRaw=445.3 | CurrentRaw=439.8 | Change=5.5 => Floor
data,,445.3,436.2,9.1,436.2,Time=68.6s | BaseRaw=445.3 | CurrentRaw=436.2 | Change=9.1 => Floor
data,,445.3,432.6,12.7,432.6,Time=68.7s | BaseRaw=445.3 | CurrentRaw=432.6 | Change=12.7 => Liquid
data,,445.3,431.0,14.3,431.0,Time=68.8s | BaseRaw=445.3 | CurrentRaw=431.0 | Change=14.3 => Liquid
data,,445.3,432.4,12.9,432.4,Time=68.9s | BaseRaw=445.3 | CurrentRaw=432.4 | Change=12.9 => Liquid
data,,445.3,433.2,12.1,433.2,Time=69.0s | BaseRaw=445.3 | CurrentRaw=433.2 | Change=12.1 => Liquid
data,,445.3,433.8,11.5,433.8,Time=69.1s | BaseRaw=445.3 | CurrentRaw=433.8 | Change=11.5 => Liquid
data,,445.3,434.6,10.7,434.6,Time=69.2s | BaseRaw=445.3 | CurrentRaw=434.6 | Change=10.7 => Liquid
data,,445.3,434.8,10.5,434.8,Time=69.3s | BaseRaw=445.3 | CurrentRaw=434.8 | Change=10.5 => Liquid
data,,445.3,435.0,10.3,435.0,Time=69.4s | BaseRaw=445.3 | CurrentRaw=435.0 | Change=10.3 => Liquid
data,,445.3,435.0,10.3,435.0,Time=69.5s | BaseRaw=445.3 | CurrentRaw=435.0 | Change=10.3 => Liquid
data,,445.3,434.8,10.5,434.8,Time=69.6s | BaseRaw=445.3 | CurrentRaw=434.8 | Change=10.5 => Liquid
data,,445.3,434.6,10.7,434.6,Time=69.7s | BaseRaw=445.3 | CurrentRaw=434.6 | Change=10.7 => Liquid
data,,445.3,435.6,9.7,435.6,Time=69.8s | BaseRaw=445.3 | CurrentRaw=435.6 | Change=9.7 => Floor
data,,445.3,436.8,8.5,436.8,Time=69.9s | BaseRaw=445.3 | CurrentRaw=436.8 | Change=8.5 => Floor
data,,445.3,439.4,5.9,439.4,Time=70.0s | BaseRaw=445.3 | CurrentRaw=439.4 | Change=5.9 => Floor
data,,445.3,441.4,3.9,441.4,Time=70.1s | BaseRaw=445.3 | CurrentRaw=441.4 | Change=3.9 => Floor
data,,445.3,442.4,2.9,442.4,Time=70.2s | BaseRaw=445.3 | CurrentRaw=442.4 | Change=2.9 => Floor
data,,445.3,444.0,1.3,444.0,Time=70.3s | BaseRaw=445.3 | CurrentRaw=444.0 | Change=1.3 => Floor
data,,445.3,444.8,0.5,444.8,Time=70.4s | BaseRaw=445.3 | CurrentRaw=444.8 | Change=0.5 => Floor
data,,445.3,444.2,1.1,444.2,Time=70.5s | BaseRaw=445.3 | CurrentRaw=444.2 | Change=1.1 => Floor
data,,445.3,444.0,1.3,444.0,Time=70.6s | BaseRaw=445.3 | CurrentRaw=444.0 | Change=1.3 => Floor
data,,445.3,444.8,0.5,444.8,Time=70.7s | BaseRaw=445.3 | CurrentRaw=444.8 | Change=0.5 => Floor
data,,445.3,444.6,0.7,444.6,Time=70.8s | BaseRaw=445.3 | CurrentRaw=444.6 | Change=0.7 => Floor
data,,445.3,443.6,1.7,443.6,Time=70.9s | BaseRaw=445.3 | CurrentRaw=443.6 | Change=1.7 => Floor
data,,445.3,444.0,1.3,444.0,Time=71.0s | BaseRaw=445.3 | CurrentRaw=444.0 | Change=1.3 => Floor
data,,445.3,445.4,0.1,445.4,Time=71.1s | BaseRaw=445.3 | CurrentRaw=445.4 | Change=0.1 => Floor
data,,445.3,445.8,0.5,445.8,Time=71.2s | BaseRaw=445.3 | CurrentRaw=445.8 | Change=0.5 => Floor
data,,445.3,446.4,1.1,446.4,Time=71.3s | BaseRaw=445.3 | CurrentRaw=446.4 | Change=1.1 => Floor
data,,445.3,448.0,2.7,448.0,Time=71.4s | BaseRaw=445.3 | CurrentRaw=448.0 | Change=2.7 => Floor
data,,445.3,449.2,3.9,449.2,Time=71.5s | BaseRaw=445.3 | CurrentRaw=449.2 | Change=3.9 => Floor
data,,445.3,449.0,3.7,449.0,Time=71.6s | BaseRaw=445.3 | CurrentRaw=449.0 | Change=3.7 => Floor
data,,445.3,448.8,3.5,448.8,Time=71.7s | BaseRaw=445.3 | CurrentRaw=448.8 | Change=3.5 => Floor
data,,445.3,449.6,4.3,449.6,Time=71.8s | BaseRaw=445.3 | CurrentRaw=449.6 | Change=4.3 => Floor
data,,445.3,449.2,3.9,449.2,Time=71.9s | BaseRaw=445.3 | CurrentRaw=449.2 | Change=3.9 => Floor
data,,445.3,448.0,2.7,448.0,Time=72.0s | BaseRaw=445.3 | CurrentRaw=448.0 | Change=2.7 => Floor
data,,445.3,447.6,2.3,447.6,Time=72.1s | BaseRaw=445.3 | CurrentRaw=447.6 | Change=2.3 => Floor
data,,445.3,448.0,2.7,448.0,Time=72.2s | BaseRaw=445.3 | CurrentRaw=448.0 | Change=2.7 => Floor
data,,445.3,447.0,1.7,447.0,Time=72.3s | BaseRaw=445.3 | CurrentRaw=447.0 | Change=1.7 => Floor
data,,445.3,446.2,0.9,446.2,Time=72.4s | BaseRaw=445.3 | CurrentRaw=446.2 | Change=0.9 => Floor
data,,445.3,446.6,1.3,446.6,Time=72.5s | BaseRaw=445.3 | CurrentRaw=446.6 | Change=1.3 => Floor
data,,445.3,447.0,1.7,447.0,Time=72.6s | BaseRaw=445.3 | CurrentRaw=447.0 | Change=1.7 => Floor
data,,445.3,446.2,0.9,446.2,Time=72.7s | BaseRaw=445.3 | CurrentRaw=446.2 | Change=0.9 => Floor
data,,445.3,445.8,0.5,445.8,Time=72.8s | BaseRaw=445.3 | CurrentRaw=445.8 | Change=0.5 => Floor
data,,445.3,446.6,1.3,446.6,Time=72.9s | BaseRaw=445.3 | CurrentRaw=446.6 | Change=1.3 => Floor
data,,445.3,446.4,1.1,446.4,Time=73.0s | BaseRaw=445.3 | CurrentRaw=446.4 | Change=1.1 => Floor
data,,445.3,445.2,0.1,445.2,Time=73.1s | BaseRaw=445.3 | CurrentRaw=445.2 | Change=0.1 => Floor
data,,445.3,445.0,0.3,445.0,Time=73.2s | BaseRaw=445.3 | CurrentRaw=445.0 | Change=0.3 => Floor
data,,445.3,445.6,0.3,445.6,Time=73.3s | BaseRaw=445.3 | CurrentRaw=445.6 | Change=0.3 => Floor
data,,445.3,445.0,0.3,445.0,Time=73.4s | BaseRaw=445.3 | CurrentRaw=445.0 | Change=0.3 => Floor
data,,445.3,444.4,0.9,444.4,Time=73.5s | BaseRaw=445.3 | CurrentRaw=444.4 | Change=0.9 => Floor
data,,445.3,445.2,0.1,445.2,Time=73.6s | BaseRaw=445.3 | CurrentRaw=445.2 | Change=0.1 => Floor
data,,445.3,446.2,0.9,446.2,Time=73.7s | BaseRaw=445.3 | CurrentRaw=446.2 | Change=0.9 => Floor
data,,445.3,446.0,0.7,446.0,Time=73.8s | BaseRaw=445.3 | CurrentRaw=446.0 | Change=0.7 => Floor
data,,445.3,446.0,0.7,446.0,Time=73.9s | BaseRaw=445.3 | CurrentRaw=446.0 | Change=0.7 => Floor
data,,445.3,447.6,2.3,447.6,Time=74.0s | BaseRaw=445.3 | CurrentRaw=447.6 | Change=2.3 => Floor
data,,445.3,448.0,2.7,448.0,Time=74.1s | BaseRaw=445.3 | CurrentRaw=448.0 | Change=2.7 => Floor
data,,445.3,447.2,1.9,447.2,Time=74.2s | BaseRaw=445.3 | CurrentRaw=447.2 | Change=1.9 => Floor
data,,445.3,447.4,2.1,447.4,Time=74.3s | BaseRaw=445.3 | CurrentRaw=447.4 | Change=2.1 => Floor
data,,445.3,448.6,3.3,448.6,Time=74.4s | BaseRaw=445.3 | CurrentRaw=448.6 | Change=3.3 => Floor
data,,445.3,448.2,2.9,448.2,Time=74.5s | BaseRaw=445.3 | CurrentRaw=448.2 | Change=2.9 => Floor
data,,445.3,447.6,2.3,447.6,Time=74.6s | BaseRaw=445.3 | CurrentRaw=447.6 | Change=2.3 => Floor
data,,445.3,448.6,3.3,448.6,Time=74.7s | BaseRaw=445.3 | CurrentRaw=448.6 | Change=3.3 => Floor
data,,445.3,449.4,4.1,449.4,Time=74.8s | BaseRaw=445.3 | CurrentRaw=449.4 | Change=4.1 => Floor
data,,445.3,449.0,3.7,449.0,Time=74.9s | BaseRaw=445.3 | CurrentRaw=449.0 | Change=3.7 => Floor
data,,445.3,448.2,2.9,448.2,Time=75.0s | BaseRaw=445.3 | CurrentRaw=448.2 | Change=2.9 => Floor
data,,445.3,448.8,3.5,448.8,Time=75.1s | BaseRaw=445.3 | CurrentRaw=448.8 | Change=3.5 => Floor
data,,445.3,449.2,3.9,449.2,Time=75.2s | BaseRaw=445.3 | CurrentRaw=449.2 | Change=3.9 => Floor
data,,445.3,448.8,3.5,448.8,Time=75.3s | BaseRaw=445.3 | CurrentRaw=448.8 | Change=3.5 => Floor
data,,445.3,449.4,4.1,449.4,Time=75.4s | BaseRaw=445.3 | CurrentRaw=449.4 | Change=4.1 => Floor
data,,445.3,451.6,6.3,451.6,Time=75.5s | BaseRaw=445.3 | CurrentRaw=451.6 | Change=6.3 => Floor
data,,445.3,452.2,6.9,452.2,Time=75.6s | BaseRaw=445.3 | CurrentRaw=452.2 | Change=6.9 => Floor
data,,445.3,451.0,5.7,451.0,Time=75.7s | BaseRaw=445.3 | CurrentRaw=451.0 | Change=5.7 => Floor
data,,445.3,450.8,5.5,450.8,Time=75.8s | BaseRaw=445.3 | CurrentRaw=450.8 | Change=5.5 => Floor
data,,445.3,450.0,4.7,450.0,Time=75.9s | BaseRaw=445.3 | CurrentRaw=450.0 | Change=4.7 => Floor
data,,445.3,447.6,2.3,447.6,Time=76.0s | BaseRaw=445.3 | CurrentRaw=447.6 | Change=2.3 => Floor
data,,445.3,446.0,0.7,446.0,Time=76.1s | BaseRaw=445.3 | CurrentRaw=446.0 | Change=0.7 => Floor
data,,445.3,446.4,1.1,446.4,Time=76.2s | BaseRaw=445.3 | CurrentRaw=446.4 | Change=1.1 => Floor
data,,445.3,446.8,1.5,446.8,Time=76.3s | BaseRaw=445.3 | CurrentRaw=446.8 | Change=1.5 => Floor
data,,445.3,446.8,1.5,446.8,Time=76.4s | BaseRaw=445.3 | CurrentRaw=446.8 | Change=1.5 => Floor
data,,445.3,447.6,2.3,447.6,Time=76.5s | BaseRaw=445.3 | CurrentRaw=447.6 | Change=2.3 => Floor
data,,445.3,449.2,3.9,449.2,Time=76.6s | BaseRaw=445.3 | CurrentRaw=449.2 | Change=3.9 => Floor
data,,445.3,449.8,4.5,449.8,Time=76.7s | BaseRaw=445.3 | CurrentRaw=449.8 | Change=4.5 => Floor
data,,445.3,449.4,4.1,449.4,Time=76.8s | BaseRaw=445.3 | CurrentRaw=449.4 | Change=4.1 => Floor
data,,445.3,450.0,4.7,450.0,Time=76.9s | BaseRaw=445.3 | CurrentRaw=450.0 | Change=4.7 => Floor
data,,445.3,451.2,5.9,451.2,Time=77.0s | BaseRaw=445.3 | CurrentRaw=451.2 | Change=5.9 => Floor
data,,445.3,450.4,5.1,450.4,Time=77.1s | BaseRaw=445.3 | CurrentRaw=450.4 | Change=5.1 => Floor
data,,445.3,450.0,4.7,450.0,Time=77.2s | BaseRaw=445.3 | CurrentRaw=450.0 | Change=4.7 => Floor
data,,445.3,450.6,5.3,450.6,Time=77.3s | BaseRaw=445.3 | CurrentRaw=450.6 | Change=5.3 => Floor
data,,445.3,449.8,4.5,449.8,Time=77.4s | BaseRaw=445.3 | CurrentRaw=449.8 | Change=4.5 => Floor
data,,445.3,447.4,2.1,447.4,Time=77.5s | BaseRaw=445.3 | CurrentRaw=447.4 | Change=2.1 => Floor
data,,445.3,445.6,0.3,445.6,Time=77.6s | BaseRaw=445.3 | CurrentRaw=445.6 | Change=0.3 => Floor
data,,445.3,444.2,1.1,444.2,Time=77.7s | BaseRaw=445.3 | CurrentRaw=444.2 | Change=1.1 => Floor
data,,445.3,441.8,3.5,441.8,Time=77.8s | BaseRaw=445.3 | CurrentRaw=441.8 | Change=3.5 => Floor
data,,445.3,439.8,5.5,439.8,Time=77.9s | BaseRaw=445.3 | CurrentRaw=439.8 | Change=5.5 => Floor
data,,445.3,439.0,6.3,439.0,Time=78.0s | BaseRaw=445.3 | CurrentRaw=439.0 | Change=6.3 => Floor
data,,445.3,439.4,5.9,439.4,Time=78.1s | BaseRaw=445.3 | CurrentRaw=439.4 | Change=5.9 => Floor
data,,445.3,438.4,6.9,438.4,Time=78.2s | BaseRaw=445.3 | CurrentRaw=438.4 | Change=6.9 => Floor
data,,445.3,437.8,7.5,437.8,Time=78.3s | BaseRaw=445.3 | CurrentRaw=437.8 | Change=7.5 => Floor
data,,445.3,438.0,7.3,438.0,Time=78.4s | BaseRaw=445.3 | CurrentRaw=438.0 | Change=7.3 => Floor
data,,445.3,438.2,7.1,438.2,Time=78.5s | BaseRaw=445.3 | CurrentRaw=438.2 | Change=7.1 => Floor
data,,445.3,437.2,8.1,437.2,Time=78.6s | BaseRaw=445.3 | CurrentRaw=437.2 | Change=8.1 => Floor
data,,445.3,436.8,8.5,436.8,Time=78.7s | BaseRaw=445.3 | CurrentRaw=436.8 | Change=8.5 => Floor
data,,445.3,437.4,7.9,437.4,Time=78.8s | BaseRaw=445.3 | CurrentRaw=437.4 | Change=7.9 => Floor
data,,445.3,437.2,8.1,437.2,Time=78.9s | BaseRaw=445.3 | CurrentRaw=437.2 | Change=8.1 => Floor
data,,445.3,436.0,9.3,436.0,Time=79.0s | BaseRaw=445.3 | CurrentRaw=436.0 | Change=9.3 => Floor
data,,445.3,436.0,9.3,436.0,Time=79.1s | BaseRaw=445.3 | CurrentRaw=436.0 | Change=9.3 => Floor
data,,445.3,436.8,8.5,436.8,Time=79.2s | BaseRaw=445.3 | CurrentRaw=436.8 | Change=8.5 => Floor
data,,445.3,436.0,9.3,436.0,Time=79.3s | BaseRaw=445.3 | CurrentRaw=436.0 | Change=9.3 => Floor
data,,445.3,435.2,10.1,435.2,Time=79.4s | BaseRaw=445.3 | CurrentRaw=435.2 | Change=10.1 => Liquid
data,,445.3,436.0,9.3,436.0,Time=79.5s | BaseRaw=445.3 | CurrentRaw=436.0 | Change=9.3 => Floor
data,,445.3,435.8,9.5,435.8,Time=79.6s | BaseRaw=445.3 | CurrentRaw=435.8 | Change=9.5 => Floor
data,,445.3,434.2,11.1,434.2,Time=79.7s | BaseRaw=445.3 | CurrentRaw=434.2 | Change=11.1 => Liquid
data,,445.3,434.4,10.9,434.4,Time=79.8s | BaseRaw=445.3 | CurrentRaw=434.4 | Change=10.9 => Liquid
data,,445.3,434.6,10.7,434.6,Time=79.9s | BaseRaw=445.3 | CurrentRaw=434.6 | Change=10.7 => Liquid
data,,445.3,434.0,11.3,434.0,Time=80.0s | BaseRaw=445.3 | CurrentRaw=434.0 | Change=11.3 => Liquid
data,,445.3,434.8,10.5,434.8,Time=80.1s | BaseRaw=445.3 | CurrentRaw=434.8 | Change=10.5 => Liquid
data,,445.3,435.4,9.9,435.4,Time=80.2s | BaseRaw=445.3 | CurrentRaw=435.4 | Change=9.9 => Floor
data,,445.3,435.4,9.9,435.4,Time=80.3s | BaseRaw=445.3 | CurrentRaw=435.4 | Change=9.9 => Floor
data,,445.3,436.6,8.7,436.6,Time=80.4s | BaseRaw=445.3 | CurrentRaw=436.6 | Change=8.7 => Floor
data,,445.3,437.2,8.1,437.2,Time=80.5s | BaseRaw=445.3 | CurrentRaw=437.2 | Change=8.1 => Floor
data,,445.3,436.4,8.9,436.4,Time=80.6s | BaseRaw=445.3 | CurrentRaw=436.4 | Change=8.9 => Floor
data,,445.3,437.0,8.3,437.0,Time=80.7s | BaseRaw=445.3 | CurrentRaw=437.0 | Change=8.3 => Floor
data,,445.3,437.6,7.7,437.6,Time=80.8s | BaseRaw=445.3 | CurrentRaw=437.6 | Change=7.7 => Floor
data,,445.3,437.4,7.9,437.4,Time=80.9s | BaseRaw=445.3 | CurrentRaw=437.4 | Change=7.9 => Floor
data,,445.3,438.4,6.9,438.4,Time=81.0s | BaseRaw=445.3 | CurrentRaw=438.4 | Change=6.9 => Floor
data,,445.3,440.8,4.5,440.8,Time=81.1s | BaseRaw=445.3 | CurrentRaw=440.8 | Change=4.5 => Floor
data,,445.3,441.4,3.9,441.4,Time=81.2s | BaseRaw=445.3 | CurrentRaw=441.4 | Change=3.9 => Floor
data,,445.3,440.0,5.3,440.0,Time=81.3s | BaseRaw=445.3 | CurrentRaw=440.0 | Change=5.3 => Floor
data,,445.3,439.6,5.7,439.6,Time=81.4s | BaseRaw=445.3 | CurrentRaw=439.6 | Change=5.7 => Floor
data,,445.3,440.2,5.1,440.2,Time=81.5s | BaseRaw=445.3 | CurrentRaw=440.2 | Change=5.1 => Floor
data,,445.3,440.4,4.9,440.4,Time=81.6s | BaseRaw=445.3 | CurrentRaw=440.4 | Change=4.9 => Floor
data,,445.3,442.8,2.5,442.8,Time=81.7s | BaseRaw=445.3 | CurrentRaw=442.8 | Change=2.5 => Floor
data,,445.3,447.8,2.5,447.8,Time=81.8s | BaseRaw=445.3 | CurrentRaw=447.8 | Change=2.5 => Floor
data,,445.3,452.2,6.9,452.2,Time=81.9s | BaseRaw=445.3 | CurrentRaw=452.2 | Change=6.9 => Floor
data,,445.3,454.4,9.1,454.4,Time=82.0s | BaseRaw=445.3 | CurrentRaw=454.4 | Change=9.1 => Floor
data,,445.3,455.8,10.5,455.8,Time=82.1s | BaseRaw=445.3 | CurrentRaw=455.8 | Change=10.5 => Liquid
data,,445.3,457.4,12.1,457.4,Time=82.2s | BaseRaw=445.3 | CurrentRaw=457.4 | Change=12.1 => Liquid
data,,445.3,457.0,11.7,457.0,Time=82.3s | BaseRaw=445.3 | CurrentRaw=457.0 | Change=11.7 => Liquid
data,,445.3,457.0,11.7,457.0,Time=82.4s | BaseRaw=445.3 | CurrentRaw=457.0 | Change=11.7 => Liquid
data,,445.3,457.6,12.3,457.6,Time=82.5s | BaseRaw=445.3 | CurrentRaw=457.6 | Change=12.3 => Liquid
data,,445.3,458.0,12.7,458.0,Time=82.6s | BaseRaw=445.3 | CurrentRaw=458.0 | Change=12.7 => Liquid
data,,445.3,458.2,12.9,458.2,Time=82.7s | BaseRaw=445.3 | CurrentRaw=458.2 | Change=12.9 => Liquid
data,,445.3,458.4,13.1,458.4,Time=82.8s | BaseRaw=445.3 | CurrentRaw=458.4 | Change=13.1 => Liquid
data,,445.3,458.4,13.1,458.4,Time=82.9s | BaseRaw=445.3 | CurrentRaw=458.4 | Change=13.1 => Liquid
data,,445.3,458.0,12.7,458.0,Time=83.0s | BaseRaw=445.3 | CurrentRaw=458.0 | Change=12.7 => Liquid
data,,445.3,457.4,12.1,457.4,Time=83.1s | BaseRaw=445.3 | CurrentRaw=457.4 | Change=12.1 => Liquid
data,,445.3,456.8,11.5,456.8,Time=83.2s | BaseRaw=445.3 | CurrentRaw=456.8 | Change=11.5 => Liquid
data,,445.3,456.4,11.1,456.4,Time=83.3s | BaseRaw=445.3 | CurrentRaw=456.4 | Change=11.1 => Liquid
data,,445.3,455.4,10.1,455.4,Time=83.4s | BaseRaw=445.3 | CurrentRaw=455.4 | Change=10.1 => Liquid
data,,445.3,455.0,9.7,455.0,Time=83.5s | BaseRaw=445.3 | CurrentRaw=455.0 | Change=9.7 => Floor
data,,445.3,454.6,9.3,454.6,Time=83.6s | BaseRaw=445.3 | CurrentRaw=454.6 | Change=9.3 => Floor
data,,445.3,453.6,8.3,453.6,Time=83.7s | BaseRaw=445.3 | CurrentRaw=453.6 | Change=8.3 => Floor
data,,445.3,454.0,8.7,454.0,Time=83.8s | BaseRaw=445.3 | CurrentRaw=454.0 | Change=8.7 => Floor
data,,445.3,454.0,8.7,454.0,Time=83.9s | BaseRaw=445.3 | CurrentRaw=454.0 | Change=8.7 => Floor
data,,445.3,453.2,7.9,453.2,Time=84.0s | BaseRaw=445.3 | CurrentRaw=453.2 | Change=7.9 => Floor
data,,445.3,453.6,8.3,453.6,Time=84.1s | BaseRaw=445.3 | CurrentRaw=453.6 | Change=8.3 => Floor
data,,445.3,454.2,8.9,454.2,Time=84.2s | BaseRaw=445.3 | CurrentRaw=454.2 | Change=8.9 => Floor
data,,445.3,453.6,8.3,453.6,Time=84.3s | BaseRaw=445.3 | CurrentRaw=453.6 | Change=8.3 => Floor
data,,445.3,453.2,7.9,453.2,Time=84.4s | BaseRaw=445.3 | CurrentRaw=453.2 | Change=7.9 => Floor
data,,445.3,454.0,8.7,454.0,Time=84.5s | BaseRaw=445.3 | CurrentRaw=454.0 | Change=8.7 => Floor
data,,445.3,454.2,8.9,454.2,Time=84.6s | BaseRaw=445.3 | CurrentRaw=454.2 | Change=8.9 => Floor
data,,445.3,452.8,7.5,452.8,Time=84.7s | BaseRaw=445.3 | CurrentRaw=452.8 | Change=7.5 => Floor
data,,445.3,453.0,7.7,453.0,Time=84.8s | BaseRaw=445.3 | CurrentRaw=453.0 | Change=7.7 => Floor
data,,445.3,453.8,8.5,453.8,Time=84.9s | BaseRaw=445.3 | CurrentRaw=453.8 | Change=8.5 => Floor
data,,445.3,453.6,8.3,453.6,Time=85.0s | BaseRaw=445.3 | CurrentRaw=453.6 | Change=8.3 => Floor
data,,445.3,453.0,7.7,453.0,Time=85.1s | BaseRaw=445.3 | CurrentRaw=453.0 | Change=7.7 => Floor
data,,445.3,454.2,8.9,454.2,Time=85.2s | BaseRaw=445.3 | CurrentRaw=454.2 | Change=8.9 => Floor
data,,445.3,454.8,9.5,454.8,Time=85.3s | BaseRaw=445.3 | CurrentRaw=454.8 | Change=9.5 => Floor
data,,445.3,454.4,9.1,454.4,Time=85.4s | BaseRaw=445.3 | CurrentRaw=454.4 | Change=9.1 => Floor
data,,445.3,454.6,9.3,454.6,Time=85.5s | BaseRaw=445.3 | CurrentRaw=454.6 | Change=9.3 => Floor
data,,445.3,455.6,10.3,455.6,Time=85.6s | BaseRaw=445.3 | CurrentRaw=455.6 | Change=10.3 => Liquid
data,,445.3,455.8,10.5,455.8,Time=85.7s | BaseRaw=445.3 | CurrentRaw=455.8 | Change=10.5 => Liquid
data,,445.3,455.6,10.3,455.6,Time=85.8s | BaseRaw=445.3 | CurrentRaw=455.6 | Change=10.3 => Liquid
data,,445.3,456.8,11.5,456.8,Time=85.9s | BaseRaw=445.3 | CurrentRaw=456.8 | Change=11.5 => Liquid
data,,445.3,457.2,11.9,457.2,Time=86.0s | BaseRaw=445.3 | CurrentRaw=457.2 | Change=11.9 => Liquid
data,,445.3,457.6,12.3,457.6,Time=86.1s | BaseRaw=445.3 | CurrentRaw=457.6 | Change=12.3 => Liquid
data,,445.3,458.2,12.9,458.2,Time=86.2s | BaseRaw=445.3 | CurrentRaw=458.2 | Change=12.9 => Liquid
data,,445.3,458.6,13.3,458.6,Time=86.3s | BaseRaw=445.3 | CurrentRaw=458.6 | Change=13.3 => Liquid
data,,445.3,459.0,13.7,459.0,Time=86.4s | BaseRaw=445.3 | CurrentRaw=459.0 | Change=13.7 => Liquid
data,,445.3,459.2,13.9,459.2,Time=86.5s | BaseRaw=445.3 | CurrentRaw=459.2 | Change=13.9 => Liquid
data,,445.3,459.6,14.3,459.6,Time=86.6s | BaseRaw=445.3 | CurrentRaw=459.6 | Change=14.3 => Liquid
data,,445.3,460.0,14.7,460.0,Time=86.7s | BaseRaw=445.3 | CurrentRaw=460.0 | Change=14.7 => Liquid
data,,445.3,460.0,14.7,460.0,Time=86.8s | BaseRaw=445.3 | CurrentRaw=460.0 | Change=14.7 => Liquid
data,,445.3,460.0,14.7,460.0,Time=86.9s | BaseRaw=445.3 | CurrentRaw=460.0 | Change=14.7 => Liquid
data,,445.3,460.0,14.7,460.0,Time=87.0s | BaseRaw=445.3 | CurrentRaw=460.0 | Change=14.7 => Liquid
data,,445.3,459.8,14.5,459.8,Time=87.1s | BaseRaw=445.3 | CurrentRaw=459.8 | Change=14.5 => Liquid
data,,445.3,459.4,14.1,459.4,Time=87.2s | BaseRaw=445.3 | CurrentRaw=459.4 | Change=14.1 => Liquid
data,,445.3,458.8,13.5,458.8,Time=87.3s | BaseRaw=445.3 | CurrentRaw=458.8 | Change=13.5 => Liquid
data,,445.3,458.4,13.1,458.4,Time=87.4s | BaseRaw=445.3 | CurrentRaw=458.4 | Change=13.1 => Liquid
data,,445.3,457.6,12.3,457.6,Time=87.5s | BaseRaw=445.3 | CurrentRaw=457.6 | Change=12.3 => Liquid
data,,445.3,457.0,11.7,457.0,Time=87.6s | BaseRaw=445.3 | CurrentRaw=457.0 | Change=11.7 => Liquid
data,,445.3,456.6,11.3,456.6,Time=87.7s | BaseRaw=445.3 | CurrentRaw=456.6 | Change=11.3 => Liquid
data,,445.3,456.6,11.3,456.6,Time=87.8s | BaseRaw=445.3 | CurrentRaw=456.6 | Change=11.3 => Liquid
data,,445.3,456.4,11.1,456.4,Time=87.9s | BaseRaw=445.3 | CurrentRaw=456.4 | Change=11.1 => Liquid
data,,445.3,456.6,11.3,456.6,Time=88.0s | BaseRaw=445.3 | CurrentRaw=456.6 | Change=11.3 => Liquid
data,,445.3,456.8,11.5,456.8,Time=88.1s | BaseRaw=445.3 | CurrentRaw=456.8 | Change=11.5 => Liquid
data,,445.3,456.8,11.5,456.8,Time=88.2s | BaseRaw=445.3 | CurrentRaw=456.8 | Change=11.5 => Liquid
data,,445.3,456.8,11.5,456.8,Time=88.3s | BaseRaw=445.3 | CurrentRaw=456.8 | Change=11.5 => Liquid
data,,445.3,458.0,12.7,458.0,Time=88.4s | BaseRaw=445.3 | CurrentRaw=458.0 | Change=12.7 => Liquid
data,,445.3,461.2,15.9,461.2,Time=88.5s | BaseRaw=445.3 | CurrentRaw=461.2 | Change=15.9 => Liquid
data,,445.3,466.6,21.3,466.6,Time=88.6s | BaseRaw=445.3 | CurrentRaw=466.6 | Change=21.3 => Liquid
data,,445.3,472.4,27.1,472.4,Time=88.7s | BaseRaw=445.3 | CurrentRaw=472.4 | Change=27.1 => Liquid
data,,445.3,478.0,32.7,478.0,Time=88.8s | BaseRaw=445.3 | CurrentRaw=478.0 | Change=32.7 => Liquid
data,,445.3,482.6,37.3,482.6,Time=88.9s | BaseRaw=445.3 | CurrentRaw=482.6 | Change=37.3 => Liquid
data,,445.3,485.2,39.9,485.2,Time=89.0s | BaseRaw=445.3 | CurrentRaw=485.2 | Change=39.9 => Liquid
data,,445.3,485.2,39.9,485.2,Time=89.1s | BaseRaw=445.3 | CurrentRaw=485.2 | Change=39.9 => Liquid
data,,445.3,484.4,39.1,484.4,Time=89.2s | BaseRaw=445.3 | CurrentRaw=484.4 | Change=39.1 => Liquid
data,,445.3,483.8,38.5,483.8,Time=89.3s | BaseRaw=445.3 | CurrentRaw=483.8 | Change=38.5 => Liquid
data,,445.3,483.0,37.7,483.0,Time=89.4s | BaseRaw=445.3 | CurrentRaw=483.0 | Change=37.7 => Liquid
data,,445.3,482.6,37.3,482.6,Time=89.5s | BaseRaw=445.3 | CurrentRaw=482.6 | Change=37.3 => Liquid
data,,445.3,482.0,36.7,482.0,Time=89.6s | BaseRaw=445.3 | CurrentRaw=482.0 | Change=36.7 => Liquid
data,,445.3,482.4,37.1,482.4,Time=89.7s | BaseRaw=445.3 | CurrentRaw=482.4 | Change=37.1 => Liquid
data,,445.3,482.4,37.1,482.4,Time=89.8s | BaseRaw=445.3 | CurrentRaw=482.4 | Change=37.1 => Liquid
data,,445.3,482.6,37.3,482.6,Time=89.9s | BaseRaw=445.3 | CurrentRaw=482.6 | Change=37.3 => Liquid
data,,445.3,482.6,37.3,482.6,Time=90.0s | BaseRaw=445.3 | CurrentRaw=482.6 | Change=37.3 => Liquid
data,,445.3,482.4,37.1,482.4,Time=90.1s | BaseRaw=445.3 | CurrentRaw=482.4 | Change=37.1 => Liquid
data,,445.3,482.4,37.1,482.4,Time=90.2s | BaseRaw=445.3 | CurrentRaw=482.4 | Change=37.1 => Liquid
data,,445.3,482.4,37.1,482.4,Time=90.3s | BaseRaw=445.3 | CurrentRaw=482.4 | Change=37.1 => Liquid
data,,445.3,482.2,36.9,482.2,Time=90.4s | BaseRaw=445.3 | CurrentRaw=482.2 | Change=36.9 => Liquid
data,,445.3,482.2,36.9,482.2,Time=90.5s | BaseRaw=445.3 | CurrentRaw=482.2 | Change=36.9 => Liquid
data,,445.3,482.4,37.1,482.4,Time=90.6s | BaseRaw=445.3 | CurrentRaw=482.4 | Change=37.1 => Liquid
data,,445.3,482.4,37.1,482.4,Time=90.7s | BaseRaw=445.3 | CurrentRaw=482.4 | Change=37.1 => Liquid
data,,445.3,482.6,37.3,482.6,Time=90.8s | BaseRaw=445.3 | CurrentRaw=482.6 | Change=37.3 => Liquid
data,,445.3,482.8,37.5,482.8,Time=90.9s | BaseRaw=445.3 | CurrentRaw=482.8 | Change=37.5 => Liquid
data,,445.3,482.8,37.5,482.8,Time=91.0s | BaseRaw=445.3 | CurrentRaw=482.8 | Change=37.5 => Liquid
data,,445.3,482.8,37.5,482.8,Time=91.1s | BaseRaw=445.3 | CurrentRaw=482.8 | Change=37.5 => Liquid
data,,445.3,482.8,37.5,482.8,Time=91.2s | BaseRaw=445.3 | CurrentRaw=482.8 | Change=37.5 => Liquid
data,,445.3,482.8,37.5,482.8,Time=91.3s | BaseRaw=445.3 | CurrentRaw=482.8 | Change=37.5 => Liquid
data,,445.3,482.6,37.3,482.6,Time=91.4s | BaseRaw=445.3 | CurrentRaw=482.6 | Change=37.3 => Liquid
data,,445.3,482.8,37.5,482.8,Time=91.5s | BaseRaw=445.3 | CurrentRaw=482.8 | Change=37.5 => Liquid
data,,445.3,482.8,37.5,482.8,Time=91.6s | BaseRaw=445.3 | CurrentRaw=482.8 | Change=37.5 => Liquid
data,,445.3,482.8,37.5,482.8,Time=91.7s | BaseRaw=445.3 | CurrentRaw=482.8 | Change=37.5 => Liquid
data,,445.3,482.6,37.3,482.6,Time=91.8s | BaseRaw=445.3 | CurrentRaw=482.6 | Change=37.3 => Liquid
data,,445.3,482.4,37.1,482.4,Time=91.9s | BaseRaw=445.3 | CurrentRaw=482.4 | Change=37.1 => Liquid
data,,445.3,482.2,36.9,482.2,Time=92.0s | BaseRaw=445.3 | CurrentRaw=482.2 | Change=36.9 => Liquid
data,,445.3,481.6,36.3,481.6,Time=92.1s | BaseRaw=445.3 | CurrentRaw=481.6 | Change=36.3 => Liquid
data,,445.3,481.6,36.3,481.6,Time=92.2s | BaseRaw=445.3 | CurrentRaw=481.6 | Change=36.3 => Liquid
data,,445.3,481.4,36.1,481.4,Time=92.3s | BaseRaw=445.3 | CurrentRaw=481.4 | Change=36.1 => Liquid
data,,445.3,481.2,35.9,481.2,Time=92.4s | BaseRaw=445.3 | CurrentRaw=481.2 | Change=35.9 => Liquid
data,,445.3,481.0,35.7,481.0,Time=92.5s | BaseRaw=445.3 | CurrentRaw=481.0 | Change=35.7 => Liquid
data,,445.3,481.0,35.7,481.0,Time=92.6s | BaseRaw=445.3 | CurrentRaw=481.0 | Change=35.7 => Liquid
data,,445.3,480.8,35.5,480.8,Time=92.7s | BaseRaw=445.3 | CurrentRaw=480.8 | Change=35.5 => Liquid
data,,445.3,480.6,35.3,480.6,Time=92.8s | BaseRaw=445.3 | CurrentRaw=480.6 | Change=35.3 => Liquid
data,,445.3,480.0,34.7,480.0,Time=92.9s | BaseRaw=445.3 | CurrentRaw=480.0 | Change=34.7 => Liquid
data,,445.3,479.8,34.5,479.8,Time=93.0s | BaseRaw=445.3 | CurrentRaw=479.8 | Change=34.5 => Liquid
data,,445.3,479.4,34.1,479.4,Time=93.1s | BaseRaw=445.3 | CurrentRaw=479.4 | Change=34.1 => Liquid
data,,445.3,478.8,33.5,478.8,Time=93.2s | BaseRaw=445.3 | CurrentRaw=478.8 | Change=33.5 => Liquid
data,,445.3,478.6,33.3,478.6,Time=93.3s | BaseRaw=445.3 | CurrentRaw=478.6 | Change=33.3 => Liquid
data,,445.3,478.4,33.1,478.4,Time=93.4s | BaseRaw=445.3 | CurrentRaw=478.4 | Change=33.1 => Liquid
data,,445.3,478.0,32.7,478.0,Time=93.5s | BaseRaw=445.3 | CurrentRaw=478.0 | Change=32.7 => Liquid
data,,445.3,477.6,32.3,477.6,Time=93.6s | BaseRaw=445.3 | CurrentRaw=477.6 | Change=32.3 => Liquid
data,,445.3,477.4,32.1,477.4,Time=93.7s | BaseRaw=445.3 | CurrentRaw=477.4 | Change=32.1 => Liquid
data,,445.3,477.4,32.1,477.4,Time=93.8s | BaseRaw=445.3 | CurrentRaw=477.4 | Change=32.1 => Liquid
data,,445.3,477.2,31.9,477.2,Time=93.9s | BaseRaw=445.3 | CurrentRaw=477.2 | Change=31.9 => Liquid
data,,445.3,477.4,32.1,477.4,Time=94.0s | BaseRaw=445.3 | CurrentRaw=477.4 | Change=32.1 => Liquid
data,,445.3,477.6,32.3,477.6,Time=94.1s | BaseRaw=445.3 | CurrentRaw=477.6 | Change=32.3 => Liquid
data,,445.3,478.0,32.7,478.0,Time=94.2s | BaseRaw=445.3 | CurrentRaw=478.0 | Change=32.7 => Liquid
data,,445.3,478.4,33.1,478.4,Time=94.3s | BaseRaw=445.3 | CurrentRaw=478.4 | Change=33.1 => Liquid
data,,445.3,478.6,33.3,478.6,Time=94.4s | BaseRaw=445.3 | CurrentRaw=478.6 | Change=33.3 => Liquid
data,,445.3,479.0,33.7,479.0,Time=94.5s | BaseRaw=445.3 | CurrentRaw=479.0 | Change=33.7 => Liquid
data,,445.3,479.4,34.1,479.4,Time=94.6s | BaseRaw=445.3 | CurrentRaw=479.4 | Change=34.1 => Liquid
data,,445.3,479.8,34.5,479.8,Time=94.7s | BaseRaw=445.3 | CurrentRaw=479.8 | Change=34.5 => Liquid
data,,445.3,480.2,34.9,480.2,Time=94.8s | BaseRaw=445.3 | CurrentRaw=480.2 | Change=34.9 => Liquid
data,,445.3,480.8,35.5,480.8,Time=94.9s | BaseRaw=445.3 | CurrentRaw=480.8 | Change=35.5 => Liquid
data,,445.3,481.6,36.3,481.6,Time=95.0s | BaseRaw=445.3 | CurrentRaw=481.6 | Change=36.3 => Liquid
data,,445.3,482.2,36.9,482.2,Time=95.1s | BaseRaw=445.3 | CurrentRaw=482.2 | Change=36.9 => Liquid
data,,445.3,482.8,37.5,482.8,Time=95.2s | BaseRaw=445.3 | CurrentRaw=482.8 | Change=37.5 => Liquid
data,,445.3,483.4,38.1,483.4,Time=95.3s | BaseRaw=445.3 | CurrentRaw=483.4 | Change=38.1 => Liquid
data,,445.3,484.0,38.7,484.0,Time=95.4s | BaseRaw=445.3 | CurrentRaw=484.0 | Change=38.7 => Liquid
data,,445.3,484.4,39.1,484.4,Time=95.5s | BaseRaw=445.3 | CurrentRaw=484.4 | Change=39.1 => Liquid
data,,445.3,484.8,39.5,484.8,Time=95.6s | BaseRaw=445.3 | CurrentRaw=484.8 | Change=39.5 => Liquid
data,,445.3,485.0,39.7,485.0,Time=95.7s | BaseRaw=445.3 | CurrentRaw=485.0 | Change=39.7 => Liquid
data,,445.3,485.4,40.1,485.4,Time=95.8s | BaseRaw=445.3 | CurrentRaw=485.4 | Change=40.1 => Liquid
data,,445.3,485.6,40.3,485.6,Time=95.9s | BaseRaw=445.3 | CurrentRaw=485.6 | Change=40.3 => Liquid
data,,445.3,485.8,40.5,485.8,Time=96.0s | BaseRaw=445.3 | CurrentRaw=485.8 | Change=40.5 => Liquid
data,,445.3,486.0,40.7,486.0,Time=96.1s | BaseRaw=445.3 | CurrentRaw=486.0 | Change=40.7 => Liquid
data,,445.3,486.2,40.9,486.2,Time=96.2s | BaseRaw=445.3 | CurrentRaw=486.2 | Change=40.9 => Liquid
data,,445.3,486.4,41.1,486.4,Time=96.3s | BaseRaw=445.3 | CurrentRaw=486.4 | Change=41.1 => Liquid
data,,445.3,486.4,41.1,486.4,Time=96.4s | BaseRaw=445.3 | CurrentRaw=486.4 | Change=41.1 => Liquid
data,,445.3,486.4,41.1,486.4,Time=96.5s | BaseRaw=445.3 | CurrentRaw=486.4 | Change=41.1 => Liquid
data,,445.3,486.4,41.1,486.4,Time=96.6s | BaseRaw=445.3 | CurrentRaw=486.4 | Change=41.1 => Liquid
data,,445.3,486.2,40.9,486.2,Time=96.7s | BaseRaw=445.3 | CurrentRaw=486.2 | Change=40.9 => Liquid
data,,445.3,486.2,40.9,486.2,Time=96.8s | BaseRaw=445.3 | CurrentRaw=486.2 | Change=40.9 => Liquid
data,,445.3,486.0,40.7,486.0,Time=96.9s | BaseRaw=445.3 | CurrentRaw=486.0 | Change=40.7 => Liquid
data,,445.3,486.2,40.9,486.2,Time=97.0s | BaseRaw=445.3 | CurrentRaw=486.2 | Change=40.9 => Liquid
data,,445.3,486.2,40.9,486.2,Time=97.1s | BaseRaw=445.3 | CurrentRaw=486.2 | Change=40.9 => Liquid
data,,445.3,486.4,41.1,486.4,Time=97.2s | BaseRaw=445.3 | CurrentRaw=486.4 | Change=41.1 => Liquid
data,,445.3,486.4,41.1,486.4,Time=97.3s | BaseRaw=445.3 | CurrentRaw=486.4 | Change=41.1 => Liquid
data,,445.3,486.8,41.5,486.8,Time=97.4s | BaseRaw=445.3 | CurrentRaw=486.8 | Change=41.5 => Liquid
data,,445.3,487.0,41.7,487.0,Time=97.5s | BaseRaw=445.3 | CurrentRaw=487.0 | Change=41.7 => Liquid
data,,445.3,487.2,41.9,487.2,Time=97.6s | BaseRaw=445.3 | CurrentRaw=487.2 | Change=41.9 => Liquid
data,,445.3,487.4,42.1,487.4,Time=97.7s | BaseRaw=445.3 | CurrentRaw=487.4 | Change=42.1 => Liquid
data,,445.3,487.4,42.1,487.4,Time=97.8s | BaseRaw=445.3 | CurrentRaw=487.4 | Change=42.1 => Liquid
data,,445.3,487.4,42.1,487.4,Time=97.9s | BaseRaw=445.3 | CurrentRaw=487.4 | Change=42.1 => Liquid
data,,445.3,487.4,42.1,487.4,Time=98.0s | BaseRaw=445.3 | CurrentRaw=487.4 | Change=42.1 => Liquid
data,,445.3,487.4,42.1,487.4,Time=98.1s | BaseRaw=445.3 | CurrentRaw=487.4 | Change=42.1 => Liquid
data,,445.3,487.4,42.1,487.4,Time=98.2s | BaseRaw=445.3 | CurrentRaw=487.4 | Change=42.1 => Liquid
data,,445.3,487.6,42.3,487.6,Time=98.3s | BaseRaw=445.3 | CurrentRaw=487.6 | Change=42.3 => Liquid
data,,445.3,487.6,42.3,487.6,Time=98.4s | BaseRaw=445.3 | CurrentRaw=487.6 | Change=42.3 => Liquid
data,,445.3,487.6,42.3,487.6,Time=98.5s | BaseRaw=445.3 | CurrentRaw=487.6 | Change=42.3 => Liquid
data,,445.3,487.6,42.3,487.6,Time=98.6s | BaseRaw=445.3 | CurrentRaw=487.6 | Change=42.3 => Liquid
data,,445.3,487.4,42.1,487.4,Time=98.7s | BaseRaw=445.3 | CurrentRaw=487.4 | Change=42.1 => Liquid
data,,445.3,487.6,42.3,487.6,Time=98.8s | BaseRaw=445.3 | CurrentRaw=487.6 | Change=42.3 => Liquid
data,,445.3,487.6,42.3,487.6,Time=98.9s | BaseRaw=445.3 | CurrentRaw=487.6 | Change=42.3 => Liquid
data,,445.3,487.8,42.5,487.8,Time=99.0s | BaseRaw=445.3 | CurrentRaw=487.8 | Change=42.5 => Liquid
data,,445.3,487.8,42.5,487.8,Time=99.1s | BaseRaw=445.3 | CurrentRaw=487.8 | Change=42.5 => Liquid
data,,445.3,487.6,42.3,487.6,Time=99.2s | BaseRaw=445.3 | CurrentRaw=487.6 | Change=42.3 => Liquid
data,,445.3,487.4,42.1,487.4,Time=99.3s | BaseRaw=445.3 | CurrentRaw=487.4 | Change=42.1 => Liquid
data,,445.3,487.4,42.1,487.4,Time=99.4s | BaseRaw=445.3 | CurrentRaw=487.4 | Change=42.1 => Liquid
data,,445.3,487.0,41.7,487.0,Time=99.5s | BaseRaw=445.3 | CurrentRaw=487.0 | Change=41.7 => Liquid
data,,445.3,487.2,41.9,487.2,Time=99.6s | BaseRaw=445.3 | CurrentRaw=487.2 | Change=41.9 => Liquid
data,,445.3,487.0,41.7,487.0,Time=99.7s | BaseRaw=445.3 | CurrentRaw=487.0 | Change=41.7 => Liquid
data,,445.3,486.8,41.5,486.8,Time=99.8s | BaseRaw=445.3 | CurrentRaw=486.8 | Change=41.5 => Liquid
data,,445.3,486.4,41.1,486.4,Time=99.9s | BaseRaw=445.3 | CurrentRaw=486.4 | Change=41.1 => Liquid
data,,445.3,486.0,40.7,486.0,Time=100.0s | BaseRaw=445.3 | CurrentRaw=486.0 | Change=40.7 => Liquid
data,,445.3,485.0,39.7,485.0,Time=100.1s | BaseRaw=445.3 | CurrentRaw=485.0 | Change=39.7 => Liquid
data,,445.3,484.8,39.5,484.8,Time=100.2s | BaseRaw=445.3 | CurrentRaw=484.8 | Change=39.5 => Liquid
data,,445.3,483.8,38.5,483.8,Time=100.3s | BaseRaw=445.3 | CurrentRaw=483.8 | Change=38.5 => Liquid
data,,445.3,483.6,38.3,483.6,Time=100.4s | BaseRaw=445.3 | CurrentRaw=483.6 | Change=38.3 => Liquid
data,,445.3,482.8,37.5,482.8,Time=100.5s | BaseRaw=445.3 | CurrentRaw=482.8 | Change=37.5 => Liquid
data,,445.3,483.0,37.7,483.0,Time=100.6s | BaseRaw=445.3 | CurrentRaw=483.0 | Change=37.7 => Liquid
data,,445.3,482.8,37.5,482.8,Time=100.7s | BaseRaw=445.3 | CurrentRaw=482.8 | Change=37.5 => Liquid
data,,445.3,482.8,37.5,482.8,Time=100.8s | BaseRaw=445.3 | CurrentRaw=482.8 | Change=37.5 => Liquid
data,,445.3,483.2,37.9,483.2,Time=100.9s | BaseRaw=445.3 | CurrentRaw=483.2 | Change=37.9 => Liquid
data,,445.3,483.0,37.7,483.0,Time=101.0s | BaseRaw=445.3 | CurrentRaw=483.0 | Change=37.7 => Liquid
