record_type,baseline_raw,base_raw,current_raw,change,graph,raw_data
info,,,,,,Initial floor measurement (5s)... Keep the sensor on the empty floor.
info,,,,,,START received
baseline,629.20,,,,629.20,Collecting baseline... RawAvg=629.20
baseline,624.00,,,,624.00,Collecting baseline... RawAvg=624.00
baseline,626.00,,,,626.00,Collecting baseline... RawAvg=626.00
baseline,632.40,,,,632.40,Collecting baseline... RawAvg=632.40
baseline,637.40,,,,637.40,Collecting baseline... RawAvg=637.40
baseline,631.20,,,,631.20,Collecting baseline... RawAvg=631.20
baseline,630.20,,,,630.20,Collecting baseline... RawAvg=630.20
baseline,619.20,,,,619.20,Collecting baseline... RawAvg=619.20
baseline,603.40,,,,603.40,Collecting baseline... RawAvg=603.40
baseline,591.40,,,,591.40,Collecting baseline... RawAvg=591.40
baseline,590.40,,,,590.40,Collecting baseline... RawAvg=590.40
baseline,600.00,,,,600.00,Collecting baseline... RawAvg=600.00
baseline,614.00,,,,614.00,Collecting baseline... RawAvg=614.00
baseline,625.40,,,,625.40,Collecting baseline... RawAvg=625.40
baseline,630.00,,,,630.00,Collecting baseline... RawAvg=630.00
baseline,624.60,,,,624.60,Collecting baseline... RawAvg=624.60
baseline,611.00,,,,611.00,Collecting baseline... RawAvg=611.00
baseline,597.20,,,,597.20,Collecting baseline... RawAvg=597.20
baseline,591.20,,,,591.20,Collecting baseline... RawAvg=591.20
baseline,596.80,,,,596.80,Collecting baseline... RawAvg=596.80
baseline,610.00,,,,610.00,Collecting baseline... RawAvg=610.00
baseline,623.60,,,,623.60,Collecting baseline... RawAvg=623.60
baseline,631.20,,,,631.20,Collecting baseline... RawAvg=631.20
baseline,629.80,,,,629.80,Collecting baseline... RawAvg=629.80
baseline,618.20,,,,618.20,Collecting baseline... RawAvg=618.20
baseline,601.60,,,,601.60,Collecting baseline... RawAvg=601.60
baseline,589.20,,,,589.20,Collecting baseline... RawAvg=589.20
baseline,587.80,,,,587.80,Collecting baseline... RawAvg=587.80
baseline,597.60,,,,597.60,Collecting baseline... RawAvg=597.60
baseline,611.80,,,,611.80,Collecting baseline... RawAvg=611.80
baseline,623.60,,,,623.60,Collecting baseline... RawAvg=623.60
baseline,628.20,,,,628.20,Collecting baseline... RawAvg=628.20
baseline,623.20,,,,623.20,Collecting baseline... RawAvg=623.20
baseline,609.20,,,,609.20,Collecting baseline... RawAvg=609.20
baseline,594.60,,,,594.60,Collecting baseline... RawAvg=594.60
baseline,588.00,,,,588.00,Collecting baseline... RawAvg=588.00
baseline,592.80,,,,592.80,Collecting baseline... RawAvg=592.80
baseline,605.60,,,,605.60,Collecting baseline... RawAvg=605.60
baseline,620.00,,,,620.00,Collecting baseline... RawAvg=620.00
baseline,629.20,,,,629.20,Collecting baseline... RawAvg=629.20
baseline,629.40,,,,629.40,Collecting baseline... RawAvg=629.40
baseline,619.40,,,,619.40,Collecting baseline... RawAvg=619.40
baseline,603.40,,,,603.40,Collecting baseline... RawAvg=603.40
baseline,589.60,,,,589.60,Collecting baseline... RawAvg=589.60
baseline,586.00,,,,586.00,Collecting baseline... RawAvg=586.00
baseline,593.80,,,,593.80,Collecting baseline... RawAvg=593.80
baseline,607.80,,,,607.80,Collecting baseline... RawAvg=607.80
baseline,621.20,,,,621.20,Collecting baseline... RawAvg=621.20
baseline,628.60,,,,628.60,Collecting baseline... RawAvg=628.60
info,,,,,,Baseline collection complete! Starting detection.
final_base,,612.23,,,612.23,Final Base Raw Average = 612.23
info,,,,,,--------------------------------------------------------------------------
data,,612.2,616.2,4.0,616.2,Time=0.1s | BaseRaw=612.2 | CurrentRaw=616.2 | Change=4.0 => Floor
data,,612.2,608.6,3.6,608.6,Time=0.2s | BaseRaw=612.2 | CurrentRaw=608.6 | Change=3.6 => Floor
data,,612.2,604.8,7.4,604.8,Time=0.3s | BaseRaw=612.2 | CurrentRaw=604.8 | Change=7.4 => Floor
data,,612.2,596.6,15.6,596.6,Time=0.4s | BaseRaw=612.2 | CurrentRaw=596.6 | Change=15.6 => Liquid
data,,612.2,598.8,13.4,598.8,Time=0.5s | BaseRaw=612.2 | CurrentRaw=598.8 | Change=13.4 => Liquid
data,,612.2,611.6,0.6,611.6,Time=0.6s | BaseRaw=612.2 | CurrentRaw=611.6 | Change=0.6 => Floor
data,,612.2,606.8,5.4,606.8,Time=0.7s | BaseRaw=612.2 | CurrentRaw=606.8 | Change=5.4 => Floor
data,,612.2,603.8,8.4,603.8,Time=0.8s | BaseRaw=612.2 | CurrentRaw=603.8 | Change=8.4 => Floor
data,,612.2,613.2,1.0,613.2,Time=0.9s | BaseRaw=612.2 | CurrentRaw=613.2 | Change=1.0 => Floor
data,,612.2,607.6,4.6,607.6,Time=1.0s | BaseRaw=612.2 | CurrentRaw=607.6 | Change=4.6 => Floor
data,,612.2,607.8,4.4,607.8,Time=1.1s | BaseRaw=612.2 | CurrentRaw=607.8 | Change=4.4 => Floor
data,,612.2,605.8,6.4,605.8,Time=1.2s | BaseRaw=612.2 | CurrentRaw=605.8 | Change=6.4 => Floor
data,,612.2,609.8,2.4,609.8,Time=1.3s | BaseRaw=612.2 | CurrentRaw=609.8 | Change=2.4 => Floor
data,,612.2,607.2,5.0,607.2,Time=1.4s | BaseRaw=612.2 | CurrentRaw=607.2 | Change=5.0 => Floor
data,,612.2,609.0,3.2,609.0,Time=1.5s | BaseRaw=612.2 | CurrentRaw=609.0 | Change=3.2 => Floor
data,,612.2,607.6,4.6,607.6,Time=1.6s | BaseRaw=612.2 | CurrentRaw=607.6 | Change=4.6 => Floor
data,,612.2,606.4,5.8,606.4,Time=1.7s | BaseRaw=612.2 | CurrentRaw=606.4 | Change=5.8 => Floor
data,,612.2,610.0,2.2,610.0,Time=1.8s | BaseRaw=612.2 | CurrentRaw=610.0 | Change=2.2 => Floor
data,,612.2,607.6,4.6,607.6,Time=1.9s | BaseRaw=612.2 | CurrentRaw=607.6 | Change=4.6 => Floor
data,,612.2,610.2,2.0,610.2,Time=2.0s | BaseRaw=612.2 | CurrentRaw=610.2 | Change=2.0 => Floor
data,,612.2,607.4,4.8,607.4,Time=2.1s | BaseRaw=612.2 | CurrentRaw=607.4 | Change=4.8 => Floor
data,,612.2,606.8,5.4,606.8,Time=2.2s | BaseRaw=612.2 | CurrentRaw=606.8 | Change=5.4 => Floor
data,,612.2,608.2,4.0,608.2,Time=2.3s | BaseRaw=612.2 | CurrentRaw=608.2 | Change=4.0 => Floor
data,,612.2,606.2,6.0,606.2,Time=2.4s | BaseRaw=612.2 | CurrentRaw=606.2 | Change=6.0 => Floor
data,,612.2,609.8,2.4,609.8,Time=2.5s | BaseRaw=612.2 | CurrentRaw=609.8 | Change=2.4 => Floor
data,,612.2,607.0,5.2,607.0,Time=2.6s | BaseRaw=612.2 | CurrentRaw=607.0 | Change=5.2 => Floor
data,,612.2,607.8,4.4,607.8,Time=2.7s | BaseRaw=612.2 | CurrentRaw=607.8 | Change=4.4 => Floor
data,,612.2,607.6,4.6,607.6,Time=2.8s | BaseRaw=612.2 | CurrentRaw=607.6 | Change=4.6 => Floor
data,,612.2,606.2,6.0,606.2,Time=2.9s | BaseRaw=612.2 | CurrentRaw=606.2 | Change=6.0 => Floor
data,,612.2,609.8,2.4,609.8,Time=3.0s | BaseRaw=612.2 | CurrentRaw=609.8 | Change=2.4 => Floor
data,,612.2,607.4,4.8,607.4,Time=3.1s | BaseRaw=612.2 | CurrentRaw=607.4 | Change=4.8 => Floor
data,,612.2,609.2,3.0,609.2,Time=3.2s | BaseRaw=612.2 | CurrentRaw=609.2 | Change=3.0 => Floor
data,,612.2,607.8,4.4,607.8,Time=3.3s | BaseRaw=612.2 | CurrentRaw=607.8 | Change=4.4 => Floor
data,,612.2,607.0,5.2,607.0,Time=3.4s | BaseRaw=612.2 | CurrentRaw=607.0 | Change=5.2 => Floor
data,,612.2,609.4,2.8,609.4,Time=3.5s | BaseRaw=612.2 | CurrentRaw=609.4 | Change=2.8 => Floor
data,,612.2,607.4,4.8,607.4,Time=3.6s | BaseRaw=612.2 | CurrentRaw=607.4 | Change=4.8 => Floor
data,,612.2,609.8,2.4,609.8,Time=3.7s | BaseRaw=612.2 | CurrentRaw=609.8 | Change=2.4 => Floor
data,,612.2,607.8,4.4,607.8,Time=3.8s | BaseRaw=612.2 | CurrentRaw=607.8 | Change=4.4 => Floor
data,,612.2,607.8,4.4,607.8,Time=3.9s | BaseRaw=612.2 | CurrentRaw=607.8 | Change=4.4 => Floor
data,,612.2,609.2,3.0,609.2,Time=4.0s | BaseRaw=612.2 | CurrentRaw=609.2 | Change=3.0 => Floor
data,,612.2,607.4,4.8,607.4,Time=4.1s | BaseRaw=612.2 | CurrentRaw=607.4 | Change=4.8 => Floor
data,,612.2,609.8,2.4,609.8,Time=4.2s | BaseRaw=612.2 | CurrentRaw=609.8 | Change=2.4 => Floor
data,,612.2,607.8,4.4,607.8,Time=4.3s | BaseRaw=612.2 | CurrentRaw=607.8 | Change=4.4 => Floor
data,,612.2,608.0,4.2,608.0,Time=4.4s | BaseRaw=612.2 | CurrentRaw=608.0 | Change=4.2 => Floor
data,,612.2,608.0,4.2,608.0,Time=4.5s | BaseRaw=612.2 | CurrentRaw=608.0 | Change=4.2 => Floor
data,,612.2,606.8,5.4,606.8,Time=4.6s | BaseRaw=612.2 | CurrentRaw=606.8 | Change=5.4 => Floor
data,,612.2,609.6,2.6,609.6,Time=4.7s | BaseRaw=612.2 | CurrentRaw=609.6 | Change=2.6 => Floor
data,,612.2,607.6,4.6,607.6,Time=4.8s | BaseRaw=612.2 | CurrentRaw=607.6 | Change=4.6 => Floor
data,,612.2,608.8,3.4,608.8,Time=4.9s | BaseRaw=612.2 | CurrentRaw=608.8 | Change=3.4 => Floor
data,,612.2,608.0,4.2,608.0,Time=5.0s | BaseRaw=612.2 | CurrentRaw=608.0 | Change=4.2 => Floor
data,,612.2,607.0,5.2,607.0,Time=5.1s | BaseRaw=612.2 | CurrentRaw=607.0 | Change=5.2 => Floor
data,,612.2,609.8,2.4,609.8,Time=5.2s | BaseRaw=612.2 | CurrentRaw=609.8 | Change=2.4 => Floor
data,,612.2,608.0,4.2,608.0,Time=5.3s | BaseRaw=612.2 | CurrentRaw=608.0 | Change=4.2 => Floor
data,,612.2,609.6,2.6,609.6,Time=5.4s | BaseRaw=612.2 | CurrentRaw=609.6 | Change=2.6 => Floor
data,,612.2,608.2,4.0,608.2,Time=5.5s | BaseRaw=612.2 | CurrentRaw=608.2 | Change=4.0 => Floor
data,,612.2,607.4,4.8,607.4,Time=5.6s | BaseRaw=612.2 | CurrentRaw=607.4 | Change=4.8 => Floor
data,,612.2,609.4,2.8,609.4,Time=5.7s | BaseRaw=612.2 | CurrentRaw=609.4 | Change=2.8 => Floor
data,,612.2,608.0,4.2,608.0,Time=5.8s | BaseRaw=612.2 | CurrentRaw=608.0 | Change=4.2 => Floor
data,,612.2,609.8,2.4,609.8,Time=5.9s | BaseRaw=612.2 | CurrentRaw=609.8 | Change=2.4 => Floor
data,,612.2,608.0,4.2,608.0,Time=6.0s | BaseRaw=612.2 | CurrentRaw=608.0 | Change=4.2 => Floor
data,,612.2,607.8,4.4,607.8,Time=6.1s | BaseRaw=612.2 | CurrentRaw=607.8 | Change=4.4 => Floor
data,,612.2,608.8,3.4,608.8,Time=6.2s | BaseRaw=612.2 | CurrentRaw=608.8 | Change=3.4 => Floor
data,,612.2,607.4,4.8,607.4,Time=6.3s | BaseRaw=612.2 | CurrentRaw=607.4 | Change=4.8 => Floor
data,,612.2,609.4,2.8,609.4,Time=6.4s | BaseRaw=612.2 | CurrentRaw=609.4 | Change=2.8 => Floor
data,,612.2,607.6,4.6,607.6,Time=6.5s | BaseRaw=612.2 | CurrentRaw=607.6 | Change=4.6 => Floor
data,,612.2,608.0,4.2,608.0,Time=6.6s | BaseRaw=612.2 | CurrentRaw=608.0 | Change=4.2 => Floor
data,,612.2,608.0,4.2,608.0,Time=6.7s | BaseRaw=612.2 | CurrentRaw=608.0 | Change=4.2 => Floor
data,,612.2,606.8,5.4,606.8,Time=6.8s | BaseRaw=612.2 | CurrentRaw=606.8 | Change=5.4 => Floor
data,,612.2,609.6,2.6,609.6,Time=6.9s | BaseRaw=612.2 | CurrentRaw=609.6 | Change=2.6 => Floor
data,,612.2,607.6,4.6,607.6,Time=7.0s | BaseRaw=612.2 | CurrentRaw=607.6 | Change=4.6 => Floor
data,,612.2,608.2,4.0,608.2,Time=7.1s | BaseRaw=612.2 | CurrentRaw=608.2 | Change=4.0 => Floor
data,,612.2,607.8,4.4,607.8,Time=7.2s | BaseRaw=612.2 | CurrentRaw=607.8 | Change=4.4 => Floor
data,,612.2,607.0,5.2,607.0,Time=7.3s | BaseRaw=612.2 | CurrentRaw=607.0 | Change=5.2 => Floor
data,,612.2,609.6,2.6,609.6,Time=7.4s | BaseRaw=612.2 | CurrentRaw=609.6 | Change=2.6 => Floor
data,,612.2,608.0,4.2,608.0,Time=7.5s | BaseRaw=612.2 | CurrentRaw=608.0 | Change=4.2 => Floor
data,,612.2,609.4,2.8,609.4,Time=7.6s | BaseRaw=612.2 | CurrentRaw=609.4 | Change=2.8 => Floor
data,,612.2,608.2,4.0,608.2,Time=7.7s | BaseRaw=612.2 | CurrentRaw=608.2 | Change=4.0 => Floor
data,,612.2,607.4,4.8,607.4,Time=7.8s | BaseRaw=612.2 | CurrentRaw=607.4 | Change=4.8 => Floor
data,,612.2,609.2,3.0,609.2,Time=7.9s | BaseRaw=612.2 | CurrentRaw=609.2 | Change=3.0 => Floor
data,,612.2,607.4,4.8,607.4,Time=8.0s | BaseRaw=612.2 | CurrentRaw=607.4 | Change=4.8 => Floor
data,,612.2,609.4,2.8,609.4,Time=8.1s | BaseRaw=612.2 | CurrentRaw=609.4 | Change=2.8 => Floor
data,,612.2,607.8,4.4,607.8,Time=8.2s | BaseRaw=612.2 | CurrentRaw=607.8 | Change=4.4 => Floor
data,,612.2,607.6,4.6,607.6,Time=8.3s | BaseRaw=612.2 | CurrentRaw=607.6 | Change=4.6 => Floor
data,,612.2,609.0,3.2,609.0,Time=8.4s | BaseRaw=612.2 | CurrentRaw=609.0 | Change=3.2 => Floor
data,,612.2,607.4,4.8,607.4,Time=8.5s | BaseRaw=612.2 | CurrentRaw=607.4 | Change=4.8 => Floor
data,,612.2,609.6,2.6,609.6,Time=8.6s | BaseRaw=612.2 | CurrentRaw=609.6 | Change=2.6 => Floor
data,,612.2,607.6,4.6,607.6,Time=8.7s | BaseRaw=612.2 | CurrentRaw=607.6 | Change=4.6 => Floor
data,,612.2,607.8,4.4,607.8,Time=8.8s | BaseRaw=612.2 | CurrentRaw=607.8 | Change=4.4 => Floor
data,,612.2,608.2,4.0,608.2,Time=8.9s | BaseRaw=612.2 | CurrentRaw=608.2 | Change=4.0 => Floor
data,,612.2,606.8,5.4,606.8,Time=9.0s | BaseRaw=612.2 | CurrentRaw=606.8 | Change=5.4 => Floor
data,,612.2,609.6,2.6,609.6,Time=9.1s | BaseRaw=612.2 | CurrentRaw=609.6 | Change=2.6 => Floor
data,,612.2,607.8,4.4,607.8,Time=9.2s | BaseRaw=612.2 | CurrentRaw=607.8 | Change=4.4 => Floor
data,,612.2,608.8,3.4,608.8,Time=9.3s | BaseRaw=612.2 | CurrentRaw=608.8 | Change=3.4 => Floor
data,,612.2,608.0,4.2,608.0,Time=9.4s | BaseRaw=612.2 | CurrentRaw=608.0 | Change=4.2 => Floor
data,,612.2,607.0,5.2,607.0,Time=9.5s | BaseRaw=612.2 | CurrentRaw=607.0 | Change=5.2 => Floor
data,,612.2,610.0,2.2,610.0,Time=9.6s | BaseRaw=612.2 | CurrentRaw=610.0 | Change=2.2 => Floor
data,,612.2,607.6,4.6,607.6,Time=9.7s | BaseRaw=612.2 | CurrentRaw=607.6 | Change=4.6 => Floor
data,,612.2,609.4,2.8,609.4,Time=9.8s | BaseRaw=612.2 | CurrentRaw=609.4 | Change=2.8 => Floor
data,,612.2,607.8,4.4,607.8,Time=9.9s | BaseRaw=612.2 | CurrentRaw=607.8 | Change=4.4 => Floor
data,,612.2,606.8,5.4,606.8,Time=10.0s | BaseRaw=612.2 | CurrentRaw=606.8 | Change=5.4 => Floor
data,,612.2,609.8,2.4,609.8,Time=10.1s | BaseRaw=612.2 | CurrentRaw=609.8 | Change=2.4 => Floor
data,,612.2,604.2,8.0,604.2,Time=10.2s | BaseRaw=612.2 | CurrentRaw=604.2 | Change=8.0 => Floor
data,,612.2,614.2,2.0,614.2,Time=10.3s | BaseRaw=612.2 | CurrentRaw=614.2 | Change=2.0 => Floor
data,,612.2,601.2,11.0,601.2,Time=10.4s | BaseRaw=612.2 | CurrentRaw=601.2 | Change=11.0 => Liquid
data,,612.2,602.8,9.4,602.8,Time=10.5s | BaseRaw=612.2 | CurrentRaw=602.8 | Change=9.4 => Floor
data,,612.2,603.8,8.4,603.8,Time=10.6s | BaseRaw=612.2 | CurrentRaw=603.8 | Change=8.4 => Floor
data,,612.2,603.4,8.8,603.4,Time=10.7s | BaseRaw=612.2 | CurrentRaw=603.4 | Change=8.8 => Floor
data,,612.2,605.4,6.8,605.4,Time=10.8s | BaseRaw=612.2 | CurrentRaw=605.4 | Change=6.8 => Floor
data,,612.2,605.0,7.2,605.0,Time=10.9s | BaseRaw=612.2 | CurrentRaw=605.0 | Change=7.2 => Floor
data,,612.2,617.0,4.8,617.0,Time=11.0s | BaseRaw=612.2 | CurrentRaw=617.0 | Change=4.8 => Floor
data,,612.2,601.8,10.4,601.8,Time=11.1s | BaseRaw=612.2 | CurrentRaw=601.8 | Change=10.4 => Liquid
data,,612.2,603.4,8.8,603.4,Time=11.2s | BaseRaw=612.2 | CurrentRaw=603.4 | Change=8.8 => Floor
data,,612.2,604.2,8.0,604.2,Time=11.3s | BaseRaw=612.2 | CurrentRaw=604.2 | Change=8.0 => Floor
data,,612.2,604.0,8.2,604.0,Time=11.4s | BaseRaw=612.2 | CurrentRaw=604.0 | Change=8.2 => Floor
data,,612.2,605.8,6.4,605.8,Time=11.5s | BaseRaw=612.2 | CurrentRaw=605.8 | Change=6.4 => Floor
data,,612.2,605.2,7.0,605.2,Time=11.6s | BaseRaw=612.2 | CurrentRaw=605.2 | Change=7.0 => Floor
data,,612.2,617.6,5.4,617.6,Time=11.7s | BaseRaw=612.2 | CurrentRaw=617.6 | Change=5.4 => Floor
data,,612.2,602.4,9.8,602.4,Time=11.8s | BaseRaw=612.2 | CurrentRaw=602.4 | Change=9.8 => Floor
data,,612.2,612.8,0.6,612.8,Time=11.9s | BaseRaw=612.2 | CurrentRaw=612.8 | Change=0.6 => Floor
data,,612.2,601.6,10.6,601.6,Time=12.0s | BaseRaw=612.2 | CurrentRaw=601.6 | Change=10.6 => Liquid
data,,612.2,601.6,10.6,601.6,Time=12.1s | BaseRaw=612.2 | CurrentRaw=601.6 | Change=10.6 => Liquid
data,,612.2,593.6,18.6,593.6,Time=12.2s | BaseRaw=612.2 | CurrentRaw=593.6 | Change=18.6 => Liquid
data,,612.2,608.0,4.2,608.0,Time=12.3s | BaseRaw=612.2 | CurrentRaw=608.0 | Change=4.2 => Floor
data,,612.2,597.6,14.6,597.6,Time=12.4s | BaseRaw=612.2 | CurrentRaw=597.6 | Change=14.6 => Liquid
data,,612.2,596.2,16.0,596.2,Time=12.5s | BaseRaw=612.2 | CurrentRaw=596.2 | Change=16.0 => Liquid
data,,612.2,606.8,5.4,606.8,Time=12.6s | BaseRaw=612.2 | CurrentRaw=606.8 | Change=5.4 => Floor
data,,612.2,604.0,8.2,604.0,Time=12.7s | BaseRaw=612.2 | CurrentRaw=604.0 | Change=8.2 => Floor
data,,612.2,596.4,15.8,596.4,Time=12.8s | BaseRaw=612.2 | CurrentRaw=596.4 | Change=15.8 => Liquid
data,,612.2,612.4,0.2,612.4,Time=12.9s | BaseRaw=612.2 | CurrentRaw=612.4 | Change=0.2 => Floor
data,,612.2,609.4,2.8,609.4,Time=13.0s | BaseRaw=612.2 | CurrentRaw=609.4 | Change=2.8 => Floor
data,,612.2,612.2,0.0,612.2,Time=13.1s | BaseRaw=612.2 | CurrentRaw=612.2 | Change=0.0 => Floor
data,,612.2,610.4,1.8,610.4,Time=13.2s | BaseRaw=612.2 | CurrentRaw=610.4 | Change=1.8 => Floor
data,,612.2,614.0,1.8,614.0,Time=13.3s | BaseRaw=612.2 | CurrentRaw=614.0 | Change=1.8 => Floor
data,,612.2,601.0,11.2,601.0,Time=13.4s | BaseRaw=612.2 | CurrentRaw=601.0 | Change=11.2 => Liquid
data,,612.2,601.8,10.4,601.8,Time=13.5s | BaseRaw=612.2 | CurrentRaw=601.8 | Change=10.4 => Liquid
data,,612.2,594.4,17.8,594.4,Time=13.6s | BaseRaw=612.2 | CurrentRaw=594.4 | Change=17.8 => Liquid
data,,612.2,607.6,4.6,607.6,Time=13.7s | BaseRaw=612.2 | CurrentRaw=607.6 | Change=4.6 => Floor
data,,612.2,597.2,15.0,597.2,Time=13.8s | BaseRaw=612.2 | CurrentRaw=597.2 | Change=15.0 => Liquid
data,,612.2,596.4,15.8,596.4,Time=13.9s | BaseRaw=612.2 | CurrentRaw=596.4 | Change=15.8 => Liquid
data,,612.2,606.4,5.8,606.4,Time=14.0s | BaseRaw=612.2 | CurrentRaw=606.4 | Change=5.8 => Floor
data,,612.2,604.2,8.0,604.2,Time=14.1s | BaseRaw=612.2 | CurrentRaw=604.2 | Change=8.0 => Floor
data,,612.2,597.2,15.0,597.2,Time=14.2s | BaseRaw=612.2 | CurrentRaw=597.2 | Change=15.0 => Liquid
data,,612.2,611.6,0.6,611.6,Time=14.3s | BaseRaw=612.2 | CurrentRaw=611.6 | Change=0.6 => Floor
data,,612.2,609.6,2.6,609.6,Time=14.4s | BaseRaw=612.2 | CurrentRaw=609.6 | Change=2.6 => Floor
data,,612.2,612.8,0.6,612.8,Time=14.5s | BaseRaw=612.2 | CurrentRaw=612.8 | Change=0.6 => Floor
data,,612.2,609.6,2.6,609.6,Time=14.6s | BaseRaw=612.2 | CurrentRaw=609.6 | Change=2.6 => Floor
data,,612.2,612.4,0.2,612.4,Time=14.7s | BaseRaw=612.2 | CurrentRaw=612.4 | Change=0.2 => Floor
data,,612.2,601.6,10.6,601.6,Time=14.8s | BaseRaw=612.2 | CurrentRaw=601.6 | Change=10.6 => Liquid
data,,612.2,601.4,10.8,601.4,Time=14.9s | BaseRaw=612.2 | CurrentRaw=601.4 | Change=10.8 => Liquid
data,,612.2,594.0,18.2,594.0,Time=15.0s | BaseRaw=612.2 | CurrentRaw=594.0 | Change=18.2 => Liquid
data,,612.2,608.4,3.8,608.4,Time=15.1s | BaseRaw=612.2 | CurrentRaw=608.4 | Change=3.8 => Floor
data,,612.2,598.2,14.0,598.2,Time=15.2s | BaseRaw=612.2 | CurrentRaw=598.2 | Change=14.0 => Liquid
data,,612.2,596.4,15.8,596.4,Time=15.3s | BaseRaw=612.2 | CurrentRaw=596.4 | Change=15.8 => Liquid
data,,612.2,607.2,5.0,607.2,Time=15.4s | BaseRaw=612.2 | CurrentRaw=607.2 | Change=5.0 => Floor
data,,612.2,604.2,8.0,604.2,Time=15.5s | BaseRaw=612.2 | CurrentRaw=604.2 | Change=8.0 => Floor
data,,612.2,596.6,15.6,596.6,Time=15.6s | BaseRaw=612.2 | CurrentRaw=596.6 | Change=15.6 => Liquid
data,,612.2,612.4,0.2,612.4,Time=15.7s | BaseRaw=612.2 | CurrentRaw=612.4 | Change=0.2 => Floor
data,,612.2,609.6,2.6,609.6,Time=15.8s | BaseRaw=612.2 | CurrentRaw=609.6 | Change=2.6 => Floor
data,,612.2,612.2,0.0,612.2,Time=15.9s | BaseRaw=612.2 | CurrentRaw=612.2 | Change=0.0 => Floor
data,,612.2,610.4,1.8,610.4,Time=16.0s | BaseRaw=612.2 | CurrentRaw=610.4 | Change=1.8 => Floor
data,,612.2,613.6,1.4,613.6,Time=16.1s | BaseRaw=612.2 | CurrentRaw=613.6 | Change=1.4 => Floor
data,,612.2,600.6,11.6,600.6,Time=16.2s | BaseRaw=612.2 | CurrentRaw=600.6 | Change=11.6 => Liquid
data,,612.2,601.2,11.0,601.2,Time=16.3s | BaseRaw=612.2 | CurrentRaw=601.2 | Change=11.0 => Liquid
data,,612.2,594.0,18.2,594.0,Time=16.4s | BaseRaw=612.2 | CurrentRaw=594.0 | Change=18.2 => Liquid
data,,612.2,607.4,4.8,607.4,Time=16.5s | BaseRaw=612.2 | CurrentRaw=607.4 | Change=4.8 => Floor
data,,612.2,597.2,15.0,597.2,Time=16.6s | BaseRaw=612.2 | CurrentRaw=597.2 | Change=15.0 => Liquid
data,,612.2,596.8,15.4,596.8,Time=16.7s | BaseRaw=612.2 | CurrentRaw=596.8 | Change=15.4 => Liquid
data,,612.2,607.2,5.0,607.2,Time=16.8s | BaseRaw=612.2 | CurrentRaw=607.2 | Change=5.0 => Floor
data,,612.2,604.6,7.6,604.6,Time=16.9s | BaseRaw=612.2 | CurrentRaw=604.6 | Change=7.6 => Floor
data,,612.2,598.0,14.2,598.0,Time=17.0s | BaseRaw=612.2 | CurrentRaw=598.0 | Change=14.2 => Liquid
data,,612.2,612.8,0.6,612.8,Time=17.1s | BaseRaw=612.2 | CurrentRaw=612.8 | Change=0.6 => Floor
data,,612.2,610.6,1.6,610.6,Time=17.2s | BaseRaw=612.2 | CurrentRaw=610.6 | Change=1.6 => Floor
data,,612.2,614.0,1.8,614.0,Time=17.3s | BaseRaw=612.2 | CurrentRaw=614.0 | Change=1.8 => Floor
data,,612.2,610.6,1.6,610.6,Time=17.4s | BaseRaw=612.2 | CurrentRaw=610.6 | Change=1.6 => Floor
data,,612.2,613.4,1.2,613.4,Time=17.5s | BaseRaw=612.2 | CurrentRaw=613.4 | Change=1.2 => Floor
data,,612.2,601.6,10.6,601.6,Time=17.6s | BaseRaw=612.2 | CurrentRaw=601.6 | Change=10.6 => Liquid
data,,612.2,601.8,10.4,601.8,Time=17.7s | BaseRaw=612.2 | CurrentRaw=601.8 | Change=10.4 => Liquid
data,,612.2,594.4,17.8,594.4,Time=17.8s | BaseRaw=612.2 | CurrentRaw=594.4 | Change=17.8 => Liquid
data,,612.2,609.6,2.6,609.6,Time=17.9s | BaseRaw=612.2 | CurrentRaw=609.6 | Change=2.6 => Floor
data,,612.2,598.8,13.4,598.8,Time=18.0s | BaseRaw=612.2 | CurrentRaw=598.8 | Change=13.4 => Liquid
data,,612.2,598.4,13.8,598.4,Time=18.1s | BaseRaw=612.2 | CurrentRaw=598.4 | Change=13.8 => Liquid
data,,612.2,609.2,3.0,609.2,Time=18.2s | BaseRaw=612.2 | CurrentRaw=609.2 | Change=3.0 => Floor
data,,612.2,605.0,7.2,605.0,Time=18.3s | BaseRaw=612.2 | CurrentRaw=605.0 | Change=7.2 => Floor
data,,612.2,597.8,14.4,597.8,Time=18.4s | BaseRaw=612.2 | CurrentRaw=597.8 | Change=14.4 => Liquid
data,,612.2,613.8,1.6,613.8,Time=18.5s | BaseRaw=612.2 | CurrentRaw=613.8 | Change=1.6 => Floor
data,,612.2,610.2,2.0,610.2,Time=18.6s | BaseRaw=612.2 | CurrentRaw=610.2 | Change=2.0 => Floor
data,,612.2,612.8,0.6,612.8,Time=18.7s | BaseRaw=612.2 | CurrentRaw=612.8 | Change=0.6 => Floor
data,,612.2,611.4,0.8,611.4,Time=18.8s | BaseRaw=612.2 | CurrentRaw=611.4 | Change=0.8 => Floor
data,,612.2,614.4,2.2,614.4,Time=18.9s | BaseRaw=612.2 | CurrentRaw=614.4 | Change=2.2 => Floor
data,,612.2,600.8,11.4,600.8,Time=19.0s | BaseRaw=612.2 | CurrentRaw=600.8 | Change=11.4 => Liquid
data,,612.2,601.8,10.4,601.8,Time=19.1s | BaseRaw=612.2 | CurrentRaw=601.8 | Change=10.4 => Liquid
data,,612.2,594.6,17.6,594.6,Time=19.2s | BaseRaw=612.2 | CurrentRaw=594.6 | Change=17.6 => Liquid
data,,612.2,608.4,3.8,608.4,Time=19.3s | BaseRaw=612.2 | CurrentRaw=608.4 | Change=3.8 => Floor
data,,612.2,597.6,14.6,597.6,Time=19.4s | BaseRaw=612.2 | CurrentRaw=597.6 | Change=14.6 => Liquid
data,,612.2,597.8,14.4,597.8,Time=19.5s | BaseRaw=612.2 | CurrentRaw=597.8 | Change=14.4 => Liquid
data,,612.2,608.6,3.6,608.6,Time=19.6s | BaseRaw=612.2 | CurrentRaw=608.6 | Change=3.6 => Floor
data,,612.2,605.4,6.8,605.4,Time=19.7s | BaseRaw=612.2 | CurrentRaw=605.4 | Change=6.8 => Floor
data,,612.2,599.0,13.2,599.0,Time=19.8s | BaseRaw=612.2 | CurrentRaw=599.0 | Change=13.2 => Liquid
data,,612.2,614.2,2.0,614.2,Time=19.9s | BaseRaw=612.2 | CurrentRaw=614.2 | Change=2.0 => Floor
data,,612.2,612.4,0.2,612.4,Time=20.0s | BaseRaw=612.2 | CurrentRaw=612.4 | Change=0.2 => Floor
data,,612.2,615.6,3.4,615.6,Time=20.1s | BaseRaw=612.2 | CurrentRaw=615.6 | Change=3.4 => Floor
data,,612.2,613.0,0.8,613.0,Time=20.2s | BaseRaw=612.2 | CurrentRaw=613.0 | Change=0.8 => Floor
data,,612.2,615.8,3.6,615.8,Time=20.3s | BaseRaw=612.2 | CurrentRaw=615.8 | Change=3.6 => Floor
data,,612.2,604.0,8.2,604.0,Time=20.4s | BaseRaw=612.2 | CurrentRaw=604.0 | Change=8.2 => Floor
data,,612.2,611.4,0.8,611.4,Time=20.5s | BaseRaw=612.2 | CurrentRaw=611.4 | Change=0.8 => Floor
data,,612.2,603.4,8.8,603.4,Time=20.6s | BaseRaw=612.2 | CurrentRaw=603.4 | Change=8.8 => Floor
data,,612.2,608.0,4.2,608.0,Time=20.7s | BaseRaw=612.2 | CurrentRaw=608.0 | Change=4.2 => Floor
data,,612.2,608.4,3.8,608.4,Time=20.8s | BaseRaw=612.2 | CurrentRaw=608.4 | Change=3.8 => Floor
data,,612.2,607.4,4.8,607.4,Time=20.9s | BaseRaw=612.2 | CurrentRaw=607.4 | Change=4.8 => Floor
data,,612.2,613.8,1.6,613.8,Time=21.0s | BaseRaw=612.2 | CurrentRaw=613.8 | Change=1.6 => Floor
data,,612.2,608.8,3.4,608.8,Time=21.1s | BaseRaw=612.2 | CurrentRaw=608.8 | Change=3.4 => Floor
data,,612.2,619.8,7.6,619.8,Time=21.2s | BaseRaw=612.2 | CurrentRaw=619.8 | Change=7.6 => Floor
data,,612.2,608.2,4.0,608.2,Time=21.3s | BaseRaw=612.2 | CurrentRaw=608.2 | Change=4.0 => Floor
data,,612.2,620.2,8.0,620.2,Time=21.4s | BaseRaw=612.2 | CurrentRaw=620.2 | Change=8.0 => Floor
data,,612.2,606.8,5.4,606.8,Time=21.5s | BaseRaw=612.2 | CurrentRaw=606.8 | Change=5.4 => Floor
data,,612.2,617.8,5.6,617.8,Time=21.6s | BaseRaw=612.2 | CurrentRaw=617.8 | Change=5.6 => Floor
data,,612.2,603.4,8.8,603.4,Time=21.7s | BaseRaw=612.2 | CurrentRaw=603.4 | Change=8.8 => Floor
data,,612.2,612.6,0.4,612.6,Time=21.8s | BaseRaw=612.2 | CurrentRaw=612.6 | Change=0.4 => Floor
data,,612.2,604.0,8.2,604.0,Time=21.9s | BaseRaw=612.2 | CurrentRaw=604.0 | Change=8.2 => Floor
data,,612.2,609.2,3.0,609.2,Time=22.0s | BaseRaw=612.2 | CurrentRaw=609.2 | Change=3.0 => Floor
data,,612.2,606.2,6.0,606.2,Time=22.1s | BaseRaw=612.2 | CurrentRaw=606.2 | Change=6.0 => Floor
data,,612.2,608.0,4.2,608.0,Time=22.2s | BaseRaw=612.2 | CurrentRaw=608.0 | Change=4.2 => Floor
data,,612.2,613.0,0.8,613.0,Time=22.3s | BaseRaw=612.2 | CurrentRaw=613.0 | Change=0.8 => Floor
data,,612.2,608.4,3.8,608.4,Time=22.4s | BaseRaw=612.2 | CurrentRaw=608.4 | Change=3.8 => Floor
data,,612.2,617.6,5.4,617.6,Time=22.5s | BaseRaw=612.2 | CurrentRaw=617.6 | Change=5.4 => Floor
data,,612.2,609.0,3.2,609.0,Time=22.6s | BaseRaw=612.2 | CurrentRaw=609.0 | Change=3.2 => Floor
data,,612.2,621.0,8.8,621.0,Time=22.7s | BaseRaw=612.2 | CurrentRaw=621.0 | Change=8.8 => Floor
data,,612.2,607.0,5.2,607.0,Time=22.8s | BaseRaw=612.2 | CurrentRaw=607.0 | Change=5.2 => Floor
data,,612.2,618.4,6.2,618.4,Time=22.9s | BaseRaw=612.2 | CurrentRaw=618.4 | Change=6.2 => Floor
data,,612.2,605.0,7.2,605.0,Time=23.0s | BaseRaw=612.2 | CurrentRaw=605.0 | Change=7.2 => Floor
data,,612.2,614.2,2.0,614.2,Time=23.1s | BaseRaw=612.2 | CurrentRaw=614.2 | Change=2.0 => Floor
data,,612.2,602.6,9.6,602.6,Time=23.2s | BaseRaw=612.2 | CurrentRaw=602.6 | Change=9.6 => Floor
data,,612.2,609.2,3.0,609.2,Time=23.3s | BaseRaw=612.2 | CurrentRaw=609.2 | Change=3.0 => Floor
data,,612.2,605.6,6.6,605.6,Time=23.4s | BaseRaw=612.2 | CurrentRaw=605.6 | Change=6.6 => Floor
data,,612.2,607.4,4.8,607.4,Time=23.5s | BaseRaw=612.2 | CurrentRaw=607.4 | Change=4.8 => Floor
data,,612.2,610.0,2.2,610.0,Time=23.6s | BaseRaw=612.2 | CurrentRaw=610.0 | Change=2.2 => Floor
data,,612.2,608.0,4.2,608.0,Time=23.7s | BaseRaw=612.2 | CurrentRaw=608.0 | Change=4.2 => Floor
data,,612.2,617.2,5.0,617.2,Time=23.8s | BaseRaw=612.2 | CurrentRaw=617.2 | Change=5.0 => Floor
data,,612.2,608.4,3.8,608.4,Time=23.9s | BaseRaw=612.2 | CurrentRaw=608.4 | Change=3.8 => Floor
data,,612.2,619.8,7.6,619.8,Time=24.0s | BaseRaw=612.2 | CurrentRaw=619.8 | Change=7.6 => Floor
data,,612.2,607.8,4.4,607.8,Time=24.1s | BaseRaw=612.2 | CurrentRaw=607.8 | Change=4.4 => Floor
data,,612.2,619.4,7.2,619.4,Time=24.2s | BaseRaw=612.2 | CurrentRaw=619.4 | Change=7.2 => Floor
data,,612.2,604.4,7.8,604.4,Time=24.3s | BaseRaw=612.2 | CurrentRaw=604.4 | Change=7.8 => Floor
data,,612.2,614.4,2.2,614.4,Time=24.4s | BaseRaw=612.2 | CurrentRaw=614.4 | Change=2.2 => Floor
data,,612.2,603.4,8.8,603.4,Time=24.5s | BaseRaw=612.2 | CurrentRaw=603.4 | Change=8.8 => Floor
data,,612.2,610.4,1.8,610.4,Time=24.6s | BaseRaw=612.2 | CurrentRaw=610.4 | Change=1.8 => Floor
data,,612.2,604.0,8.2,604.0,Time=24.7s | BaseRaw=612.2 | CurrentRaw=604.0 | Change=8.2 => Floor
data,,612.2,607.8,4.4,607.8,Time=24.8s | BaseRaw=612.2 | CurrentRaw=607.8 | Change=4.4 => Floor
data,,612.2,609.6,2.6,609.6,Time=24.9s | BaseRaw=612.2 | CurrentRaw=609.6 | Change=2.6 => Floor
data,,612.2,607.6,4.6,607.6,Time=25.0s | BaseRaw=612.2 | CurrentRaw=607.6 | Change=4.6 => Floor
data,,612.2,615.0,2.8,615.0,Time=25.1s | BaseRaw=612.2 | CurrentRaw=615.0 | Change=2.8 => Floor
data,,612.2,608.8,3.4,608.8,Time=25.2s | BaseRaw=612.2 | CurrentRaw=608.8 | Change=3.4 => Floor
data,,612.2,620.2,8.0,620.2,Time=25.3s | BaseRaw=612.2 | CurrentRaw=620.2 | Change=8.0 => Floor
data,,612.2,607.8,4.4,607.8,Time=25.4s | BaseRaw=612.2 | CurrentRaw=607.8 | Change=4.4 => Floor
data,,612.2,619.8,7.6,619.8,Time=25.5s | BaseRaw=612.2 | CurrentRaw=619.8 | Change=7.6 => Floor
data,,612.2,606.0,6.2,606.0,Time=25.6s | BaseRaw=612.2 | CurrentRaw=606.0 | Change=6.2 => Floor
data,,612.2,616.8,4.6,616.8,Time=25.7s | BaseRaw=612.2 | CurrentRaw=616.8 | Change=4.6 => Floor
data,,612.2,602.8,9.4,602.8,Time=25.8s | BaseRaw=612.2 | CurrentRaw=602.8 | Change=9.4 => Floor
data,,612.2,611.8,0.4,611.8,Time=25.9s | BaseRaw=612.2 | CurrentRaw=611.8 | Change=0.4 => Floor
data,,612.2,603.8,8.4,603.8,Time=26.0s | BaseRaw=612.2 | CurrentRaw=603.8 | Change=8.4 => Floor
data,,612.2,608.8,3.4,608.8,Time=26.1s | BaseRaw=612.2 | CurrentRaw=608.8 | Change=3.4 => Floor
data,,612.2,606.4,5.8,606.4,Time=26.2s | BaseRaw=612.2 | CurrentRaw=606.4 | Change=5.8 => Floor
data,,612.2,607.8,4.4,607.8,Time=26.3s | BaseRaw=612.2 | CurrentRaw=607.8 | Change=4.4 => Floor
data,,612.2,613.0,0.8,613.0,Time=26.4s | BaseRaw=612.2 | CurrentRaw=613.0 | Change=0.8 => Floor
data,,612.2,608.2,4.0,608.2,Time=26.5s | BaseRaw=612.2 | CurrentRaw=608.2 | Change=4.0 => Floor
data,,612.2,617.6,5.4,617.6,Time=26.6s | BaseRaw=612.2 | CurrentRaw=617.6 | Change=5.4 => Floor
data,,612.2,608.8,3.4,608.8,Time=26.7s | BaseRaw=612.2 | CurrentRaw=608.8 | Change=3.4 => Floor
data,,612.2,621.2,9.0,621.2,Time=26.8s | BaseRaw=612.2 | CurrentRaw=621.2 | Change=9.0 => Floor
data,,612.2,607.0,5.2,607.0,Time=26.9s | BaseRaw=612.2 | CurrentRaw=607.0 | Change=5.2 => Floor
data,,612.2,618.8,6.6,618.8,Time=27.0s | BaseRaw=612.2 | CurrentRaw=618.8 | Change=6.6 => Floor
data,,612.2,605.2,7.0,605.2,Time=27.1s | BaseRaw=612.2 | CurrentRaw=605.2 | Change=7.0 => Floor
data,,612.2,614.8,2.6,614.8,Time=27.2s | BaseRaw=612.2 | CurrentRaw=614.8 | Change=2.6 => Floor
data,,612.2,602.4,9.8,602.4,Time=27.3s | BaseRaw=612.2 | CurrentRaw=602.4 | Change=9.8 => Floor
data,,612.2,609.6,2.6,609.6,Time=27.4s | BaseRaw=612.2 | CurrentRaw=609.6 | Change=2.6 => Floor
data,,612.2,604.2,8.0,604.2,Time=27.5s | BaseRaw=612.2 | CurrentRaw=604.2 | Change=8.0 => Floor
data,,612.2,606.4,5.8,606.4,Time=27.6s | BaseRaw=612.2 | CurrentRaw=606.4 | Change=5.8 => Floor
data,,612.2,607.4,4.8,607.4,Time=27.7s | BaseRaw=612.2 | CurrentRaw=607.4 | Change=4.8 => Floor
data,,612.2,605.8,6.4,605.8,Time=27.8s | BaseRaw=612.2 | CurrentRaw=605.8 | Change=6.4 => Floor
data,,612.2,613.6,1.4,613.6,Time=27.9s | BaseRaw=612.2 | CurrentRaw=613.6 | Change=1.4 => Floor
data,,612.2,605.8,6.4,605.8,Time=28.0s | BaseRaw=612.2 | CurrentRaw=605.8 | Change=6.4 => Floor
data,,612.2,617.0,4.8,617.0,Time=28.1s | BaseRaw=612.2 | CurrentRaw=617.0 | Change=4.8 => Floor
data,,612.2,605.6,6.6,605.6,Time=28.2s | BaseRaw=612.2 | CurrentRaw=605.6 | Change=6.6 => Floor
data,,612.2,618.2,6.0,618.2,Time=28.3s | BaseRaw=612.2 | CurrentRaw=618.2 | Change=6.0 => Floor
data,,612.2,603.0,9.2,603.0,Time=28.4s | BaseRaw=612.2 | CurrentRaw=603.0 | Change=9.2 => Floor
data,,612.2,614.2,2.0,614.2,Time=28.5s | BaseRaw=612.2 | CurrentRaw=614.2 | Change=2.0 => Floor
data,,612.2,601.4,10.8,601.4,Time=28.6s | BaseRaw=612.2 | CurrentRaw=601.4 | Change=10.8 => Liquid
data,,612.2,601.8,10.4,601.8,Time=28.7s | BaseRaw=612.2 | CurrentRaw=601.8 | Change=10.4 => Liquid
data,,612.2,594.0,18.2,594.0,Time=28.8s | BaseRaw=612.2 | CurrentRaw=594.0 | Change=18.2 => Liquid
data,,612.2,609.6,2.6,609.6,Time=28.9s | BaseRaw=612.2 | CurrentRaw=609.6 | Change=2.6 => Floor
data,,612.2,597.8,14.4,597.8,Time=29.0s | BaseRaw=612.2 | CurrentRaw=597.8 | Change=14.4 => Liquid
data,,612.2,598.4,13.8,598.4,Time=29.1s | BaseRaw=612.2 | CurrentRaw=598.4 | Change=13.8 => Liquid
data,,612.2,609.8,2.4,609.8,Time=29.2s | BaseRaw=612.2 | CurrentRaw=609.8 | Change=2.4 => Floor
data,,612.2,605.2,7.0,605.2,Time=29.3s | BaseRaw=612.2 | CurrentRaw=605.2 | Change=7.0 => Floor
data,,612.2,598.6,13.6,598.6,Time=29.4s | BaseRaw=612.2 | CurrentRaw=598.6 | Change=13.6 => Liquid
data,,612.2,615.2,3.0,615.2,Time=29.5s | BaseRaw=612.2 | CurrentRaw=615.2 | Change=3.0 => Floor
data,,612.2,611.8,0.4,611.8,Time=29.6s | BaseRaw=612.2 | CurrentRaw=611.8 | Change=0.4 => Floor
data,,612.2,614.2,2.0,614.2,Time=29.7s | BaseRaw=612.2 | CurrentRaw=614.2 | Change=2.0 => Floor
data,,612.2,613.0,0.8,613.0,Time=29.8s | BaseRaw=612.2 | CurrentRaw=613.0 | Change=0.8 => Floor
data,,612.2,615.8,3.6,615.8,Time=29.9s | BaseRaw=612.2 | CurrentRaw=615.8 | Change=3.6 => Floor
data,,612.2,602.0,10.2,602.0,Time=30.0s | BaseRaw=612.2 | CurrentRaw=602.0 | Change=10.2 => Liquid
data,,612.2,603.0,9.2,603.0,Time=30.1s | BaseRaw=612.2 | CurrentRaw=603.0 | Change=9.2 => Floor
data,,612.2,605.0,7.2,605.0,Time=30.2s | BaseRaw=612.2 | CurrentRaw=605.0 | Change=7.2 => Floor
data,,612.2,604.0,8.2,604.0,Time=30.3s | BaseRaw=612.2 | CurrentRaw=604.0 | Change=8.2 => Floor
data,,612.2,606.4,5.8,606.4,Time=30.4s | BaseRaw=612.2 | CurrentRaw=606.4 | Change=5.8 => Floor
data,,612.2,605.4,6.8,605.4,Time=30.5s | BaseRaw=612.2 | CurrentRaw=605.4 | Change=6.8 => Floor
data,,612.2,616.0,3.8,616.0,Time=30.6s | BaseRaw=612.2 | CurrentRaw=616.0 | Change=3.8 => Floor
data,,612.2,602.8,9.4,602.8,Time=30.7s | BaseRaw=612.2 | CurrentRaw=602.8 | Change=9.4 => Floor
data,,612.2,610.8,1.4,610.8,Time=30.8s | BaseRaw=612.2 | CurrentRaw=610.8 | Change=1.4 => Floor
data,,612.2,604.2,8.0,604.2,Time=30.9s | BaseRaw=612.2 | CurrentRaw=604.2 | Change=8.0 => Floor
data,,612.2,608.0,4.2,608.0,Time=31.0s | BaseRaw=612.2 | CurrentRaw=608.0 | Change=4.2 => Floor
data,,612.2,608.0,4.2,608.0,Time=31.1s | BaseRaw=612.2 | CurrentRaw=608.0 | Change=4.2 => Floor
data,,612.2,607.6,4.6,607.6,Time=31.2s | BaseRaw=612.2 | CurrentRaw=607.6 | Change=4.6 => Floor
data,,612.2,615.0,2.8,615.0,Time=31.3s | BaseRaw=612.2 | CurrentRaw=615.0 | Change=2.8 => Floor
data,,612.2,609.4,2.8,609.4,Time=31.4s | BaseRaw=612.2 | CurrentRaw=609.4 | Change=2.8 => Floor
data,,612.2,619.6,7.4,619.6,Time=31.5s | BaseRaw=612.2 | CurrentRaw=619.6 | Change=7.4 => Floor
data,,612.2,608.4,3.8,608.4,Time=31.6s | BaseRaw=612.2 | CurrentRaw=608.4 | Change=3.8 => Floor
data,,612.2,620.2,8.0,620.2,Time=31.7s | BaseRaw=612.2 | CurrentRaw=620.2 | Change=8.0 => Floor
data,,612.2,604.8,7.4,604.8,Time=31.8s | BaseRaw=612.2 | CurrentRaw=604.8 | Change=7.4 => Floor
data,,612.2,613.6,1.4,613.6,Time=31.9s | BaseRaw=612.2 | CurrentRaw=613.6 | Change=1.4 => Floor
data,,612.2,602.0,10.2,602.0,Time=32.0s | BaseRaw=612.2 | CurrentRaw=602.0 | Change=10.2 => Liquid
data,,612.2,602.0,10.2,602.0,Time=32.1s | BaseRaw=612.2 | CurrentRaw=602.0 | Change=10.2 => Liquid
data,,612.2,593.4,18.8,593.4,Time=32.2s | BaseRaw=612.2 | CurrentRaw=593.4 | Change=18.8 => Liquid
data,,612.2,608.0,4.2,608.0,Time=32.3s | BaseRaw=612.2 | CurrentRaw=608.0 | Change=4.2 => Floor
data,,612.2,597.6,14.6,597.6,Time=32.4s | BaseRaw=612.2 | CurrentRaw=597.6 | Change=14.6 => Liquid
data,,612.2,596.0,16.2,596.0,Time=32.5s | BaseRaw=612.2 | CurrentRaw=596.0 | Change=16.2 => Liquid
data,,612.2,605.6,6.6,605.6,Time=32.6s | BaseRaw=612.2 | CurrentRaw=605.6 | Change=6.6 => Floor
data,,612.2,604.4,7.8,604.4,Time=32.7s | BaseRaw=612.2 | CurrentRaw=604.4 | Change=7.8 => Floor
data,,612.2,596.2,16.0,596.2,Time=32.8s | BaseRaw=612.2 | CurrentRaw=596.2 | Change=16.0 => Liquid
data,,612.2,611.2,1.0,611.2,Time=32.9s | BaseRaw=612.2 | CurrentRaw=611.2 | Change=1.0 => Floor
data,,612.2,609.2,3.0,609.2,Time=33.0s | BaseRaw=612.2 | CurrentRaw=609.2 | Change=3.0 => Floor
data,,612.2,611.0,1.2,611.0,Time=33.1s | BaseRaw=612.2 | CurrentRaw=611.0 | Change=1.2 => Floor
data,,612.2,609.6,2.6,609.6,Time=33.2s | BaseRaw=612.2 | CurrentRaw=609.6 | Change=2.6 => Floor
data,,612.2,611.4,0.8,611.4,Time=33.3s | BaseRaw=612.2 | CurrentRaw=611.4 | Change=0.8 => Floor
data,,612.2,602.4,9.8,602.4,Time=33.4s | BaseRaw=612.2 | CurrentRaw=602.4 | Change=9.8 => Floor
data,,612.2,607.2,5.0,607.2,Time=33.5s | BaseRaw=612.2 | CurrentRaw=607.2 | Change=5.0 => Floor
data,,612.2,607.8,4.4,607.8,Time=33.6s | BaseRaw=612.2 | CurrentRaw=607.8 | Change=4.4 => Floor
data,,612.2,606.8,5.4,606.8,Time=33.7s | BaseRaw=612.2 | CurrentRaw=606.8 | Change=5.4 => Floor
data,,612.2,613.6,1.4,613.6,Time=33.8s | BaseRaw=612.2 | CurrentRaw=613.6 | Change=1.4 => Floor
data,,612.2,608.0,4.2,608.0,Time=33.9s | BaseRaw=612.2 | CurrentRaw=608.0 | Change=4.2 => Floor
data,,612.2,619.0,6.8,619.0,Time=34.0s | BaseRaw=612.2 | CurrentRaw=619.0 | Change=6.8 => Floor
data,,612.2,606.4,5.8,606.4,Time=34.1s | BaseRaw=612.2 | CurrentRaw=606.4 | Change=5.8 => Floor
data,,612.2,617.4,5.2,617.4,Time=34.2s | BaseRaw=612.2 | CurrentRaw=617.4 | Change=5.2 => Floor
data,,612.2,604.2,8.0,604.2,Time=34.3s | BaseRaw=612.2 | CurrentRaw=604.2 | Change=8.0 => Floor
data,,612.2,613.6,1.4,613.6,Time=34.4s | BaseRaw=612.2 | CurrentRaw=613.6 | Change=1.4 => Floor
data,,612.2,602.0,10.2,602.0,Time=34.5s | BaseRaw=612.2 | CurrentRaw=602.0 | Change=10.2 => Liquid
data,,612.2,602.6,9.6,602.6,Time=34.6s | BaseRaw=612.2 | CurrentRaw=602.6 | Change=9.6 => Floor
data,,612.2,604.4,7.8,604.4,Time=34.7s | BaseRaw=612.2 | CurrentRaw=604.4 | Change=7.8 => Floor
data,,612.2,602.8,9.4,602.8,Time=34.8s | BaseRaw=612.2 | CurrentRaw=602.8 | Change=9.4 => Floor
data,,612.2,604.2,8.0,604.2,Time=34.9s | BaseRaw=612.2 | CurrentRaw=604.2 | Change=8.0 => Floor
data,,612.2,603.4,8.8,603.4,Time=35.0s | BaseRaw=612.2 | CurrentRaw=603.4 | Change=8.8 => Floor
data,,612.2,611.0,1.2,611.0,Time=35.1s | BaseRaw=612.2 | CurrentRaw=611.0 | Change=1.2 => Floor
data,,612.2,603.2,9.0,603.2,Time=35.2s | BaseRaw=612.2 | CurrentRaw=603.2 | Change=9.0 => Floor
data,,612.2,607.4,4.8,607.4,Time=35.3s | BaseRaw=612.2 | CurrentRaw=607.4 | Change=4.8 => Floor
data,,612.2,609.0,3.2,609.0,Time=35.4s | BaseRaw=612.2 | CurrentRaw=609.0 | Change=3.2 => Floor
data,,612.2,607.0,5.2,607.0,Time=35.5s | BaseRaw=612.2 | CurrentRaw=607.0 | Change=5.2 => Floor
data,,612.2,614.6,2.4,614.6,Time=35.6s | BaseRaw=612.2 | CurrentRaw=614.6 | Change=2.4 => Floor
data,,612.2,608.0,4.2,608.0,Time=35.7s | BaseRaw=612.2 | CurrentRaw=608.0 | Change=4.2 => Floor
data,,612.2,619.2,7.0,619.2,Time=35.8s | BaseRaw=612.2 | CurrentRaw=619.2 | Change=7.0 => Floor
data,,612.2,606.2,6.0,606.2,Time=35.9s | BaseRaw=612.2 | CurrentRaw=606.2 | Change=6.0 => Floor
data,,612.2,616.6,4.4,616.6,Time=36.0s | BaseRaw=612.2 | CurrentRaw=616.6 | Change=4.4 => Floor
data,,612.2,604.0,8.2,604.0,Time=36.1s | BaseRaw=612.2 | CurrentRaw=604.0 | Change=8.2 => Floor
data,,612.2,611.8,0.4,611.8,Time=36.2s | BaseRaw=612.2 | CurrentRaw=611.8 | Change=0.4 => Floor
data,,612.2,602.2,10.0,602.2,Time=36.3s | BaseRaw=612.2 | CurrentRaw=602.2 | Change=10.0 => Liquid
data,,612.2,602.4,9.8,602.4,Time=36.4s | BaseRaw=612.2 | CurrentRaw=602.4 | Change=9.8 => Floor
data,,612.2,604.2,8.0,604.2,Time=36.5s | BaseRaw=612.2 | CurrentRaw=604.2 | Change=8.0 => Floor
data,,612.2,602.4,9.8,602.4,Time=36.6s | BaseRaw=612.2 | CurrentRaw=602.4 | Change=9.8 => Floor
data,,612.2,603.6,8.6,603.6,Time=36.7s | BaseRaw=612.2 | CurrentRaw=603.6 | Change=8.6 => Floor
data,,612.2,602.8,9.4,602.8,Time=36.8s | BaseRaw=612.2 | CurrentRaw=602.8 | Change=9.4 => Floor
data,,612.2,609.0,3.2,609.0,Time=36.9s | BaseRaw=612.2 | CurrentRaw=609.0 | Change=3.2 => Floor
data,,612.2,604.6,7.6,604.6,Time=37.0s | BaseRaw=612.2 | CurrentRaw=604.6 | Change=7.6 => Floor
data,,612.2,606.8,5.4,606.8,Time=37.1s | BaseRaw=612.2 | CurrentRaw=606.8 | Change=5.4 => Floor
data,,612.2,611.8,0.4,611.8,Time=37.2s | BaseRaw=612.2 | CurrentRaw=611.8 | Change=0.4 => Floor
data,,612.2,607.6,4.6,607.6,Time=37.3s | BaseRaw=612.2 | CurrentRaw=607.6 | Change=4.6 => Floor
data,,612.2,616.8,4.6,616.8,Time=37.4s | BaseRaw=612.2 | CurrentRaw=616.8 | Change=4.6 => Floor
data,,612.2,607.6,4.6,607.6,Time=37.5s | BaseRaw=612.2 | CurrentRaw=607.6 | Change=4.6 => Floor
data,,612.2,618.8,6.6,618.8,Time=37.6s | BaseRaw=612.2 | CurrentRaw=618.8 | Change=6.6 => Floor
data,,612.2,604.8,7.4,604.8,Time=37.7s | BaseRaw=612.2 | CurrentRaw=604.8 | Change=7.4 => Floor
data,,612.2,614.4,2.2,614.4,Time=37.8s | BaseRaw=612.2 | CurrentRaw=614.4 | Change=2.2 => Floor
data,,612.2,603.0,9.2,603.0,Time=37.9s | BaseRaw=612.2 | CurrentRaw=603.0 | Change=9.2 => Floor
data,,612.2,610.0,2.2,610.0,Time=38.0s | BaseRaw=612.2 | CurrentRaw=610.0 | Change=2.2 => Floor
data,,612.2,603.8,8.4,603.8,Time=38.1s | BaseRaw=612.2 | CurrentRaw=603.8 | Change=8.4 => Floor
data,,612.2,607.0,5.2,607.0,Time=38.2s | BaseRaw=612.2 | CurrentRaw=607.0 | Change=5.2 => Floor
data,,612.2,610.0,2.2,610.0,Time=38.3s | BaseRaw=612.2 | CurrentRaw=610.0 | Change=2.2 => Floor
data,,612.2,607.0,5.2,607.0,Time=38.4s | BaseRaw=612.2 | CurrentRaw=607.0 | Change=5.2 => Floor
data,,612.2,615.4,3.2,615.4,Time=38.5s | BaseRaw=612.2 | CurrentRaw=615.4 | Change=3.2 => Floor
data,,612.2,607.4,4.8,607.4,Time=38.6s | BaseRaw=612.2 | CurrentRaw=607.4 | Change=4.8 => Floor
data,,612.2,618.8,6.6,618.8,Time=38.7s | BaseRaw=612.2 | CurrentRaw=618.8 | Change=6.6 => Floor
data,,612.2,605.6,6.6,605.6,Time=38.8s | BaseRaw=612.2 | CurrentRaw=605.6 | Change=6.6 => Floor
data,,612.2,615.6,3.4,615.6,Time=38.9s | BaseRaw=612.2 | CurrentRaw=615.6 | Change=3.4 => Floor
data,,612.2,603.8,8.4,603.8,Time=39.0s | BaseRaw=612.2 | CurrentRaw=603.8 | Change=8.4 => Floor
data,,612.2,611.2,1.0,611.2,Time=39.1s | BaseRaw=612.2 | CurrentRaw=611.2 | Change=1.0 => Floor
data,,612.2,603.4,8.8,603.4,Time=39.2s | BaseRaw=612.2 | CurrentRaw=603.4 | Change=8.8 => Floor
data,,612.2,607.2,5.0,607.2,Time=39.3s | BaseRaw=612.2 | CurrentRaw=607.2 | Change=5.0 => Floor
data,,612.2,609.4,2.8,609.4,Time=39.4s | BaseRaw=612.2 | CurrentRaw=609.4 | Change=2.8 => Floor
data,,612.2,607.2,5.0,607.2,Time=39.5s | BaseRaw=612.2 | CurrentRaw=607.2 | Change=5.0 => Floor
data,,612.2,615.0,2.8,615.0,Time=39.6s | BaseRaw=612.2 | CurrentRaw=615.0 | Change=2.8 => Floor
data,,612.2,608.2,4.0,608.2,Time=39.7s | BaseRaw=612.2 | CurrentRaw=608.2 | Change=4.0 => Floor
data,,612.2,619.6,7.4,619.6,Time=39.8s | BaseRaw=612.2 | CurrentRaw=619.6 | Change=7.4 => Floor
data,,612.2,606.2,6.0,606.2,Time=39.9s | BaseRaw=612.2 | CurrentRaw=606.2 | Change=6.0 => Floor
data,,612.2,616.6,4.4,616.6,Time=40.0s | BaseRaw=612.2 | CurrentRaw=616.6 | Change=4.4 => Floor
data,,612.2,604.0,8.2,604.0,Time=40.1s | BaseRaw=612.2 | CurrentRaw=604.0 | Change=8.2 => Floor
data,,612.2,612.0,0.2,612.0,Time=40.2s | BaseRaw=612.2 | CurrentRaw=612.0 | Change=0.2 => Floor
data,,612.2,602.4,9.8,602.4,Time=40.3s | BaseRaw=612.2 | CurrentRaw=602.4 | Change=9.8 => Floor
data,,612.2,607.4,4.8,607.4,Time=40.4s | BaseRaw=612.2 | CurrentRaw=607.4 | Change=4.8 => Floor
data,,612.2,607.2,5.0,607.2,Time=40.5s | BaseRaw=612.2 | CurrentRaw=607.2 | Change=5.0 => Floor
data,,612.2,606.8,5.4,606.8,Time=40.6s | BaseRaw=612.2 | CurrentRaw=606.8 | Change=5.4 => Floor
data,,612.2,613.0,0.8,613.0,Time=40.7s | BaseRaw=612.2 | CurrentRaw=613.0 | Change=0.8 => Floor
data,,612.2,607.6,4.6,607.6,Time=40.8s | BaseRaw=612.2 | CurrentRaw=607.6 | Change=4.6 => Floor
data,,612.2,618.6,6.4,618.6,Time=40.9s | BaseRaw=612.2 | CurrentRaw=618.6 | Change=6.4 => Floor
data,,612.2,606.6,5.6,606.6,Time=41.0s | BaseRaw=612.2 | CurrentRaw=606.6 | Change=5.6 => Floor
data,,612.2,617.4,5.2,617.4,Time=41.1s | BaseRaw=612.2 | CurrentRaw=617.4 | Change=5.2 => Floor
data,,612.2,604.4,7.8,604.4,Time=41.2s | BaseRaw=612.2 | CurrentRaw=604.4 | Change=7.8 => Floor
data,,612.2,613.8,1.6,613.8,Time=41.3s | BaseRaw=612.2 | CurrentRaw=613.8 | Change=1.6 => Floor
data,,612.2,602.2,10.0,602.2,Time=41.4s | BaseRaw=612.2 | CurrentRaw=602.2 | Change=10.0 => Liquid
data,,612.2,603.0,9.2,603.0,Time=41.5s | BaseRaw=612.2 | CurrentRaw=603.0 | Change=9.2 => Floor
data,,612.2,605.0,7.2,605.0,Time=41.6s | BaseRaw=612.2 | CurrentRaw=605.0 | Change=7.2 => Floor
data,,612.2,603.4,8.8,603.4,Time=41.7s | BaseRaw=612.2 | CurrentRaw=603.4 | Change=8.8 => Floor
data,,612.2,605.0,7.2,605.0,Time=41.8s | BaseRaw=612.2 | CurrentRaw=605.0 | Change=7.2 => Floor
data,,612.2,603.8,8.4,603.8,Time=41.9s | BaseRaw=612.2 | CurrentRaw=603.8 | Change=8.4 => Floor
data,,612.2,611.4,0.8,611.4,Time=42.0s | BaseRaw=612.2 | CurrentRaw=611.4 | Change=0.8 => Floor
data,,612.2,602.8,9.4,602.8,Time=42.1s | BaseRaw=612.2 | CurrentRaw=602.8 | Change=9.4 => Floor
data,,612.2,607.6,4.6,607.6,Time=42.2s | BaseRaw=612.2 | CurrentRaw=607.6 | Change=4.6 => Floor
data,,612.2,608.2,4.0,608.2,Time=42.3s | BaseRaw=612.2 | CurrentRaw=608.2 | Change=4.0 => Floor
data,,612.2,607.0,5.2,607.0,Time=42.4s | BaseRaw=612.2 | CurrentRaw=607.0 | Change=5.2 => Floor
data,,612.2,613.8,1.6,613.8,Time=42.5s | BaseRaw=612.2 | CurrentRaw=613.8 | Change=1.6 => Floor
data,,612.2,607.8,4.4,607.8,Time=42.6s | BaseRaw=612.2 | CurrentRaw=607.8 | Change=4.4 => Floor
data,,612.2,618.8,6.6,618.8,Time=42.7s | BaseRaw=612.2 | CurrentRaw=618.8 | Change=6.6 => Floor
data,,612.2,606.2,6.0,606.2,Time=42.8s | BaseRaw=612.2 | CurrentRaw=606.2 | Change=6.0 => Floor
data,,612.2,617.6,5.4,617.6,Time=42.9s | BaseRaw=612.2 | CurrentRaw=617.6 | Change=5.4 => Floor
data,,612.2,604.4,7.8,604.4,Time=43.0s | BaseRaw=612.2 | CurrentRaw=604.4 | Change=7.8 => Floor
data,,612.2,614.0,1.8,614.0,Time=43.1s | BaseRaw=612.2 | CurrentRaw=614.0 | Change=1.8 => Floor
data,,612.2,602.0,10.2,602.0,Time=43.2s | BaseRaw=612.2 | CurrentRaw=602.0 | Change=10.2 => Liquid
data,,612.2,602.6,9.6,602.6,Time=43.3s | BaseRaw=612.2 | CurrentRaw=602.6 | Change=9.6 => Floor
data,,612.2,604.6,7.6,604.6,Time=43.4s | BaseRaw=612.2 | CurrentRaw=604.6 | Change=7.6 => Floor
data,,612.2,603.0,9.2,603.0,Time=43.5s | BaseRaw=612.2 | CurrentRaw=603.0 | Change=9.2 => Floor
data,,612.2,604.8,7.4,604.8,Time=43.6s | BaseRaw=612.2 | CurrentRaw=604.8 | Change=7.4 => Floor
data,,612.2,603.6,8.6,603.6,Time=43.7s | BaseRaw=612.2 | CurrentRaw=603.6 | Change=8.6 => Floor
data,,612.2,612.2,0.0,612.2,Time=43.8s | BaseRaw=612.2 | CurrentRaw=612.2 | Change=0.0 => Floor
data,,612.2,602.4,9.8,602.4,Time=43.9s | BaseRaw=612.2 | CurrentRaw=602.4 | Change=9.8 => Floor
data,,612.2,607.6,4.6,607.6,Time=44.0s | BaseRaw=612.2 | CurrentRaw=607.6 | Change=4.6 => Floor
data,,612.2,606.8,5.4,606.8,Time=44.1s | BaseRaw=612.2 | CurrentRaw=606.8 | Change=5.4 => Floor
data,,612.2,606.6,5.6,606.6,Time=44.2s | BaseRaw=612.2 | CurrentRaw=606.6 | Change=5.6 => Floor
data,,612.2,612.2,0.0,612.2,Time=44.3s | BaseRaw=612.2 | CurrentRaw=612.2 | Change=0.0 => Floor
data,,612.2,607.4,4.8,607.4,Time=44.4s | BaseRaw=612.2 | CurrentRaw=607.4 | Change=4.8 => Floor
data,,612.2,618.2,6.0,618.2,Time=44.5s | BaseRaw=612.2 | CurrentRaw=618.2 | Change=6.0 => Floor
data,,612.2,606.6,5.6,606.6,Time=44.6s | BaseRaw=612.2 | CurrentRaw=606.6 | Change=5.6 => Floor
data,,612.2,618.4,6.2,618.4,Time=44.7s | BaseRaw=612.2 | CurrentRaw=618.4 | Change=6.2 => Floor
data,,612.2,605.0,7.2,605.0,Time=44.8s | BaseRaw=612.2 | CurrentRaw=605.0 | Change=7.2 => Floor
data,,612.2,615.6,3.4,615.6,Time=44.9s | BaseRaw=612.2 | CurrentRaw=615.6 | Change=3.4 => Floor
data,,612.2,602.2,10.0,602.2,Time=45.0s | BaseRaw=612.2 | CurrentRaw=602.2 | Change=10.0 => Liquid
data,,612.2,603.4,8.8,603.4,Time=45.1s | BaseRaw=612.2 | CurrentRaw=603.4 | Change=8.8 => Floor
data,,612.2,605.2,7.0,605.2,Time=45.2s | BaseRaw=612.2 | CurrentRaw=605.2 | Change=7.0 => Floor
data,,612.2,604.0,8.2,604.0,Time=45.3s | BaseRaw=612.2 | CurrentRaw=604.0 | Change=8.2 => Floor
data,,612.2,606.0,6.2,606.0,Time=45.4s | BaseRaw=612.2 | CurrentRaw=606.0 | Change=6.2 => Floor
data,,612.2,605.2,7.0,605.2,Time=45.5s | BaseRaw=612.2 | CurrentRaw=605.2 | Change=7.0 => Floor
data,,612.2,615.0,2.8,615.0,Time=45.6s | BaseRaw=612.2 | CurrentRaw=615.0 | Change=2.8 => Floor
data,,612.2,602.6,9.6,602.6,Time=45.7s | BaseRaw=612.2 | CurrentRaw=602.6 | Change=9.6 => Floor
data,,612.2,610.0,2.2,610.0,Time=45.8s | BaseRaw=612.2 | CurrentRaw=610.0 | Change=2.2 => Floor
data,,612.2,605.4,6.8,605.4,Time=45.9s | BaseRaw=612.2 | CurrentRaw=605.4 | Change=6.8 => Floor
data,,612.2,607.8,4.4,607.8,Time=46.0s | BaseRaw=612.2 | CurrentRaw=607.8 | Change=4.4 => Floor
data,,612.2,609.8,2.4,609.8,Time=46.1s | BaseRaw=612.2 | CurrentRaw=609.8 | Change=2.4 => Floor
data,,612.2,608.4,3.8,608.4,Time=46.2s | BaseRaw=612.2 | CurrentRaw=608.4 | Change=3.8 => Floor
data,,612.2,617.0,4.8,617.0,Time=46.3s | BaseRaw=612.2 | CurrentRaw=617.0 | Change=4.8 => Floor
data,,612.2,608.8,3.4,608.8,Time=46.4s | BaseRaw=612.2 | CurrentRaw=608.8 | Change=3.4 => Floor
data,,612.2,619.8,7.6,619.8,Time=46.5s | BaseRaw=612.2 | CurrentRaw=619.8 | Change=7.6 => Floor
data,,612.2,607.8,4.4,607.8,Time=46.6s | BaseRaw=612.2 | CurrentRaw=607.8 | Change=4.4 => Floor
data,,612.2,619.2,7.0,619.2,Time=46.7s | BaseRaw=612.2 | CurrentRaw=619.2 | Change=7.0 => Floor
data,,612.2,604.4,7.8,604.4,Time=46.8s | BaseRaw=612.2 | CurrentRaw=604.4 | Change=7.8 => Floor
data,,612.2,614.4,2.2,614.4,Time=46.9s | BaseRaw=612.2 | CurrentRaw=614.4 | Change=2.2 => Floor
data,,612.2,603.6,8.6,603.6,Time=47.0s | BaseRaw=612.2 | CurrentRaw=603.6 | Change=8.6 => Floor
data,,612.2,610.6,1.6,610.6,Time=47.1s | BaseRaw=612.2 | CurrentRaw=610.6 | Change=1.6 => Floor
data,,612.2,604.4,7.8,604.4,Time=47.2s | BaseRaw=612.2 | CurrentRaw=604.4 | Change=7.8 => Floor
data,,612.2,608.0,4.2,608.0,Time=47.3s | BaseRaw=612.2 | CurrentRaw=608.0 | Change=4.2 => Floor
data,,612.2,610.2,2.0,610.2,Time=47.4s | BaseRaw=612.2 | CurrentRaw=610.2 | Change=2.0 => Floor
data,,612.2,607.8,4.4,607.8,Time=47.5s | BaseRaw=612.2 | CurrentRaw=607.8 | Change=4.4 => Floor
data,,612.2,615.2,3.0,615.2,Time=47.6s | BaseRaw=612.2 | CurrentRaw=615.2 | Change=3.0 => Floor
data,,612.2,608.6,3.6,608.6,Time=47.7s | BaseRaw=612.2 | CurrentRaw=608.6 | Change=3.6 => Floor
data,,612.2,620.2,8.0,620.2,Time=47.8s | BaseRaw=612.2 | CurrentRaw=620.2 | Change=8.0 => Floor
data,,612.2,607.2,5.0,607.2,Time=47.9s | BaseRaw=612.2 | CurrentRaw=607.2 | Change=5.0 => Floor
data,,612.2,619.0,6.8,619.0,Time=48.0s | BaseRaw=612.2 | CurrentRaw=619.0 | Change=6.8 => Floor
data,,612.2,605.4,6.8,605.4,Time=48.1s | BaseRaw=612.2 | CurrentRaw=605.4 | Change=6.8 => Floor
data,,612.2,615.8,3.6,615.8,Time=48.2s | BaseRaw=612.2 | CurrentRaw=615.8 | Change=3.6 => Floor
data,,612.2,602.6,9.6,602.6,Time=48.3s | BaseRaw=612.2 | CurrentRaw=602.6 | Change=9.6 => Floor
data,,612.2,610.8,1.4,610.8,Time=48.4s | BaseRaw=612.2 | CurrentRaw=610.8 | Change=1.4 => Floor
data,,612.2,604.4,7.8,604.4,Time=48.5s | BaseRaw=612.2 | CurrentRaw=604.4 | Change=7.8 => Floor
data,,612.2,608.2,4.0,608.2,Time=48.6s | BaseRaw=612.2 | CurrentRaw=608.2 | Change=4.0 => Floor
data,,612.2,607.8,4.4,607.8,Time=48.7s | BaseRaw=612.2 | CurrentRaw=607.8 | Change=4.4 => Floor
data,,612.2,607.6,4.6,607.6,Time=48.8s | BaseRaw=612.2 | CurrentRaw=607.6 | Change=4.6 => Floor
data,,612.2,614.8,2.6,614.8,Time=48.9s | BaseRaw=612.2 | CurrentRaw=614.8 | Change=2.6 => Floor
data,,612.2,608.2,4.0,608.2,Time=49.0s | BaseRaw=612.2 | CurrentRaw=608.2 | Change=4.0 => Floor
data,,612.2,618.6,6.4,618.6,Time=49.1s | BaseRaw=612.2 | CurrentRaw=618.6 | Change=6.4 => Floor
data,,612.2,608.2,4.0,608.2,Time=49.2s | BaseRaw=612.2 | CurrentRaw=608.2 | Change=4.0 => Floor
data,,612.2,620.4,8.2,620.4,Time=49.3s | BaseRaw=612.2 | CurrentRaw=620.4 | Change=8.2 => Floor
data,,612.2,605.6,6.6,605.6,Time=49.4s | BaseRaw=612.2 | CurrentRaw=605.6 | Change=6.6 => Floor
data,,612.2,616.6,4.4,616.6,Time=49.5s | BaseRaw=612.2 | CurrentRaw=616.6 | Change=4.4 => Floor
data,,612.2,604.2,8.0,604.2,Time=49.6s | BaseRaw=612.2 | CurrentRaw=604.2 | Change=8.0 => Floor
data,,612.2,612.4,0.2,612.4,Time=49.7s | BaseRaw=612.2 | CurrentRaw=612.4 | Change=0.2 => Floor
data,,612.2,603.0,9.2,603.0,Time=49.8s | BaseRaw=612.2 | CurrentRaw=603.0 | Change=9.2 => Floor
data,,612.2,608.6,3.6,608.6,Time=49.9s | BaseRaw=612.2 | CurrentRaw=608.6 | Change=3.6 => Floor
data,,612.2,607.2,5.0,607.2,Time=50.0s | BaseRaw=612.2 | CurrentRaw=607.2 | Change=5.0 => Floor
data,,612.2,607.4,4.8,607.4,Time=50.1s | BaseRaw=612.2 | CurrentRaw=607.4 | Change=4.8 => Floor
data,,612.2,612.2,0.0,612.2,Time=50.2s | BaseRaw=612.2 | CurrentRaw=612.2 | Change=0.0 => Floor
data,,612.2,608.4,3.8,608.4,Time=50.3s | BaseRaw=612.2 | CurrentRaw=608.4 | Change=3.8 => Floor
data,,612.2,618.6,6.4,618.6,Time=50.4s | BaseRaw=612.2 | CurrentRaw=618.6 | Change=6.4 => Floor
data,,612.2,608.2,4.0,608.2,Time=50.5s | BaseRaw=612.2 | CurrentRaw=608.2 | Change=4.0 => Floor
data,,612.2,620.0,7.8,620.0,Time=50.6s | BaseRaw=612.2 | CurrentRaw=620.0 | Change=7.8 => Floor
data,,612.2,607.0,5.2,607.0,Time=50.7s | BaseRaw=612.2 | CurrentRaw=607.0 | Change=5.2 => Floor
data,,612.2,618.8,6.6,618.8,Time=50.8s | BaseRaw=612.2 | CurrentRaw=618.8 | Change=6.6 => Floor
data,,612.2,603.6,8.6,603.6,Time=50.9s | BaseRaw=612.2 | CurrentRaw=603.6 | Change=8.6 => Floor
data,,612.2,613.6,1.4,613.6,Time=51.0s | BaseRaw=612.2 | CurrentRaw=613.6 | Change=1.4 => Floor
data,,612.2,603.0,9.2,603.0,Time=51.1s | BaseRaw=612.2 | CurrentRaw=603.0 | Change=9.2 => Floor
data,,612.2,609.8,2.4,609.8,Time=51.2s | BaseRaw=612.2 | CurrentRaw=609.8 | Change=2.4 => Floor
data,,612.2,603.8,8.4,603.8,Time=51.3s | BaseRaw=612.2 | CurrentRaw=603.8 | Change=8.4 => Floor
data,,612.2,607.4,4.8,607.4,Time=51.4s | BaseRaw=612.2 | CurrentRaw=607.4 | Change=4.8 => Floor
data,,612.2,609.8,2.4,609.8,Time=51.5s | BaseRaw=612.2 | CurrentRaw=609.8 | Change=2.4 => Floor
data,,612.2,607.6,4.6,607.6,Time=51.6s | BaseRaw=612.2 | CurrentRaw=607.6 | Change=4.6 => Floor
data,,612.2,615.0,2.8,615.0,Time=51.7s | BaseRaw=612.2 | CurrentRaw=615.0 | Change=2.8 => Floor
data,,612.2,608.4,3.8,608.4,Time=51.8s | BaseRaw=612.2 | CurrentRaw=608.4 | Change=3.8 => Floor
data,,612.2,620.0,7.8,620.0,Time=51.9s | BaseRaw=612.2 | CurrentRaw=620.0 | Change=7.8 => Floor
data,,612.2,607.2,5.0,607.2,Time=52.0s | BaseRaw=612.2 | CurrentRaw=607.2 | Change=5.0 => Floor
data,,612.2,619.0,6.8,619.0,Time=52.1s | BaseRaw=612.2 | CurrentRaw=619.0 | Change=6.8 => Floor
data,,612.2,605.6,6.6,605.6,Time=52.2s | BaseRaw=612.2 | CurrentRaw=605.6 | Change=6.6 => Floor
data,,612.2,616.4,4.2,616.4,Time=52.3s | BaseRaw=612.2 | CurrentRaw=616.4 | Change=4.2 => Floor
data,,612.2,603.0,9.2,603.0,Time=52.4s | BaseRaw=612.2 | CurrentRaw=603.0 | Change=9.2 => Floor
data,,612.2,611.8,0.4,611.8,Time=52.5s | BaseRaw=612.2 | CurrentRaw=611.8 | Change=0.4 => Floor
data,,612.2,604.4,7.8,604.4,Time=52.6s | BaseRaw=612.2 | CurrentRaw=604.4 | Change=7.8 => Floor
data,,612.2,608.6,3.6,608.6,Time=52.7s | BaseRaw=612.2 | CurrentRaw=608.6 | Change=3.6 => Floor
data,,612.2,607.0,5.2,607.0,Time=52.8s | BaseRaw=612.2 | CurrentRaw=607.0 | Change=5.2 => Floor
data,,612.2,607.4,4.8,607.4,Time=52.9s | BaseRaw=612.2 | CurrentRaw=607.4 | Change=4.8 => Floor
data,,612.2,613.6,1.4,613.6,Time=53.0s | BaseRaw=612.2 | CurrentRaw=613.6 | Change=1.4 => Floor
data,,612.2,608.0,4.2,608.0,Time=53.1s | BaseRaw=612.2 | CurrentRaw=608.0 | Change=4.2 => Floor
data,,612.2,618.2,6.0,618.2,Time=53.2s | BaseRaw=612.2 | CurrentRaw=618.2 | Change=6.0 => Floor
data,,612.2,608.6,3.6,608.6,Time=53.3s | BaseRaw=612.2 | CurrentRaw=608.6 | Change=3.6 => Floor
data,,612.2,621.0,8.8,621.0,Time=53.4s | BaseRaw=612.2 | CurrentRaw=621.0 | Change=8.8 => Floor
data,,612.2,606.4,5.8,606.4,Time=53.5s | BaseRaw=612.2 | CurrentRaw=606.4 | Change=5.8 => Floor
data,,612.2,617.6,5.4,617.6,Time=53.6s | BaseRaw=612.2 | CurrentRaw=617.6 | Change=5.4 => Floor
data,,612.2,604.4,7.8,604.4,Time=53.7s | BaseRaw=612.2 | CurrentRaw=604.4 | Change=7.8 => Floor
data,,612.2,613.2,1.0,613.2,Time=53.8s | BaseRaw=612.2 | CurrentRaw=613.2 | Change=1.0 => Floor
data,,612.2,602.6,9.6,602.6,Time=53.9s | BaseRaw=612.2 | CurrentRaw=602.6 | Change=9.6 => Floor
data,,612.2,608.8,3.4,608.8,Time=54.0s | BaseRaw=612.2 | CurrentRaw=608.8 | Change=3.4 => Floor
data,,612.2,606.4,5.8,606.4,Time=54.1s | BaseRaw=612.2 | CurrentRaw=606.4 | Change=5.8 => Floor
data,,612.2,607.4,4.8,607.4,Time=54.2s | BaseRaw=612.2 | CurrentRaw=607.4 | Change=4.8 => Floor
data,,612.2,611.2,1.0,611.2,Time=54.3s | BaseRaw=612.2 | CurrentRaw=611.2 | Change=1.0 => Floor
data,,612.2,608.2,4.0,608.2,Time=54.4s | BaseRaw=612.2 | CurrentRaw=608.2 | Change=4.0 => Floor
data,,612.2,617.8,5.6,617.8,Time=54.5s | BaseRaw=612.2 | CurrentRaw=617.8 | Change=5.6 => Floor
data,,612.2,608.0,4.2,608.0,Time=54.6s | BaseRaw=612.2 | CurrentRaw=608.0 | Change=4.2 => Floor
data,,612.2,619.8,7.6,619.8,Time=54.7s | BaseRaw=612.2 | CurrentRaw=619.8 | Change=7.6 => Floor
data,,612.2,607.2,5.0,607.2,Time=54.8s | BaseRaw=612.2 | CurrentRaw=607.2 | Change=5.0 => Floor
data,,612.2,618.8,6.6,618.8,Time=54.9s | BaseRaw=612.2 | CurrentRaw=618.8 | Change=6.6 => Floor
data,,612.2,603.8,8.4,603.8,Time=55.0s | BaseRaw=612.2 | CurrentRaw=603.8 | Change=8.4 => Floor
data,,612.2,614.0,1.8,614.0,Time=55.1s | BaseRaw=612.2 | CurrentRaw=614.0 | Change=1.8 => Floor
data,,612.2,603.2,9.0,603.2,Time=55.2s | BaseRaw=612.2 | CurrentRaw=603.2 | Change=9.0 => Floor
data,,612.2,610.2,2.0,610.2,Time=55.3s | BaseRaw=612.2 | CurrentRaw=610.2 | Change=2.0 => Floor
data,,612.2,604.0,8.2,604.0,Time=55.4s | BaseRaw=612.2 | CurrentRaw=604.0 | Change=8.2 => Floor
data,,612.2,607.8,4.4,607.8,Time=55.5s | BaseRaw=612.2 | CurrentRaw=607.8 | Change=4.4 => Floor
data,,612.2,610.0,2.2,610.0,Time=55.6s | BaseRaw=612.2 | CurrentRaw=610.0 | Change=2.2 => Floor
data,,612.2,607.8,4.4,607.8,Time=55.7s | BaseRaw=612.2 | CurrentRaw=607.8 | Change=4.4 => Floor
data,,612.2,615.2,3.0,615.2,Time=55.8s | BaseRaw=612.2 | CurrentRaw=615.2 | Change=3.0 => Floor
data,,612.2,609.0,3.2,609.0,Time=55.9s | BaseRaw=612.2 | CurrentRaw=609.0 | Change=3.2 => Floor
data,,612.2,620.4,8.2,620.4,Time=56.0s | BaseRaw=612.2 | CurrentRaw=620.4 | Change=8.2 => Floor
data,,612.2,607.6,4.6,607.6,Time=56.1s | BaseRaw=612.2 | CurrentRaw=607.6 | Change=4.6 => Floor
data,,612.2,619.4,7.2,619.4,Time=56.2s | BaseRaw=612.2 | CurrentRaw=619.4 | Change=7.2 => Floor
data,,612.2,605.8,6.4,605.8,Time=56.3s | BaseRaw=612.2 | CurrentRaw=605.8 | Change=6.4 => Floor
data,,612.2,616.2,4.0,616.2,Time=56.4s | BaseRaw=612.2 | CurrentRaw=616.2 | Change=4.0 => Floor
data,,612.2,602.6,9.6,602.6,Time=56.5s | BaseRaw=612.2 | CurrentRaw=602.6 | Change=9.6 => Floor
data,,612.2,611.2,1.0,611.2,Time=56.6s | BaseRaw=612.2 | CurrentRaw=611.2 | Change=1.0 => Floor
data,,612.2,604.0,8.2,604.0,Time=56.7s | BaseRaw=612.2 | CurrentRaw=604.0 | Change=8.2 => Floor
data,,612.2,608.2,4.0,608.2,Time=56.8s | BaseRaw=612.2 | CurrentRaw=608.2 | Change=4.0 => Floor
data,,612.2,606.8,5.4,606.8,Time=56.9s | BaseRaw=612.2 | CurrentRaw=606.8 | Change=5.4 => Floor
data,,612.2,607.6,4.6,607.6,Time=57.0s | BaseRaw=612.2 | CurrentRaw=607.6 | Change=4.6 => Floor
data,,612.2,613.8,1.6,613.8,Time=57.1s | BaseRaw=612.2 | CurrentRaw=613.8 | Change=1.6 => Floor
data,,612.2,608.0,4.2,608.0,Time=57.2s | BaseRaw=612.2 | CurrentRaw=608.0 | Change=4.2 => Floor
data,,612.2,618.0,5.8,618.0,Time=57.3s | BaseRaw=612.2 | CurrentRaw=618.0 | Change=5.8 => Floor
data,,612.2,608.4,3.8,608.4,Time=57.4s | BaseRaw=612.2 | CurrentRaw=608.4 | Change=3.8 => Floor
data,,612.2,620.6,8.4,620.6,Time=57.5s | BaseRaw=612.2 | CurrentRaw=620.6 | Change=8.4 => Floor
data,,612.2,606.2,6.0,606.2,Time=57.6s | BaseRaw=612.2 | CurrentRaw=606.2 | Change=6.0 => Floor
data,,612.2,617.8,5.6,617.8,Time=57.7s | BaseRaw=612.2 | CurrentRaw=617.8 | Change=5.6 => Floor
data,,612.2,604.4,7.8,604.4,Time=57.8s | BaseRaw=612.2 | CurrentRaw=604.4 | Change=7.8 => Floor
data,,612.2,614.0,1.8,614.0,Time=57.9s | BaseRaw=612.2 | CurrentRaw=614.0 | Change=1.8 => Floor
data,,612.2,602.6,9.6,602.6,Time=58.0s | BaseRaw=612.2 | CurrentRaw=602.6 | Change=9.6 => Floor
data,,612.2,609.4,2.8,609.4,Time=58.1s | BaseRaw=612.2 | CurrentRaw=609.4 | Change=2.8 => Floor
data,,612.2,605.6,6.6,605.6,Time=58.2s | BaseRaw=612.2 | CurrentRaw=605.6 | Change=6.6 => Floor
data,,612.2,607.8,4.4,607.8,Time=58.3s | BaseRaw=612.2 | CurrentRaw=607.8 | Change=4.4 => Floor
data,,612.2,609.8,2.4,609.8,Time=58.4s | BaseRaw=612.2 | CurrentRaw=609.8 | Change=2.4 => Floor
data,,612.2,608.0,4.2,608.0,Time=58.5s | BaseRaw=612.2 | CurrentRaw=608.0 | Change=4.2 => Floor
data,,612.2,616.6,4.4,616.6,Time=58.6s | BaseRaw=612.2 | CurrentRaw=616.6 | Change=4.4 => Floor
data,,612.2,608.4,3.8,608.4,Time=58.7s | BaseRaw=612.2 | CurrentRaw=608.4 | Change=3.8 => Floor
data,,612.2,619.6,7.4,619.6,Time=58.8s | BaseRaw=612.2 | CurrentRaw=619.6 | Change=7.4 => Floor
data,,612.2,608.0,4.2,608.0,Time=58.9s | BaseRaw=612.2 | CurrentRaw=608.0 | Change=4.2 => Floor
data,,612.2,620.4,8.2,620.4,Time=59.0s | BaseRaw=612.2 | CurrentRaw=620.4 | Change=8.2 => Floor
data,,612.2,605.4,6.8,605.4,Time=59.1s | BaseRaw=612.2 | CurrentRaw=605.4 | Change=6.8 => Floor
data,,612.2,616.2,4.0,616.2,Time=59.2s | BaseRaw=612.2 | CurrentRaw=616.2 | Change=4.0 => Floor
data,,612.2,604.2,8.0,604.2,Time=59.3s | BaseRaw=612.2 | CurrentRaw=604.2 | Change=8.0 => Floor
data,,612.2,612.2,0.0,612.2,Time=59.4s | BaseRaw=612.2 | CurrentRaw=612.2 | Change=0.0 => Floor
data,,612.2,603.2,9.0,603.2,Time=59.5s | BaseRaw=612.2 | CurrentRaw=603.2 | Change=9.0 => Floor
data,,612.2,608.4,3.8,608.4,Time=59.6s | BaseRaw=612.2 | CurrentRaw=608.4 | Change=3.8 => Floor
data,,612.2,607.8,4.4,607.8,Time=59.7s | BaseRaw=612.2 | CurrentRaw=607.8 | Change=4.4 => Floor
data,,612.2,607.4,4.8,607.4,Time=59.8s | BaseRaw=612.2 | CurrentRaw=607.4 | Change=4.8 => Floor
data,,612.2,612.8,0.6,612.8,Time=59.9s | BaseRaw=612.2 | CurrentRaw=612.8 | Change=0.6 => Floor
data,,612.2,608.6,3.6,608.6,Time=60.0s | BaseRaw=612.2 | CurrentRaw=608.6 | Change=3.6 => Floor
data,,612.2,619.0,6.8,619.0,Time=60.1s | BaseRaw=612.2 | CurrentRaw=619.0 | Change=6.8 => Floor
data,,612.2,608.2,4.0,608.2,Time=60.2s | BaseRaw=612.2 | CurrentRaw=608.2 | Change=4.0 => Floor
data,,612.2,620.2,8.0,620.2,Time=60.3s | BaseRaw=612.2 | CurrentRaw=620.2 | Change=8.0 => Floor
data,,612.2,607.0,5.2,607.0,Time=60.4s | BaseRaw=612.2 | CurrentRaw=607.0 | Change=5.2 => Floor
data,,612.2,618.6,6.4,618.6,Time=60.5s | BaseRaw=612.2 | CurrentRaw=618.6 | Change=6.4 => Floor
data,,612.2,603.6,8.6,603.6,Time=60.6s | BaseRaw=612.2 | CurrentRaw=603.6 | Change=8.6 => Floor
data,,612.2,613.8,1.6,613.8,Time=60.7s | BaseRaw=612.2 | CurrentRaw=613.8 | Change=1.6 => Floor
data,,612.2,603.4,8.8,603.4,Time=60.8s | BaseRaw=612.2 | CurrentRaw=603.4 | Change=8.8 => Floor
data,,612.2,610.2,2.0,610.2,Time=60.9s | BaseRaw=612.2 | CurrentRaw=610.2 | Change=2.0 => Floor
data,,612.2,604.6,7.6,604.6,Time=61.0s | BaseRaw=612.2 | CurrentRaw=604.6 | Change=7.6 => Floor
data,,612.2,608.2,4.0,608.2,Time=61.1s | BaseRaw=612.2 | CurrentRaw=608.2 | Change=4.0 => Floor
data,,612.2,610.2,2.0,610.2,Time=61.2s | BaseRaw=612.2 | CurrentRaw=610.2 | Change=2.0 => Floor
data,,612.2,607.8,4.4,607.8,Time=61.3s | BaseRaw=612.2 | CurrentRaw=607.8 | Change=4.4 => Floor
data,,612.2,615.0,2.8,615.0,Time=61.4s | BaseRaw=612.2 | CurrentRaw=615.0 | Change=2.8 => Floor
data,,612.2,608.6,3.6,608.6,Time=61.5s | BaseRaw=612.2 | CurrentRaw=608.6 | Change=3.6 => Floor
data,,612.2,620.0,7.8,620.0,Time=61.6s | BaseRaw=612.2 | CurrentRaw=620.0 | Change=7.8 => Floor
data,,612.2,607.6,4.6,607.6,Time=61.7s | BaseRaw=612.2 | CurrentRaw=607.6 | Change=4.6 => Floor
data,,612.2,619.8,7.6,619.8,Time=61.8s | BaseRaw=612.2 | CurrentRaw=619.8 | Change=7.6 => Floor
data,,612.2,606.2,6.0,606.2,Time=61.9s | BaseRaw=612.2 | CurrentRaw=606.2 | Change=6.0 => Floor
data,,612.2,617.4,5.2,617.4,Time=62.0s | BaseRaw=612.2 | CurrentRaw=617.4 | Change=5.2 => Floor
data,,612.2,603.2,9.0,603.2,Time=62.1s | BaseRaw=612.2 | CurrentRaw=603.2 | Change=9.0 => Floor
data,,612.2,612.4,0.2,612.4,Time=62.2s | BaseRaw=612.2 | CurrentRaw=612.4 | Change=0.2 => Floor
data,,612.2,604.0,8.2,604.0,Time=62.3s | BaseRaw=612.2 | CurrentRaw=604.0 | Change=8.2 => Floor
data,,612.2,609.2,3.0,609.2,Time=62.4s | BaseRaw=612.2 | CurrentRaw=609.2 | Change=3.0 => Floor
data,,612.2,606.0,6.2,606.0,Time=62.5s | BaseRaw=612.2 | CurrentRaw=606.0 | Change=6.2 => Floor
data,,612.2,608.2,4.0,608.2,Time=62.6s | BaseRaw=612.2 | CurrentRaw=608.2 | Change=4.0 => Floor
data,,612.2,612.8,0.6,612.8,Time=62.7s | BaseRaw=612.2 | CurrentRaw=612.8 | Change=0.6 => Floor
data,,612.2,608.4,3.8,608.4,Time=62.8s | BaseRaw=612.2 | CurrentRaw=608.4 | Change=3.8 => Floor
data,,612.2,617.4,5.2,617.4,Time=62.9s | BaseRaw=612.2 | CurrentRaw=617.4 | Change=5.2 => Floor
data,,612.2,609.0,3.2,609.0,Time=63.0s | BaseRaw=612.2 | CurrentRaw=609.0 | Change=3.2 => Floor
data,,612.2,620.6,8.4,620.6,Time=63.1s | BaseRaw=612.2 | CurrentRaw=620.6 | Change=8.4 => Floor
data,,612.2,606.8,5.4,606.8,Time=63.2s | BaseRaw=612.2 | CurrentRaw=606.8 | Change=5.4 => Floor
data,,612.2,618.4,6.2,618.4,Time=63.3s | BaseRaw=612.2 | CurrentRaw=618.4 | Change=6.2 => Floor
data,,612.2,604.8,7.4,604.8,Time=63.4s | BaseRaw=612.2 | CurrentRaw=604.8 | Change=7.4 => Floor
data,,612.2,614.8,2.6,614.8,Time=63.5s | BaseRaw=612.2 | CurrentRaw=614.8 | Change=2.6 => Floor
data,,612.2,602.8,9.4,602.8,Time=63.6s | BaseRaw=612.2 | CurrentRaw=602.8 | Change=9.4 => Floor
data,,612.2,610.6,1.6,610.6,Time=63.7s | BaseRaw=612.2 | CurrentRaw=610.6 | Change=1.6 => Floor
data,,612.2,605.4,6.8,605.4,Time=63.8s | BaseRaw=612.2 | CurrentRaw=605.4 | Change=6.8 => Floor
data,,612.2,608.4,3.8,608.4,Time=63.9s | BaseRaw=612.2 | CurrentRaw=608.4 | Change=3.8 => Floor
data,,612.2,609.2,3.0,609.2,Time=64.0s | BaseRaw=612.2 | CurrentRaw=609.2 | Change=3.0 => Floor
data,,612.2,608.0,4.2,608.0,Time=64.1s | BaseRaw=612.2 | CurrentRaw=608.0 | Change=4.2 => Floor
data,,612.2,615.4,3.2,615.4,Time=64.2s | BaseRaw=612.2 | CurrentRaw=615.4 | Change=3.2 => Floor
data,,612.2,608.0,4.2,608.0,Time=64.3s | BaseRaw=612.2 | CurrentRaw=608.0 | Change=4.2 => Floor
data,,612.2,619.0,6.8,619.0,Time=64.4s | BaseRaw=612.2 | CurrentRaw=619.0 | Change=6.8 => Floor
data,,612.2,608.0,4.2,608.0,Time=64.5s | BaseRaw=612.2 | CurrentRaw=608.0 | Change=4.2 => Floor
data,,612.2,620.2,8.0,620.2,Time=64.6s | BaseRaw=612.2 | CurrentRaw=620.2 | Change=8.0 => Floor
data,,612.2,605.6,6.6,605.6,Time=64.7s | BaseRaw=612.2 | CurrentRaw=605.6 | Change=6.6 => Floor
data,,612.2,616.6,4.4,616.6,Time=64.8s | BaseRaw=612.2 | CurrentRaw=616.6 | Change=4.4 => Floor
data,,612.2,604.2,8.0,604.2,Time=64.9s | BaseRaw=612.2 | CurrentRaw=604.2 | Change=8.0 => Floor
data,,612.2,612.4,0.2,612.4,Time=65.0s | BaseRaw=612.2 | CurrentRaw=612.4 | Change=0.2 => Floor
data,,612.2,603.4,8.8,603.4,Time=65.1s | BaseRaw=612.2 | CurrentRaw=603.4 | Change=8.8 => Floor
data,,612.2,608.8,3.4,608.8,Time=65.2s | BaseRaw=612.2 | CurrentRaw=608.8 | Change=3.4 => Floor
data,,612.2,608.0,4.2,608.0,Time=65.3s | BaseRaw=612.2 | CurrentRaw=608.0 | Change=4.2 => Floor
data,,612.2,607.8,4.4,607.8,Time=65.4s | BaseRaw=612.2 | CurrentRaw=607.8 | Change=4.4 => Floor
data,,612.2,613.0,0.8,613.0,Time=65.5s | BaseRaw=612.2 | CurrentRaw=613.0 | Change=0.8 => Floor
data,,612.2,608.8,3.4,608.8,Time=65.6s | BaseRaw=612.2 | CurrentRaw=608.8 | Change=3.4 => Floor
data,,612.2,619.0,6.8,619.0,Time=65.7s | BaseRaw=612.2 | CurrentRaw=619.0 | Change=6.8 => Floor
data,,612.2,608.2,4.0,608.2,Time=65.8s | BaseRaw=612.2 | CurrentRaw=608.2 | Change=4.0 => Floor
data,,612.2,620.0,7.8,620.0,Time=65.9s | BaseRaw=612.2 | CurrentRaw=620.0 | Change=7.8 => Floor
data,,612.2,606.8,5.4,606.8,Time=66.0s | BaseRaw=612.2 | CurrentRaw=606.8 | Change=5.4 => Floor
data,,612.2,618.4,6.2,618.4,Time=66.1s | BaseRaw=612.2 | CurrentRaw=618.4 | Change=6.2 => Floor
data,,612.2,603.6,8.6,603.6,Time=66.2s | BaseRaw=612.2 | CurrentRaw=603.6 | Change=8.6 => Floor
data,,612.2,613.2,1.0,613.2,Time=66.3s | BaseRaw=612.2 | CurrentRaw=613.2 | Change=1.0 => Floor
data,,612.2,603.6,8.6,603.6,Time=66.4s | BaseRaw=612.2 | CurrentRaw=603.6 | Change=8.6 => Floor
data,,612.2,609.8,2.4,609.8,Time=66.5s | BaseRaw=612.2 | CurrentRaw=609.8 | Change=2.4 => Floor
data,,612.2,605.2,7.0,605.2,Time=66.6s | BaseRaw=612.2 | CurrentRaw=605.2 | Change=7.0 => Floor
data,,612.2,608.2,4.0,608.2,Time=66.7s | BaseRaw=612.2 | CurrentRaw=608.2 | Change=4.0 => Floor
data,,612.2,611.8,0.4,611.8,Time=66.8s | BaseRaw=612.2 | CurrentRaw=611.8 | Change=0.4 => Floor
data,,612.2,608.4,3.8,608.4,Time=66.9s | BaseRaw=612.2 | CurrentRaw=608.4 | Change=3.8 => Floor
data,,612.2,616.8,4.6,616.8,Time=67.0s | BaseRaw=612.2 | CurrentRaw=616.8 | Change=4.6 => Floor
data,,612.2,609.0,3.2,609.0,Time=67.1s | BaseRaw=612.2 | CurrentRaw=609.0 | Change=3.2 => Floor
data,,612.2,620.6,8.4,620.6,Time=67.2s | BaseRaw=612.2 | CurrentRaw=620.6 | Change=8.4 => Floor
data,,612.2,607.0,5.2,607.0,Time=67.3s | BaseRaw=612.2 | CurrentRaw=607.0 | Change=5.2 => Floor
data,,612.2,618.8,6.6,618.8,Time=67.4s | BaseRaw=612.2 | CurrentRaw=618.8 | Change=6.6 => Floor
data,,612.2,605.0,7.2,605.0,Time=67.5s | BaseRaw=612.2 | CurrentRaw=605.0 | Change=7.2 => Floor
data,,612.2,615.4,3.2,615.4,Time=67.6s | BaseRaw=612.2 | CurrentRaw=615.4 | Change=3.2 => Floor
data,,612.2,602.6,9.6,602.6,Time=67.7s | BaseRaw=612.2 | CurrentRaw=602.6 | Change=9.6 => Floor
data,,612.2,610.8,1.4,610.8,Time=67.8s | BaseRaw=612.2 | CurrentRaw=610.8 | Change=1.4 => Floor
data,,612.2,604.6,7.6,604.6,Time=67.9s | BaseRaw=612.2 | CurrentRaw=604.6 | Change=7.6 => Floor
data,,612.2,608.2,4.0,608.2,Time=68.0s | BaseRaw=612.2 | CurrentRaw=608.2 | Change=4.0 => Floor
data,,612.2,608.0,4.2,608.0,Time=68.1s | BaseRaw=612.2 | CurrentRaw=608.0 | Change=4.2 => Floor
data,,612.2,608.0,4.2,608.0,Time=68.2s | BaseRaw=612.2 | CurrentRaw=608.0 | Change=4.2 => Floor
data,,612.2,615.0,2.8,615.0,Time=68.3s | BaseRaw=612.2 | CurrentRaw=615.0 | Change=2.8 => Floor
data,,612.2,608.4,3.8,608.4,Time=68.4s | BaseRaw=612.2 | CurrentRaw=608.4 | Change=3.8 => Floor
data,,612.2,618.8,6.6,618.8,Time=68.5s | BaseRaw=612.2 | CurrentRaw=618.8 | Change=6.6 => Floor
data,,612.2,608.4,3.8,608.4,Time=68.6s | BaseRaw=612.2 | CurrentRaw=608.4 | Change=3.8 => Floor
data,,612.2,620.4,8.2,620.4,Time=68.7s | BaseRaw=612.2 | CurrentRaw=620.4 | Change=8.2 => Floor
data,,612.2,605.8,6.4,605.8,Time=68.8s | BaseRaw=612.2 | CurrentRaw=605.8 | Change=6.4 => Floor
data,,612.2,617.0,4.8,617.0,Time=68.9s | BaseRaw=612.2 | CurrentRaw=617.0 | Change=4.8 => Floor
data,,612.2,604.4,7.8,604.4,Time=69.0s | BaseRaw=612.2 | CurrentRaw=604.4 | Change=7.8 => Floor
data,,612.2,613.0,0.8,613.0,Time=69.1s | BaseRaw=612.2 | CurrentRaw=613.0 | Change=0.8 => Floor
data,,612.2,603.0,9.2,603.0,Time=69.2s | BaseRaw=612.2 | CurrentRaw=603.0 | Change=9.2 => Floor
data,,612.2,609.0,3.2,609.0,Time=69.3s | BaseRaw=612.2 | CurrentRaw=609.0 | Change=3.2 => Floor
data,,612.2,607.0,5.2,607.0,Time=69.4s | BaseRaw=612.2 | CurrentRaw=607.0 | Change=5.2 => Floor
data,,612.2,607.6,4.6,607.6,Time=69.5s | BaseRaw=612.2 | CurrentRaw=607.6 | Change=4.6 => Floor
data,,612.2,611.8,0.4,611.8,Time=69.6s | BaseRaw=612.2 | CurrentRaw=611.8 | Change=0.4 => Floor
data,,612.2,608.6,3.6,608.6,Time=69.7s | BaseRaw=612.2 | CurrentRaw=608.6 | Change=3.6 => Floor
data,,612.2,618.2,6.0,618.2,Time=69.8s | BaseRaw=612.2 | CurrentRaw=618.2 | Change=6.0 => Floor
data,,612.2,608.2,4.0,608.2,Time=69.9s | BaseRaw=612.2 | CurrentRaw=608.2 | Change=4.0 => Floor
data,,612.2,619.8,7.6,619.8,Time=70.0s | BaseRaw=612.2 | CurrentRaw=619.8 | Change=7.6 => Floor
data,,612.2,607.2,5.0,607.2,Time=70.1s | BaseRaw=612.2 | CurrentRaw=607.2 | Change=5.0 => Floor
data,,612.2,618.4,6.2,618.4,Time=70.2s | BaseRaw=612.2 | CurrentRaw=618.4 | Change=6.2 => Floor
data,,612.2,604.0,8.2,604.0,Time=70.3s | BaseRaw=612.2 | CurrentRaw=604.0 | Change=8.2 => Floor
data,,612.2,613.8,1.6,613.8,Time=70.4s | BaseRaw=612.2 | CurrentRaw=613.8 | Change=1.6 => Floor
data,,612.2,604.0,8.2,604.0,Time=70.5s | BaseRaw=612.2 | CurrentRaw=604.0 | Change=8.2 => Floor
data,,612.2,610.2,2.0,610.2,Time=70.6s | BaseRaw=612.2 | CurrentRaw=610.2 | Change=2.0 => Floor
data,,612.2,605.6,6.6,605.6,Time=70.7s | BaseRaw=612.2 | CurrentRaw=605.6 | Change=6.6 => Floor
data,,612.2,608.2,4.0,608.2,Time=70.8s | BaseRaw=612.2 | CurrentRaw=608.2 | Change=4.0 => Floor
data,,612.2,611.6,0.6,611.6,Time=70.9s | BaseRaw=612.2 | CurrentRaw=611.6 | Change=0.6 => Floor
data,,612.2,608.2,4.0,608.2,Time=71.0s | BaseRaw=612.2 | CurrentRaw=608.2 | Change=4.0 => Floor
data,,612.2,616.4,4.2,616.4,Time=71.1s | BaseRaw=612.2 | CurrentRaw=616.4 | Change=4.2 => Floor
data,,612.2,609.0,3.2,609.0,Time=71.2s | BaseRaw=612.2 | CurrentRaw=609.0 | Change=3.2 => Floor
data,,612.2,620.8,8.6,620.8,Time=71.3s | BaseRaw=612.2 | CurrentRaw=620.8 | Change=8.6 => Floor
data,,612.2,607.4,4.8,607.4,Time=71.4s | BaseRaw=612.2 | CurrentRaw=607.4 | Change=4.8 => Floor
data,,612.2,619.2,7.0,619.2,Time=71.5s | BaseRaw=612.2 | CurrentRaw=619.2 | Change=7.0 => Floor
data,,612.2,605.6,6.6,605.6,Time=71.6s | BaseRaw=612.2 | CurrentRaw=605.6 | Change=6.6 => Floor
data,,612.2,615.4,3.2,615.4,Time=71.7s | BaseRaw=612.2 | CurrentRaw=615.4 | Change=3.2 => Floor
data,,612.2,602.8,9.4,602.8,Time=71.8s | BaseRaw=612.2 | CurrentRaw=602.8 | Change=9.4 => Floor
data,,612.2,610.6,1.6,610.6,Time=71.9s | BaseRaw=612.2 | CurrentRaw=610.6 | Change=1.6 => Floor
data,,612.2,604.6,7.6,604.6,Time=72.0s | BaseRaw=612.2 | CurrentRaw=604.6 | Change=7.6 => Floor
data,,612.2,608.0,4.2,608.0,Time=72.1s | BaseRaw=612.2 | CurrentRaw=608.0 | Change=4.2 => Floor
data,,612.2,608.4,3.8,608.4,Time=72.2s | BaseRaw=612.2 | CurrentRaw=608.4 | Change=3.8 => Floor
data,,612.2,607.8,4.4,607.8,Time=72.3s | BaseRaw=612.2 | CurrentRaw=607.8 | Change=4.4 => Floor
data,,612.2,615.2,3.0,615.2,Time=72.4s | BaseRaw=612.2 | CurrentRaw=615.2 | Change=3.0 => Floor
data,,612.2,608.4,3.8,608.4,Time=72.5s | BaseRaw=612.2 | CurrentRaw=608.4 | Change=3.8 => Floor
data,,612.2,619.0,6.8,619.0,Time=72.6s | BaseRaw=612.2 | CurrentRaw=619.0 | Change=6.8 => Floor
data,,612.2,608.2,4.0,608.2,Time=72.7s | BaseRaw=612.2 | CurrentRaw=608.2 | Change=4.0 => Floor
data,,612.2,620.4,8.2,620.4,Time=72.8s | BaseRaw=612.2 | CurrentRaw=620.4 | Change=8.2 => Floor
data,,612.2,605.8,6.4,605.8,Time=72.9s | BaseRaw=612.2 | CurrentRaw=605.8 | Change=6.4 => Floor
data,,612.2,616.8,4.6,616.8,Time=73.0s | BaseRaw=612.2 | CurrentRaw=616.8 | Change=4.6 => Floor
data,,612.2,604.2,8.0,604.2,Time=73.1s | BaseRaw=612.2 | CurrentRaw=604.2 | Change=8.0 => Floor
data,,612.2,612.6,0.4,612.6,Time=73.2s | BaseRaw=612.2 | CurrentRaw=612.6 | Change=0.4 => Floor
data,,612.2,603.0,9.2,603.0,Time=73.3s | BaseRaw=612.2 | CurrentRaw=603.0 | Change=9.2 => Floor
data,,612.2,608.4,3.8,608.4,Time=73.4s | BaseRaw=612.2 | CurrentRaw=608.4 | Change=3.8 => Floor
data,,612.2,606.8,5.4,606.8,Time=73.5s | BaseRaw=612.2 | CurrentRaw=606.8 | Change=5.4 => Floor
data,,612.2,607.4,4.8,607.4,Time=73.6s | BaseRaw=612.2 | CurrentRaw=607.4 | Change=4.8 => Floor
data,,612.2,612.0,0.2,612.0,Time=73.7s | BaseRaw=612.2 | CurrentRaw=612.0 | Change=0.2 => Floor
data,,612.2,608.4,3.8,608.4,Time=73.8s | BaseRaw=612.2 | CurrentRaw=608.4 | Change=3.8 => Floor
data,,612.2,618.6,6.4,618.6,Time=73.9s | BaseRaw=612.2 | CurrentRaw=618.6 | Change=6.4 => Floor
data,,612.2,608.8,3.4,608.8,Time=74.0s | BaseRaw=612.2 | CurrentRaw=608.8 | Change=3.4 => Floor
data,,612.2,620.4,8.2,620.4,Time=74.1s | BaseRaw=612.2 | CurrentRaw=620.4 | Change=8.2 => Floor
data,,612.2,607.4,4.8,607.4,Time=74.2s | BaseRaw=612.2 | CurrentRaw=607.4 | Change=4.8 => Floor
data,,612.2,619.4,7.2,619.4,Time=74.3s | BaseRaw=612.2 | CurrentRaw=619.4 | Change=7.2 => Floor
data,,612.2,604.4,7.8,604.4,Time=74.4s | BaseRaw=612.2 | CurrentRaw=604.4 | Change=7.8 => Floor
data,,612.2,614.2,2.0,614.2,Time=74.5s | BaseRaw=612.2 | CurrentRaw=614.2 | Change=2.0 => Floor
data,,612.2,603.6,8.6,603.6,Time=74.6s | BaseRaw=612.2 | CurrentRaw=603.6 | Change=8.6 => Floor
data,,612.2,611.0,1.2,611.0,Time=74.7s | BaseRaw=612.2 | CurrentRaw=611.0 | Change=1.2 => Floor
data,,612.2,604.4,7.8,604.4,Time=74.8s | BaseRaw=612.2 | CurrentRaw=604.4 | Change=7.8 => Floor
data,,612.2,608.2,4.0,608.2,Time=74.9s | BaseRaw=612.2 | CurrentRaw=608.2 | Change=4.0 => Floor
data,,612.2,609.8,2.4,609.8,Time=75.0s | BaseRaw=612.2 | CurrentRaw=609.8 | Change=2.4 => Floor
data,,612.2,608.0,4.2,608.0,Time=75.1s | BaseRaw=612.2 | CurrentRaw=608.0 | Change=4.2 => Floor
data,,612.2,614.6,2.4,614.6,Time=75.2s | BaseRaw=612.2 | CurrentRaw=614.6 | Change=2.4 => Floor
data,,612.2,608.8,3.4,608.8,Time=75.3s | BaseRaw=612.2 | CurrentRaw=608.8 | Change=3.4 => Floor
data,,612.2,620.2,8.0,620.2,Time=75.4s | BaseRaw=612.2 | CurrentRaw=620.2 | Change=8.0 => Floor
data,,612.2,608.2,4.0,608.2,Time=75.5s | BaseRaw=612.2 | CurrentRaw=608.2 | Change=4.0 => Floor
data,,612.2,620.4,8.2,620.4,Time=75.6s | BaseRaw=612.2 | CurrentRaw=620.4 | Change=8.2 => Floor
data,,612.2,606.6,5.6,606.6,Time=75.7s | BaseRaw=612.2 | CurrentRaw=606.6 | Change=5.6 => Floor
data,,612.2,618.2,6.0,618.2,Time=75.8s | BaseRaw=612.2 | CurrentRaw=618.2 | Change=6.0 => Floor
data,,612.2,603.2,9.0,603.2,Time=75.9s | BaseRaw=612.2 | CurrentRaw=603.2 | Change=9.0 => Floor
data,,612.2,613.2,1.0,613.2,Time=76.0s | BaseRaw=612.2 | CurrentRaw=613.2 | Change=1.0 => Floor
data,,612.2,603.0,9.2,603.0,Time=76.1s | BaseRaw=612.2 | CurrentRaw=603.0 | Change=9.2 => Floor
data,,612.2,609.8,2.4,609.8,Time=76.2s | BaseRaw=612.2 | CurrentRaw=609.8 | Change=2.4 => Floor
data,,612.2,604.2,8.0,604.2,Time=76.3s | BaseRaw=612.2 | CurrentRaw=604.2 | Change=8.0 => Floor
data,,612.2,607.6,4.6,607.6,Time=76.4s | BaseRaw=612.2 | CurrentRaw=607.6 | Change=4.6 => Floor
data,,612.2,610.0,2.2,610.0,Time=76.5s | BaseRaw=612.2 | CurrentRaw=610.0 | Change=2.2 => Floor
data,,612.2,608.0,4.2,608.0,Time=76.6s | BaseRaw=612.2 | CurrentRaw=608.0 | Change=4.2 => Floor
data,,612.2,615.0,2.8,615.0,Time=76.7s | BaseRaw=612.2 | CurrentRaw=615.0 | Change=2.8 => Floor
data,,612.2,609.0,3.2,609.0,Time=76.8s | BaseRaw=612.2 | CurrentRaw=609.0 | Change=3.2 => Floor
data,,612.2,620.6,8.4,620.6,Time=76.9s | BaseRaw=612.2 | CurrentRaw=620.6 | Change=8.4 => Floor
data,,612.2,608.2,4.0,608.2,Time=77.0s | BaseRaw=612.2 | CurrentRaw=608.2 | Change=4.0 => Floor
data,,612.2,620.2,8.0,620.2,Time=77.1s | BaseRaw=612.2 | CurrentRaw=620.2 | Change=8.0 => Floor
data,,612.2,606.6,5.6,606.6,Time=77.2s | BaseRaw=612.2 | CurrentRaw=606.6 | Change=5.6 => Floor
data,,612.2,618.0,5.8,618.0,Time=77.3s | BaseRaw=612.2 | CurrentRaw=618.0 | Change=5.8 => Floor
data,,612.2,603.2,9.0,603.2,Time=77.4s | BaseRaw=612.2 | CurrentRaw=603.2 | Change=9.0 => Floor
data,,612.2,613.0,0.8,613.0,Time=77.5s | BaseRaw=612.2 | CurrentRaw=613.0 | Change=0.8 => Floor
data,,612.2,603.6,8.6,603.6,Time=77.6s | BaseRaw=612.2 | CurrentRaw=603.6 | Change=8.6 => Floor
data,,612.2,609.8,2.4,609.8,Time=77.7s | BaseRaw=612.2 | CurrentRaw=609.8 | Change=2.4 => Floor
data,,612.2,605.2,7.0,605.2,Time=77.8s | BaseRaw=612.2 | CurrentRaw=605.2 | Change=7.0 => Floor
data,,612.2,608.2,4.0,608.2,Time=77.9s | BaseRaw=612.2 | CurrentRaw=608.2 | Change=4.0 => Floor
data,,612.2,611.4,0.8,611.4,Time=78.0s | BaseRaw=612.2 | CurrentRaw=611.4 | Change=0.8 => Floor
data,,612.2,608.4,3.8,608.4,Time=78.1s | BaseRaw=612.2 | CurrentRaw=608.4 | Change=3.8 => Floor
data,,612.2,616.2,4.0,616.2,Time=78.2s | BaseRaw=612.2 | CurrentRaw=616.2 | Change=4.0 => Floor
data,,612.2,609.2,3.0,609.2,Time=78.3s | BaseRaw=612.2 | CurrentRaw=609.2 | Change=3.0 => Floor
data,,612.2,621.0,8.8,621.0,Time=78.4s | BaseRaw=612.2 | CurrentRaw=621.0 | Change=8.8 => Floor
data,,612.2,608.0,4.2,608.0,Time=78.5s | BaseRaw=612.2 | CurrentRaw=608.0 | Change=4.2 => Floor
data,,612.2,619.8,7.6,619.8,Time=78.6s | BaseRaw=612.2 | CurrentRaw=619.8 | Change=7.6 => Floor
data,,612.2,606.0,6.2,606.0,Time=78.7s | BaseRaw=612.2 | CurrentRaw=606.0 | Change=6.2 => Floor
data,,612.2,616.8,4.6,616.8,Time=78.8s | BaseRaw=612.2 | CurrentRaw=616.8 | Change=4.6 => Floor
data,,612.2,603.0,9.2,603.0,Time=78.9s | BaseRaw=612.2 | CurrentRaw=603.0 | Change=9.2 => Floor
data,,612.2,611.8,0.4,611.8,Time=79.0s | BaseRaw=612.2 | CurrentRaw=611.8 | Change=0.4 => Floor
data,,612.2,604.2,8.0,604.2,Time=79.1s | BaseRaw=612.2 | CurrentRaw=604.2 | Change=8.0 => Floor
data,,612.2,609.2,3.0,609.2,Time=79.2s | BaseRaw=612.2 | CurrentRaw=609.2 | Change=3.0 => Floor
data,,612.2,607.0,5.2,607.0,Time=79.3s | BaseRaw=612.2 | CurrentRaw=607.0 | Change=5.2 => Floor
data,,612.2,608.0,4.2,608.0,Time=79.4s | BaseRaw=612.2 | CurrentRaw=608.0 | Change=4.2 => Floor
data,,612.2,613.6,1.4,613.6,Time=79.5s | BaseRaw=612.2 | CurrentRaw=613.6 | Change=1.4 => Floor
data,,612.2,608.6,3.6,608.6,Time=79.6s | BaseRaw=612.2 | CurrentRaw=608.6 | Change=3.6 => Floor
data,,612.2,617.8,5.6,617.8,Time=79.7s | BaseRaw=612.2 | CurrentRaw=617.8 | Change=5.6 => Floor
data,,612.2,608.8,3.4,608.8,Time=79.8s | BaseRaw=612.2 | CurrentRaw=608.8 | Change=3.4 => Floor
data,,612.2,620.8,8.6,620.8,Time=79.9s | BaseRaw=612.2 | CurrentRaw=620.8 | Change=8.6 => Floor
data,,612.2,606.6,5.6,606.6,Time=80.0s | BaseRaw=612.2 | CurrentRaw=606.6 | Change=5.6 => Floor
data,,612.2,617.8,5.6,617.8,Time=80.1s | BaseRaw=612.2 | CurrentRaw=617.8 | Change=5.6 => Floor
data,,612.2,604.8,7.4,604.8,Time=80.2s | BaseRaw=612.2 | CurrentRaw=604.8 | Change=7.4 => Floor
data,,612.2,614.0,1.8,614.0,Time=80.3s | BaseRaw=612.2 | CurrentRaw=614.0 | Change=1.8 => Floor
data,,612.2,603.0,9.2,603.0,Time=80.4s | BaseRaw=612.2 | CurrentRaw=603.0 | Change=9.2 => Floor
data,,612.2,609.6,2.6,609.6,Time=80.5s | BaseRaw=612.2 | CurrentRaw=609.6 | Change=2.6 => Floor
data,,612.2,606.6,5.6,606.6,Time=80.6s | BaseRaw=612.2 | CurrentRaw=606.6 | Change=5.6 => Floor
data,,612.2,608.2,4.0,608.2,Time=80.7s | BaseRaw=612.2 | CurrentRaw=608.2 | Change=4.0 => Floor
data,,612.2,611.2,1.0,611.2,Time=80.8s | BaseRaw=612.2 | CurrentRaw=611.2 | Change=1.0 => Floor
data,,612.2,608.8,3.4,608.8,Time=80.9s | BaseRaw=612.2 | CurrentRaw=608.8 | Change=3.4 => Floor
data,,612.2,618.0,5.8,618.0,Time=81.0s | BaseRaw=612.2 | CurrentRaw=618.0 | Change=5.8 => Floor
data,,612.2,608.6,3.6,608.6,Time=81.1s | BaseRaw=612.2 | CurrentRaw=608.6 | Change=3.6 => Floor
data,,612.2,620.0,7.8,620.0,Time=81.2s | BaseRaw=612.2 | CurrentRaw=620.0 | Change=7.8 => Floor
data,,612.2,607.8,4.4,607.8,Time=81.3s | BaseRaw=612.2 | CurrentRaw=607.8 | Change=4.4 => Floor
data,,612.2,619.4,7.2,619.4,Time=81.4s | BaseRaw=612.2 | CurrentRaw=619.4 | Change=7.2 => Floor
data,,612.2,604.6,7.6,604.6,Time=81.5s | BaseRaw=612.2 | CurrentRaw=604.6 | Change=7.6 => Floor
data,,612.2,614.6,2.4,614.6,Time=81.6s | BaseRaw=612.2 | CurrentRaw=614.6 | Change=2.4 => Floor
data,,612.2,604.2,8.0,604.2,Time=81.7s | BaseRaw=612.2 | CurrentRaw=604.2 | Change=8.0 => Floor
data,,612.2,610.8,1.4,610.8,Time=81.8s | BaseRaw=612.2 | CurrentRaw=610.8 | Change=1.4 => Floor
data,,612.2,605.0,7.2,605.0,Time=81.9s | BaseRaw=612.2 | CurrentRaw=605.0 | Change=7.2 => Floor
data,,612.2,608.4,3.8,608.4,Time=82.0s | BaseRaw=612.2 | CurrentRaw=608.4 | Change=3.8 => Floor
data,,612.2,611.2,1.0,611.2,Time=82.1s | BaseRaw=612.2 | CurrentRaw=611.2 | Change=1.0 => Floor
data,,612.2,608.2,4.0,608.2,Time=82.2s | BaseRaw=612.2 | CurrentRaw=608.2 | Change=4.0 => Floor
data,,612.2,616.2,4.0,616.2,Time=82.3s | BaseRaw=612.2 | CurrentRaw=616.2 | Change=4.0 => Floor
data,,612.2,609.0,3.2,609.0,Time=82.4s | BaseRaw=612.2 | CurrentRaw=609.0 | Change=3.2 => Floor
data,,612.2,620.4,8.2,620.4,Time=82.5s | BaseRaw=612.2 | CurrentRaw=620.4 | Change=8.2 => Floor
data,,612.2,607.0,5.2,607.0,Time=82.6s | BaseRaw=612.2 | CurrentRaw=607.0 | Change=5.2 => Floor
data,,612.2,618.4,6.2,618.4,Time=82.7s | BaseRaw=612.2 | CurrentRaw=618.4 | Change=6.2 => Floor
data,,612.2,604.8,7.4,604.8,Time=82.8s | BaseRaw=612.2 | CurrentRaw=604.8 | Change=7.4 => Floor
data,,612.2,614.8,2.6,614.8,Time=82.9s | BaseRaw=612.2 | CurrentRaw=614.8 | Change=2.6 => Floor
data,,612.2,602.6,9.6,602.6,Time=83.0s | BaseRaw=612.2 | CurrentRaw=602.6 | Change=9.6 => Floor
data,,612.2,610.2,2.0,610.2,Time=83.1s | BaseRaw=612.2 | CurrentRaw=610.2 | Change=2.0 => Floor
data,,612.2,605.2,7.0,605.2,Time=83.2s | BaseRaw=612.2 | CurrentRaw=605.2 | Change=7.0 => Floor
data,,612.2,607.8,4.4,607.8,Time=83.3s | BaseRaw=612.2 | CurrentRaw=607.8 | Change=4.4 => Floor
data,,612.2,609.0,3.2,609.0,Time=83.4s | BaseRaw=612.2 | CurrentRaw=609.0 | Change=3.2 => Floor
data,,612.2,607.4,4.8,607.4,Time=83.5s | BaseRaw=612.2 | CurrentRaw=607.4 | Change=4.8 => Floor
data,,612.2,616.0,3.8,616.0,Time=83.6s | BaseRaw=612.2 | CurrentRaw=616.0 | Change=3.8 => Floor
data,,612.2,608.0,4.2,608.0,Time=83.7s | BaseRaw=612.2 | CurrentRaw=608.0 | Change=4.2 => Floor
data,,612.2,618.8,6.6,618.8,Time=83.8s | BaseRaw=612.2 | CurrentRaw=618.8 | Change=6.6 => Floor
data,,612.2,607.2,5.0,607.2,Time=83.9s | BaseRaw=612.2 | CurrentRaw=607.2 | Change=5.0 => Floor
data,,612.2,618.8,6.6,618.8,Time=84.0s | BaseRaw=612.2 | CurrentRaw=618.8 | Change=6.6 => Floor
data,,612.2,603.6,8.6,603.6,Time=84.1s | BaseRaw=612.2 | CurrentRaw=603.6 | Change=8.6 => Floor
data,,612.2,613.2,1.0,613.2,Time=84.2s | BaseRaw=612.2 | CurrentRaw=613.2 | Change=1.0 => Floor
data,,612.2,602.8,9.4,602.8,Time=84.3s | BaseRaw=612.2 | CurrentRaw=602.8 | Change=9.4 => Floor
data,,612.2,609.4,2.8,609.4,Time=84.4s | BaseRaw=612.2 | CurrentRaw=609.4 | Change=2.8 => Floor
data,,612.2,603.6,8.6,603.6,Time=84.5s | BaseRaw=612.2 | CurrentRaw=603.6 | Change=8.6 => Floor
data,,612.2,606.8,5.4,606.8,Time=84.6s | BaseRaw=612.2 | CurrentRaw=606.8 | Change=5.4 => Floor
data,,612.2,610.2,2.0,610.2,Time=84.7s | BaseRaw=612.2 | CurrentRaw=610.2 | Change=2.0 => Floor
data,,612.2,607.0,5.2,607.0,Time=84.8s | BaseRaw=612.2 | CurrentRaw=607.0 | Change=5.2 => Floor
data,,612.2,615.4,3.2,615.4,Time=84.9s | BaseRaw=612.2 | CurrentRaw=615.4 | Change=3.2 => Floor
data,,612.2,608.0,4.2,608.0,Time=85.0s | BaseRaw=612.2 | CurrentRaw=608.0 | Change=4.2 => Floor
data,,612.2,619.8,7.6,619.8,Time=85.1s | BaseRaw=612.2 | CurrentRaw=619.8 | Change=7.6 => Floor
data,,612.2,606.2,6.0,606.2,Time=85.2s | BaseRaw=612.2 | CurrentRaw=606.2 | Change=6.0 => Floor
data,,612.2,617.2,5.0,617.2,Time=85.3s | BaseRaw=612.2 | CurrentRaw=617.2 | Change=5.0 => Floor
data,,612.2,604.0,8.2,604.0,Time=85.4s | BaseRaw=612.2 | CurrentRaw=604.0 | Change=8.2 => Floor
data,,612.2,613.0,0.8,613.0,Time=85.5s | BaseRaw=612.2 | CurrentRaw=613.0 | Change=0.8 => Floor
data,,612.2,601.8,10.4,601.8,Time=85.6s | BaseRaw=612.2 | CurrentRaw=601.8 | Change=10.4 => Liquid
data,,612.2,602.2,10.0,602.2,Time=85.7s | BaseRaw=612.2 | CurrentRaw=602.2 | Change=10.0 => Liquid
data,,612.2,594.4,17.8,594.4,Time=85.8s | BaseRaw=612.2 | CurrentRaw=594.4 | Change=17.8 => Liquid
data,,612.2,605.4,6.8,605.4,Time=85.9s | BaseRaw=612.2 | CurrentRaw=605.4 | Change=6.8 => Floor
data,,612.2,597.6,14.6,597.6,Time=86.0s | BaseRaw=612.2 | CurrentRaw=597.6 | Change=14.6 => Liquid
data,,612.2,594.4,17.8,594.4,Time=86.1s | BaseRaw=612.2 | CurrentRaw=594.4 | Change=17.8 => Liquid
data,,612.2,602.6,9.6,602.6,Time=86.2s | BaseRaw=612.2 | CurrentRaw=602.6 | Change=9.6 => Floor
data,,612.2,604.6,7.6,604.6,Time=86.3s | BaseRaw=612.2 | CurrentRaw=604.6 | Change=7.6 => Floor
data,,612.2,596.8,15.4,596.8,Time=86.4s | BaseRaw=612.2 | CurrentRaw=596.8 | Change=15.4 => Liquid
data,,612.2,608.6,3.6,608.6,Time=86.5s | BaseRaw=612.2 | CurrentRaw=608.6 | Change=3.6 => Floor
data,,612.2,608.6,3.6,608.6,Time=86.6s | BaseRaw=612.2 | CurrentRaw=608.6 | Change=3.6 => Floor
data,,612.2,611.0,1.2,611.0,Time=86.7s | BaseRaw=612.2 | CurrentRaw=611.0 | Change=1.2 => Floor
data,,612.2,607.8,4.4,607.8,Time=86.8s | BaseRaw=612.2 | CurrentRaw=607.8 | Change=4.4 => Floor
data,,612.2,609.4,2.8,609.4,Time=86.9s | BaseRaw=612.2 | CurrentRaw=609.4 | Change=2.8 => Floor
data,,612.2,604.4,7.8,604.4,Time=87.0s | BaseRaw=612.2 | CurrentRaw=604.4 | Change=7.8 => Floor
data,,612.2,607.2,5.0,607.2,Time=87.1s | BaseRaw=612.2 | CurrentRaw=607.2 | Change=5.0 => Floor
data,,612.2,608.8,3.4,608.8,Time=87.2s | BaseRaw=612.2 | CurrentRaw=608.8 | Change=3.4 => Floor
data,,612.2,607.0,5.2,607.0,Time=87.3s | BaseRaw=612.2 | CurrentRaw=607.0 | Change=5.2 => Floor
data,,612.2,616.0,3.8,616.0,Time=87.4s | BaseRaw=612.2 | CurrentRaw=616.0 | Change=3.8 => Floor
data,,612.2,607.6,4.6,607.6,Time=87.5s | BaseRaw=612.2 | CurrentRaw=607.6 | Change=4.6 => Floor
data,,612.2,618.4,6.2,618.4,Time=87.6s | BaseRaw=612.2 | CurrentRaw=618.4 | Change=6.2 => Floor
data,,612.2,606.6,5.6,606.6,Time=87.7s | BaseRaw=612.2 | CurrentRaw=606.6 | Change=5.6 => Floor
data,,612.2,617.6,5.4,617.6,Time=87.8s | BaseRaw=612.2 | CurrentRaw=617.6 | Change=5.4 => Floor
data,,612.2,602.8,9.4,602.8,Time=87.9s | BaseRaw=612.2 | CurrentRaw=602.8 | Change=9.4 => Floor
data,,612.2,611.6,0.6,611.6,Time=88.0s | BaseRaw=612.2 | CurrentRaw=611.6 | Change=0.6 => Floor
data,,612.2,602.6,9.6,602.6,Time=88.1s | BaseRaw=612.2 | CurrentRaw=602.6 | Change=9.6 => Floor
data,,612.2,607.8,4.4,607.8,Time=88.2s | BaseRaw=612.2 | CurrentRaw=607.8 | Change=4.4 => Floor
data,,612.2,605.0,7.2,605.0,Time=88.3s | BaseRaw=612.2 | CurrentRaw=605.0 | Change=7.2 => Floor
data,,612.2,606.8,5.4,606.8,Time=88.4s | BaseRaw=612.2 | CurrentRaw=606.8 | Change=5.4 => Floor
data,,612.2,612.4,0.2,612.4,Time=88.5s | BaseRaw=612.2 | CurrentRaw=612.4 | Change=0.2 => Floor
data,,612.2,607.2,5.0,607.2,Time=88.6s | BaseRaw=612.2 | CurrentRaw=607.2 | Change=5.0 => Floor
data,,612.2,616.8,4.6,616.8,Time=88.7s | BaseRaw=612.2 | CurrentRaw=616.8 | Change=4.6 => Floor
data,,612.2,607.2,5.0,607.2,Time=88.8s | BaseRaw=612.2 | CurrentRaw=607.2 | Change=5.0 => Floor
data,,612.2,618.8,6.6,618.8,Time=88.9s | BaseRaw=612.2 | CurrentRaw=618.8 | Change=6.6 => Floor
data,,612.2,604.4,7.8,604.4,Time=89.0s | BaseRaw=612.2 | CurrentRaw=604.4 | Change=7.8 => Floor
data,,612.2,614.6,2.4,614.6,Time=89.1s | BaseRaw=612.2 | CurrentRaw=614.6 | Change=2.4 => Floor
data,,612.2,602.8,9.4,602.8,Time=89.2s | BaseRaw=612.2 | CurrentRaw=602.8 | Change=9.4 => Floor
data,,612.2,610.0,2.2,610.0,Time=89.3s | BaseRaw=612.2 | CurrentRaw=610.0 | Change=2.2 => Floor
data,,612.2,602.2,10.0,602.2,Time=89.4s | BaseRaw=612.2 | CurrentRaw=602.2 | Change=10.0 => Liquid
data,,612.2,602.2,10.0,602.2,Time=89.5s | BaseRaw=612.2 | CurrentRaw=602.2 | Change=10.0 => Liquid
data,,612.2,594.2,18.0,594.2,Time=89.6s | BaseRaw=612.2 | CurrentRaw=594.2 | Change=18.0 => Liquid
data,,612.2,602.0,10.2,602.0,Time=89.7s | BaseRaw=612.2 | CurrentRaw=602.0 | Change=10.2 => Liquid
data,,612.2,609.8,2.4,609.8,Time=89.8s | BaseRaw=612.2 | CurrentRaw=609.8 | Change=2.4 => Floor
data,,612.2,603.4,8.8,603.4,Time=89.9s | BaseRaw=612.2 | CurrentRaw=603.4 | Change=8.8 => Floor
data,,612.2,618.4,6.2,618.4,Time=90.0s | BaseRaw=612.2 | CurrentRaw=618.4 | Change=6.2 => Floor
data,,612.2,615.8,3.6,615.8,Time=90.1s | BaseRaw=612.2 | CurrentRaw=615.8 | Change=3.6 => Floor
data,,612.2,618.0,5.8,618.0,Time=90.2s | BaseRaw=612.2 | CurrentRaw=618.0 | Change=5.8 => Floor
data,,612.2,603.4,8.8,603.4,Time=90.3s | BaseRaw=612.2 | CurrentRaw=603.4 | Change=8.8 => Floor
data,,612.2,612.8,0.6,612.8,Time=90.4s | BaseRaw=612.2 | CurrentRaw=612.8 | Change=0.6 => Floor
data,,612.2,602.6,9.6,602.6,Time=90.5s | BaseRaw=612.2 | CurrentRaw=602.6 | Change=9.6 => Floor
data,,612.2,608.6,3.6,608.6,Time=90.6s | BaseRaw=612.2 | CurrentRaw=608.6 | Change=3.6 => Floor
data,,612.2,603.8,8.4,603.8,Time=90.7s | BaseRaw=612.2 | CurrentRaw=603.8 | Change=8.4 => Floor
data,,612.2,606.4,5.8,606.4,Time=90.8s | BaseRaw=612.2 | CurrentRaw=606.4 | Change=5.8 => Floor
data,,612.2,610.6,1.6,610.6,Time=90.9s | BaseRaw=612.2 | CurrentRaw=610.6 | Change=1.6 => Floor
data,,612.2,606.8,5.4,606.8,Time=91.0s | BaseRaw=612.2 | CurrentRaw=606.8 | Change=5.4 => Floor
data,,612.2,615.8,3.6,615.8,Time=91.1s | BaseRaw=612.2 | CurrentRaw=615.8 | Change=3.6 => Floor
data,,612.2,607.4,4.8,607.4,Time=91.2s | BaseRaw=612.2 | CurrentRaw=607.4 | Change=4.8 => Floor
data,,612.2,619.0,6.8,619.0,Time=91.3s | BaseRaw=612.2 | CurrentRaw=619.0 | Change=6.8 => Floor
data,,612.2,605.2,7.0,605.2,Time=91.4s | BaseRaw=612.2 | CurrentRaw=605.2 | Change=7.0 => Floor
data,,612.2,615.4,3.2,615.4,Time=91.5s | BaseRaw=612.2 | CurrentRaw=615.4 | Change=3.2 => Floor
data,,612.2,603.2,9.0,603.2,Time=91.6s | BaseRaw=612.2 | CurrentRaw=603.2 | Change=9.0 => Floor
data,,612.2,610.8,1.4,610.8,Time=91.7s | BaseRaw=612.2 | CurrentRaw=610.8 | Change=1.4 => Floor
data,,612.2,602.2,10.0,602.2,Time=91.8s | BaseRaw=612.2 | CurrentRaw=602.2 | Change=10.0 => Liquid
data,,612.2,602.2,10.0,602.2,Time=91.9s | BaseRaw=612.2 | CurrentRaw=602.2 | Change=10.0 => Liquid
data,,612.2,594.2,18.0,594.2,Time=92.0s | BaseRaw=612.2 | CurrentRaw=594.2 | Change=18.0 => Liquid
data,,612.2,602.4,9.8,602.4,Time=92.1s | BaseRaw=612.2 | CurrentRaw=602.4 | Change=9.8 => Floor
data,,612.2,597.6,14.6,597.6,Time=92.2s | BaseRaw=612.2 | CurrentRaw=597.6 | Change=14.6 => Liquid
data,,612.2,591.6,20.6,591.6,Time=92.3s | BaseRaw=612.2 | CurrentRaw=591.6 | Change=20.6 => Liquid
data,,612.2,597.8,14.4,597.8,Time=92.4s | BaseRaw=612.2 | CurrentRaw=597.8 | Change=14.4 => Liquid
data,,612.2,609.6,2.6,609.6,Time=92.5s | BaseRaw=612.2 | CurrentRaw=609.6 | Change=2.6 => Floor
data,,612.2,598.2,14.0,598.2,Time=92.6s | BaseRaw=612.2 | CurrentRaw=598.2 | Change=14.0 => Liquid
data,,612.2,597.2,15.0,597.2,Time=92.7s | BaseRaw=612.2 | CurrentRaw=597.2 | Change=15.0 => Liquid
data,,612.2,607.0,5.2,607.0,Time=92.8s | BaseRaw=612.2 | CurrentRaw=607.0 | Change=5.2 => Floor
data,,612.2,604.4,7.8,604.4,Time=92.9s | BaseRaw=612.2 | CurrentRaw=604.4 | Change=7.8 => Floor
data,,612.2,596.0,16.2,596.0,Time=93.0s | BaseRaw=612.2 | CurrentRaw=596.0 | Change=16.2 => Liquid
data,,612.2,611.2,1.0,611.2,Time=93.1s | BaseRaw=612.2 | CurrentRaw=611.2 | Change=1.0 => Floor
data,,612.2,609.0,3.2,609.0,Time=93.2s | BaseRaw=612.2 | CurrentRaw=609.0 | Change=3.2 => Floor
data,,612.2,610.6,1.6,610.6,Time=93.3s | BaseRaw=612.2 | CurrentRaw=610.6 | Change=1.6 => Floor
data,,612.2,609.6,2.6,609.6,Time=93.4s | BaseRaw=612.2 | CurrentRaw=609.6 | Change=2.6 => Floor
data,,612.2,611.4,0.8,611.4,Time=93.5s | BaseRaw=612.2 | CurrentRaw=611.4 | Change=0.8 => Floor
data,,612.2,602.0,10.2,602.0,Time=93.6s | BaseRaw=612.2 | CurrentRaw=602.0 | Change=10.2 => Liquid
data,,612.2,602.4,9.8,602.4,Time=93.7s | BaseRaw=612.2 | CurrentRaw=602.4 | Change=9.8 => Floor
data,,612.2,604.6,7.6,604.6,Time=93.8s | BaseRaw=612.2 | CurrentRaw=604.6 | Change=7.6 => Floor
data,,612.2,602.4,9.8,602.4,Time=93.9s | BaseRaw=612.2 | CurrentRaw=602.4 | Change=9.8 => Floor
data,,612.2,604.4,7.8,604.4,Time=94.0s | BaseRaw=612.2 | CurrentRaw=604.4 | Change=7.8 => Floor
data,,612.2,602.8,9.4,602.8,Time=94.1s | BaseRaw=612.2 | CurrentRaw=602.8 | Change=9.4 => Floor
data,,612.2,609.6,2.6,609.6,Time=94.2s | BaseRaw=612.2 | CurrentRaw=609.6 | Change=2.6 => Floor
data,,612.2,603.0,9.2,603.0,Time=94.3s | BaseRaw=612.2 | CurrentRaw=603.0 | Change=9.2 => Floor
data,,612.2,606.6,5.6,606.6,Time=94.4s | BaseRaw=612.2 | CurrentRaw=606.6 | Change=5.6 => Floor
data,,612.2,608.8,3.4,608.8,Time=94.5s | BaseRaw=612.2 | CurrentRaw=608.8 | Change=3.4 => Floor
data,,612.2,606.2,6.0,606.2,Time=94.6s | BaseRaw=612.2 | CurrentRaw=606.2 | Change=6.0 => Floor
data,,612.2,614.2,2.0,614.2,Time=94.7s | BaseRaw=612.2 | CurrentRaw=614.2 | Change=2.0 => Floor
data,,612.2,607.2,5.0,607.2,Time=94.8s | BaseRaw=612.2 | CurrentRaw=607.2 | Change=5.0 => Floor
data,,612.2,618.6,6.4,618.6,Time=94.9s | BaseRaw=612.2 | CurrentRaw=618.6 | Change=6.4 => Floor
data,,612.2,605.6,6.6,605.6,Time=95.0s | BaseRaw=612.2 | CurrentRaw=605.6 | Change=6.6 => Floor
data,,612.2,616.8,4.6,616.8,Time=95.1s | BaseRaw=612.2 | CurrentRaw=616.8 | Change=4.6 => Floor
data,,612.2,603.8,8.4,603.8,Time=95.2s | BaseRaw=612.2 | CurrentRaw=603.8 | Change=8.4 => Floor
data,,612.2,613.0,0.8,613.0,Time=95.3s | BaseRaw=612.2 | CurrentRaw=613.0 | Change=0.8 => Floor
data,,612.2,601.6,10.6,601.6,Time=95.4s | BaseRaw=612.2 | CurrentRaw=601.6 | Change=10.6 => Liquid
data,,612.2,601.8,10.4,601.8,Time=95.5s | BaseRaw=612.2 | CurrentRaw=601.8 | Change=10.4 => Liquid
data,,612.2,594.0,18.2,594.0,Time=95.6s | BaseRaw=612.2 | CurrentRaw=594.0 | Change=18.2 => Liquid
data,,612.2,605.0,7.2,605.0,Time=95.7s | BaseRaw=612.2 | CurrentRaw=605.0 | Change=7.2 => Floor
data,,612.2,597.0,15.2,597.0,Time=95.8s | BaseRaw=612.2 | CurrentRaw=597.0 | Change=15.2 => Liquid
data,,612.2,594.0,18.2,594.0,Time=95.9s | BaseRaw=612.2 | CurrentRaw=594.0 | Change=18.2 => Liquid
data,,612.2,602.4,9.8,602.4,Time=96.0s | BaseRaw=612.2 | CurrentRaw=602.4 | Change=9.8 => Floor
data,,612.2,604.0,8.2,604.0,Time=96.1s | BaseRaw=612.2 | CurrentRaw=604.0 | Change=8.2 => Floor
data,,612.2,596.0,16.2,596.0,Time=96.2s | BaseRaw=612.2 | CurrentRaw=596.0 | Change=16.2 => Liquid
data,,612.2,608.0,4.2,608.0,Time=96.3s | BaseRaw=612.2 | CurrentRaw=608.0 | Change=4.2 => Floor
data,,612.2,608.0,4.2,608.0,Time=96.4s | BaseRaw=612.2 | CurrentRaw=608.0 | Change=4.2 => Floor
data,,612.2,610.4,1.8,610.4,Time=96.5s | BaseRaw=612.2 | CurrentRaw=610.4 | Change=1.8 => Floor
data,,612.2,607.0,5.2,607.0,Time=96.6s | BaseRaw=612.2 | CurrentRaw=607.0 | Change=5.2 => Floor
data,,612.2,609.0,3.2,609.0,Time=96.7s | BaseRaw=612.2 | CurrentRaw=609.0 | Change=3.2 => Floor
data,,612.2,603.4,8.8,603.4,Time=96.8s | BaseRaw=612.2 | CurrentRaw=603.4 | Change=8.8 => Floor
data,,612.2,606.6,5.6,606.6,Time=96.9s | BaseRaw=612.2 | CurrentRaw=606.6 | Change=5.6 => Floor
data,,612.2,607.6,4.6,607.6,Time=97.0s | BaseRaw=612.2 | CurrentRaw=607.6 | Change=4.6 => Floor
data,,612.2,606.4,5.8,606.4,Time=97.1s | BaseRaw=612.2 | CurrentRaw=606.4 | Change=5.8 => Floor
data,,612.2,614.6,2.4,614.6,Time=97.2s | BaseRaw=612.2 | CurrentRaw=614.6 | Change=2.4 => Floor
data,,612.2,607.0,5.2,607.0,Time=97.3s | BaseRaw=612.2 | CurrentRaw=607.0 | Change=5.2 => Floor
data,,612.2,617.8,5.6,617.8,Time=97.4s | BaseRaw=612.2 | CurrentRaw=617.8 | Change=5.6 => Floor
data,,612.2,606.2,6.0,606.2,Time=97.5s | BaseRaw=612.2 | CurrentRaw=606.2 | Change=6.0 => Floor
data,,612.2,618.0,5.8,618.0,Time=97.6s | BaseRaw=612.2 | CurrentRaw=618.0 | Change=5.8 => Floor
data,,612.2,603.2,9.0,603.2,Time=97.7s | BaseRaw=612.2 | CurrentRaw=603.2 | Change=9.0 => Floor
data,,612.2,613.0,0.8,613.0,Time=97.8s | BaseRaw=612.2 | CurrentRaw=613.0 | Change=0.8 => Floor
data,,612.2,601.8,10.4,601.8,Time=97.9s | BaseRaw=612.2 | CurrentRaw=601.8 | Change=10.4 => Liquid
data,,612.2,601.6,10.6,601.6,Time=98.0s | BaseRaw=612.2 | CurrentRaw=601.6 | Change=10.6 => Liquid
data,,612.2,593.4,18.8,593.4,Time=98.1s | BaseRaw=612.2 | CurrentRaw=593.4 | Change=18.8 => Liquid
data,,612.2,607.4,4.8,607.4,Time=98.2s | BaseRaw=612.2 | CurrentRaw=607.4 | Change=4.8 => Floor
data,,612.2,597.4,14.8,597.4,Time=98.3s | BaseRaw=612.2 | CurrentRaw=597.4 | Change=14.8 => Liquid
data,,612.2,595.4,16.8,595.4,Time=98.4s | BaseRaw=612.2 | CurrentRaw=595.4 | Change=16.8 => Liquid
data,,612.2,605.2,7.0,605.2,Time=98.5s | BaseRaw=612.2 | CurrentRaw=605.2 | Change=7.0 => Floor
data,,612.2,603.6,8.6,603.6,Time=98.6s | BaseRaw=612.2 | CurrentRaw=603.6 | Change=8.6 => Floor
data,,612.2,595.6,16.6,595.6,Time=98.7s | BaseRaw=612.2 | CurrentRaw=595.6 | Change=16.6 => Liquid
data,,612.2,610.8,1.4,610.8,Time=98.8s | BaseRaw=612.2 | CurrentRaw=610.8 | Change=1.4 => Floor
data,,612.2,608.8,3.4,608.8,Time=98.9s | BaseRaw=612.2 | CurrentRaw=608.8 | Change=3.4 => Floor
data,,612.2,611.4,0.8,611.4,Time=99.0s | BaseRaw=612.2 | CurrentRaw=611.4 | Change=0.8 => Floor
data,,612.2,609.4,2.8,609.4,Time=99.1s | BaseRaw=612.2 | CurrentRaw=609.4 | Change=2.8 => Floor
data,,612.2,612.4,0.2,612.4,Time=99.2s | BaseRaw=612.2 | CurrentRaw=612.4 | Change=0.2 => Floor
data,,612.2,601.4,10.8,601.4,Time=99.3s | BaseRaw=612.2 | CurrentRaw=601.4 | Change=10.8 => Liquid
data,,612.2,601.6,10.6,601.6,Time=99.4s | BaseRaw=612.2 | CurrentRaw=601.6 | Change=10.6 => Liquid
data,,612.2,594.6,17.6,594.6,Time=99.5s | BaseRaw=612.2 | CurrentRaw=594.6 | Change=17.6 => Liquid
data,,612.2,606.2,6.0,606.2,Time=99.6s | BaseRaw=612.2 | CurrentRaw=606.2 | Change=6.0 => Floor
data,,612.2,597.8,14.4,597.8,Time=99.7s | BaseRaw=612.2 | CurrentRaw=597.8 | Change=14.4 => Liquid
data,,612.2,595.0,17.2,595.0,Time=99.8s | BaseRaw=612.2 | CurrentRaw=595.0 | Change=17.2 => Liquid
data,,612.2,604.2,8.0,604.2,Time=99.9s | BaseRaw=612.2 | CurrentRaw=604.2 | Change=8.0 => Floor
data,,612.2,604.0,8.2,604.0,Time=100.0s | BaseRaw=612.2 | CurrentRaw=604.0 | Change=8.2 => Floor
data,,612.2,592.6,19.6,592.6,Time=100.1s | BaseRaw=612.2 | CurrentRaw=592.6 | Change=19.6 => Liquid
data,,612.2,596.6,15.6,596.6,Time=100.2s | BaseRaw=612.2 | CurrentRaw=596.6 | Change=15.6 => Liquid
data,,612.2,603.6,8.6,603.6,Time=100.3s | BaseRaw=612.2 | CurrentRaw=603.6 | Change=8.6 => Floor
data,,612.2,606.6,5.6,606.6,Time=100.4s | BaseRaw=612.2 | CurrentRaw=606.6 | Change=5.6 => Floor
data,,612.2,601.6,10.6,601.6,Time=100.5s | BaseRaw=612.2 | CurrentRaw=601.6 | Change=10.6 => Liquid
data,,612.2,600.2,12.0,600.2,Time=100.6s | BaseRaw=612.2 | CurrentRaw=600.2 | Change=12.0 => Liquid
data,,612.2,598.4,13.8,598.4,Time=100.7s | BaseRaw=612.2 | CurrentRaw=598.4 | Change=13.8 => Liquid
data,,612.2,596.6,15.6,596.6,Time=100.8s | BaseRaw=612.2 | CurrentRaw=596.6 | Change=15.6 => Liquid
data,,612.2,594.4,17.8,594.4,Time=100.9s | BaseRaw=612.2 | CurrentRaw=594.4 | Change=17.8 => Liquid
data,,612.2,608.4,3.8,608.4,Time=101.0s | BaseRaw=612.2 | CurrentRaw=608.4 | Change=3.8 => Floor
data,,612.2,612.6,0.4,612.6,Time=101.1s | BaseRaw=612.2 | CurrentRaw=612.6 | Change=0.4 => Floor
data,,612.2,611.2,1.0,611.2,Time=101.2s | BaseRaw=612.2 | CurrentRaw=611.2 | Change=1.0 => Floor
data,,612.2,619.6,7.4,619.6,Time=101.3s | BaseRaw=612.2 | CurrentRaw=619.6 | Change=7.4 => Floor
data,,612.2,613.6,1.4,613.6,Time=101.4s | BaseRaw=612.2 | CurrentRaw=613.6 | Change=1.4 => Floor
data,,612.2,601.8,10.4,601.8,Time=101.5s | BaseRaw=612.2 | CurrentRaw=601.8 | Change=10.4 => Liquid
data,,612.2,602.0,10.2,602.0,Time=101.6s | BaseRaw=612.2 | CurrentRaw=602.0 | Change=10.2 => Liquid
data,,612.2,609.0,3.2,609.0,Time=101.7s | BaseRaw=612.2 | CurrentRaw=609.0 | Change=3.2 => Floor
data,,612.2,606.6,5.6,606.6,Time=101.8s | BaseRaw=612.2 | CurrentRaw=606.6 | Change=5.6 => Floor
data,,612.2,602.0,10.2,602.0,Time=101.9s | BaseRaw=612.2 | CurrentRaw=602.0 | Change=10.2 => Liquid
data,,612.2,601.0,11.2,601.0,Time=102.0s | BaseRaw=612.2 | CurrentRaw=601.0 | Change=11.2 => Liquid
data,,612.2,599.2,13.0,599.2,Time=102.1s | BaseRaw=612.2 | CurrentRaw=599.2 | Change=13.0 => Liquid
data,,612.2,597.0,15.2,597.0,Time=102.2s | BaseRaw=612.2 | CurrentRaw=597.0 | Change=15.2 => Liquid
data,,612.2,594.8,17.4,594.8,Time=102.3s | BaseRaw=612.2 | CurrentRaw=594.8 | Change=17.4 => Liquid
data,,612.2,609.2,3.0,609.2,Time=102.4s | BaseRaw=612.2 | CurrentRaw=609.2 | Change=3.0 => Floor
data,,612.2,613.2,1.0,613.2,Time=102.5s | BaseRaw=612.2 | CurrentRaw=613.2 | Change=1.0 => Floor
data,,612.2,611.8,0.4,611.8,Time=102.6s | BaseRaw=612.2 | CurrentRaw=611.8 | Change=0.4 => Floor
data,,612.2,619.4,7.2,619.4,Time=102.7s | BaseRaw=612.2 | CurrentRaw=619.4 | Change=7.2 => Floor
data,,612.2,613.4,1.2,613.4,Time=102.8s | BaseRaw=612.2 | CurrentRaw=613.4 | Change=1.2 => Floor
data,,612.2,602.0,10.2,602.0,Time=102.9s | BaseRaw=612.2 | CurrentRaw=602.0 | Change=10.2 => Liquid
data,,612.2,602.4,9.8,602.4,Time=103.0s | BaseRaw=612.2 | CurrentRaw=602.4 | Change=9.8 => Floor
data,,612.2,616.0,3.8,616.0,Time=103.1s | BaseRaw=612.2 | CurrentRaw=616.0 | Change=3.8 => Floor
data,,612.2,601.8,10.4,601.8,Time=103.2s | BaseRaw=612.2 | CurrentRaw=601.8 | Change=10.4 => Liquid
data,,612.2,597.4,14.8,597.4,Time=103.3s | BaseRaw=612.2 | CurrentRaw=597.4 | Change=14.8 => Liquid
data,,612.2,596.0,16.2,596.0,Time=103.4s | BaseRaw=612.2 | CurrentRaw=596.0 | Change=16.2 => Liquid
data,,612.2,594.4,17.8,594.4,Time=103.5s | BaseRaw=612.2 | CurrentRaw=594.4 | Change=17.8 => Liquid
data,,612.2,586.4,25.8,586.4,Time=103.6s | BaseRaw=612.2 | CurrentRaw=586.4 | Change=25.8 => Liquid
data,,612.2,597.4,14.8,597.4,Time=103.7s | BaseRaw=612.2 | CurrentRaw=597.4 | Change=14.8 => Liquid
data,,612.2,612.2,0.0,612.2,Time=103.8s | BaseRaw=612.2 | CurrentRaw=612.2 | Change=0.0 => Floor
data,,612.2,615.4,3.2,615.4,Time=103.9s | BaseRaw=612.2 | CurrentRaw=615.4 | Change=3.2 => Floor
data,,612.2,613.8,1.6,613.8,Time=104.0s | BaseRaw=612.2 | CurrentRaw=613.8 | Change=1.6 => Floor
data,,612.2,621.8,9.6,621.8,Time=104.1s | BaseRaw=612.2 | CurrentRaw=621.8 | Change=9.6 => Floor
data,,612.2,614.2,2.0,614.2,Time=104.2s | BaseRaw=612.2 | CurrentRaw=614.2 | Change=2.0 => Floor
data,,612.2,602.4,9.8,602.4,Time=104.3s | BaseRaw=612.2 | CurrentRaw=602.4 | Change=9.8 => Floor
data,,612.2,614.0,1.8,614.0,Time=104.4s | BaseRaw=612.2 | CurrentRaw=614.0 | Change=1.8 => Floor
data,,612.2,614.0,1.8,614.0,Time=104.5s | BaseRaw=612.2 | CurrentRaw=614.0 | Change=1.8 => Floor
data,,612.2,602.4,9.8,602.4,Time=104.6s | BaseRaw=612.2 | CurrentRaw=602.4 | Change=9.8 => Floor
data,,612.2,615.0,2.8,615.0,Time=104.7s | BaseRaw=612.2 | CurrentRaw=615.0 | Change=2.8 => Floor
data,,612.2,613.4,1.2,613.4,Time=104.8s | BaseRaw=612.2 | CurrentRaw=613.4 | Change=1.2 => Floor
data,,612.2,602.2,10.0,602.2,Time=104.9s | BaseRaw=612.2 | CurrentRaw=602.2 | Change=10.0 => Liquid
data,,612.2,607.8,4.4,607.8,Time=105.0s | BaseRaw=612.2 | CurrentRaw=607.8 | Change=4.4 => Floor
data,,612.2,617.2,5.0,617.2,Time=105.1s | BaseRaw=612.2 | CurrentRaw=617.2 | Change=5.0 => Floor
data,,612.2,601.6,10.6,601.6,Time=105.2s | BaseRaw=612.2 | CurrentRaw=601.6 | Change=10.6 => Liquid
data,,612.2,601.0,11.2,601.0,Time=105.3s | BaseRaw=612.2 | CurrentRaw=601.0 | Change=11.2 => Liquid
data,,612.2,599.4,12.8,599.4,Time=105.4s | BaseRaw=612.2 | CurrentRaw=599.4 | Change=12.8 => Liquid
data,,612.2,597.6,14.6,597.6,Time=105.5s | BaseRaw=612.2 | CurrentRaw=597.6 | Change=14.6 => Liquid
data,,612.2,594.2,18.0,594.2,Time=105.6s | BaseRaw=612.2 | CurrentRaw=594.2 | Change=18.0 => Liquid
data,,612.2,607.6,4.6,607.6,Time=105.7s | BaseRaw=612.2 | CurrentRaw=607.6 | Change=4.6 => Floor
data,,612.2,612.6,0.4,612.6,Time=105.8s | BaseRaw=612.2 | CurrentRaw=612.6 | Change=0.4 => Floor
data,,612.2,611.4,0.8,611.4,Time=105.9s | BaseRaw=612.2 | CurrentRaw=611.4 | Change=0.8 => Floor
data,,612.2,620.0,7.8,620.0,Time=106.0s | BaseRaw=612.2 | CurrentRaw=620.0 | Change=7.8 => Floor
data,,612.2,614.8,2.6,614.8,Time=106.1s | BaseRaw=612.2 | CurrentRaw=614.8 | Change=2.6 => Floor
data,,612.2,603.4,8.8,603.4,Time=106.2s | BaseRaw=612.2 | CurrentRaw=603.4 | Change=8.8 => Floor
data,,612.2,612.8,0.6,612.8,Time=106.3s | BaseRaw=612.2 | CurrentRaw=612.8 | Change=0.6 => Floor
data,,612.2,614.6,2.4,614.6,Time=106.4s | BaseRaw=612.2 | CurrentRaw=614.6 | Change=2.4 => Floor
data,,612.2,603.0,9.2,603.0,Time=106.5s | BaseRaw=612.2 | CurrentRaw=603.0 | Change=9.2 => Floor
data,,612.2,614.0,1.8,614.0,Time=106.6s | BaseRaw=612.2 | CurrentRaw=614.0 | Change=1.8 => Floor
data,,612.2,614.2,2.0,614.2,Time=106.7s | BaseRaw=612.2 | CurrentRaw=614.2 | Change=2.0 => Floor
data,,612.2,602.8,9.4,602.8,Time=106.8s | BaseRaw=612.2 | CurrentRaw=602.8 | Change=9.4 => Floor
data,,612.2,615.2,3.0,615.2,Time=106.9s | BaseRaw=612.2 | CurrentRaw=615.2 | Change=3.0 => Floor
data,,612.2,613.8,1.6,613.8,Time=107.0s | BaseRaw=612.2 | CurrentRaw=613.8 | Change=1.6 => Floor
data,,612.2,602.6,9.6,602.6,Time=107.1s | BaseRaw=612.2 | CurrentRaw=602.6 | Change=9.6 => Floor
data,,612.2,616.2,4.0,616.2,Time=107.2s | BaseRaw=612.2 | CurrentRaw=616.2 | Change=4.0 => Floor
data,,612.2,613.6,1.4,613.6,Time=107.3s | BaseRaw=612.2 | CurrentRaw=613.6 | Change=1.4 => Floor
data,,612.2,602.8,9.4,602.8,Time=107.4s | BaseRaw=612.2 | CurrentRaw=602.8 | Change=9.4 => Floor
data,,612.2,617.0,4.8,617.0,Time=107.5s | BaseRaw=612.2 | CurrentRaw=617.0 | Change=4.8 => Floor
data,,612.2,613.0,0.8,613.0,Time=107.6s | BaseRaw=612.2 | CurrentRaw=613.0 | Change=0.8 => Floor
data,,612.2,603.0,9.2,603.0,Time=107.7s | BaseRaw=612.2 | CurrentRaw=603.0 | Change=9.2 => Floor
data,,612.2,617.2,5.0,617.2,Time=107.8s | BaseRaw=612.2 | CurrentRaw=617.2 | Change=5.0 => Floor
data,,612.2,612.2,0.0,612.2,Time=107.9s | BaseRaw=612.2 | CurrentRaw=612.2 | Change=0.0 => Floor
data,,612.2,603.2,9.0,603.2,Time=108.0s | BaseRaw=612.2 | CurrentRaw=603.2 | Change=9.0 => Floor
data,,612.2,617.4,5.2,617.4,Time=108.1s | BaseRaw=612.2 | CurrentRaw=617.4 | Change=5.2 => Floor
data,,612.2,611.4,0.8,611.4,Time=108.2s | BaseRaw=612.2 | CurrentRaw=611.4 | Change=0.8 => Floor
data,,612.2,603.6,8.6,603.6,Time=108.3s | BaseRaw=612.2 | CurrentRaw=603.6 | Change=8.6 => Floor
data,,612.2,617.4,5.2,617.4,Time=108.4s | BaseRaw=612.2 | CurrentRaw=617.4 | Change=5.2 => Floor
data,,612.2,610.2,2.0,610.2,Time=108.5s | BaseRaw=612.2 | CurrentRaw=610.2 | Change=2.0 => Floor
data,,612.2,604.0,8.2,604.0,Time=108.6s | BaseRaw=612.2 | CurrentRaw=604.0 | Change=8.2 => Floor
data,,612.2,617.0,4.8,617.0,Time=108.7s | BaseRaw=612.2 | CurrentRaw=617.0 | Change=4.8 => Floor
data,,612.2,609.2,3.0,609.2,Time=108.8s | BaseRaw=612.2 | CurrentRaw=609.2 | Change=3.0 => Floor
data,,612.2,604.6,7.6,604.6,Time=108.9s | BaseRaw=612.2 | CurrentRaw=604.6 | Change=7.6 => Floor
data,,612.2,617.0,4.8,617.0,Time=109.0s | BaseRaw=612.2 | CurrentRaw=617.0 | Change=4.8 => Floor
data,,612.2,608.6,3.6,608.6,Time=109.1s | BaseRaw=612.2 | CurrentRaw=608.6 | Change=3.6 => Floor
data,,612.2,605.6,6.6,605.6,Time=109.2s | BaseRaw=612.2 | CurrentRaw=605.6 | Change=6.6 => Floor
data,,612.2,616.8,4.6,616.8,Time=109.3s | BaseRaw=612.2 | CurrentRaw=616.8 | Change=4.6 => Floor
data,,612.2,607.8,4.4,607.8,Time=109.4s | BaseRaw=612.2 | CurrentRaw=607.8 | Change=4.4 => Floor
data,,612.2,607.2,5.0,607.2,Time=109.5s | BaseRaw=612.2 | CurrentRaw=607.2 | Change=5.0 => Floor
data,,612.2,616.6,4.4,616.6,Time=109.6s | BaseRaw=612.2 | CurrentRaw=616.6 | Change=4.4 => Floor
data,,612.2,607.2,5.0,607.2,Time=109.7s | BaseRaw=612.2 | CurrentRaw=607.2 | Change=5.0 => Floor
data,,612.2,608.6,3.6,608.6,Time=109.8s | BaseRaw=612.2 | CurrentRaw=608.6 | Change=3.6 => Floor
data,,612.2,616.2,4.0,616.2,Time=109.9s | BaseRaw=612.2 | CurrentRaw=616.2 | Change=4.0 => Floor
data,,612.2,605.8,6.4,605.8,Time=110.0s | BaseRaw=612.2 | CurrentRaw=605.8 | Change=6.4 => Floor
data,,612.2,609.6,2.6,609.6,Time=110.1s | BaseRaw=612.2 | CurrentRaw=609.6 | Change=2.6 => Floor
data,,612.2,615.4,3.2,615.4,Time=110.2s | BaseRaw=612.2 | CurrentRaw=615.4 | Change=3.2 => Floor
data,,612.2,604.6,7.6,604.6,Time=110.3s | BaseRaw=612.2 | CurrentRaw=604.6 | Change=7.6 => Floor
data,,612.2,610.8,1.4,610.8,Time=110.4s | BaseRaw=612.2 | CurrentRaw=610.8 | Change=1.4 => Floor
data,,612.2,615.0,2.8,615.0,Time=110.5s | BaseRaw=612.2 | CurrentRaw=615.0 | Change=2.8 => Floor
data,,612.2,604.2,8.0,604.2,Time=110.6s | BaseRaw=612.2 | CurrentRaw=604.2 | Change=8.0 => Floor
data,,612.2,612.4,0.2,612.4,Time=110.7s | BaseRaw=612.2 | CurrentRaw=612.4 | Change=0.2 => Floor
data,,612.2,614.8,2.6,614.8,Time=110.8s | BaseRaw=612.2 | CurrentRaw=614.8 | Change=2.6 => Floor
data,,612.2,603.6,8.6,603.6,Time=110.9s | BaseRaw=612.2 | CurrentRaw=603.6 | Change=8.6 => Floor
data,,612.2,613.4,1.2,613.4,Time=111.0s | BaseRaw=612.2 | CurrentRaw=613.4 | Change=1.2 => Floor
data,,612.2,613.8,1.6,613.8,Time=111.1s | BaseRaw=612.2 | CurrentRaw=613.8 | Change=1.6 => Floor
data,,612.2,603.0,9.2,603.0,Time=111.2s | BaseRaw=612.2 | CurrentRaw=603.0 | Change=9.2 => Floor
data,,612.2,614.4,2.2,614.4,Time=111.3s | BaseRaw=612.2 | CurrentRaw=614.4 | Change=2.2 => Floor
data,,612.2,613.4,1.2,613.4,Time=111.4s | BaseRaw=612.2 | CurrentRaw=613.4 | Change=1.2 => Floor
data,,612.2,603.4,8.8,603.4,Time=111.5s | BaseRaw=612.2 | CurrentRaw=603.4 | Change=8.8 => Floor
data,,612.2,616.0,3.8,616.0,Time=111.6s | BaseRaw=612.2 | CurrentRaw=616.0 | Change=3.8 => Floor
data,,612.2,613.4,1.2,613.4,Time=111.7s | BaseRaw=612.2 | CurrentRaw=613.4 | Change=1.2 => Floor
data,,612.2,604.0,8.2,604.0,Time=111.8s | BaseRaw=612.2 | CurrentRaw=604.0 | Change=8.2 => Floor
data,,612.2,616.8,4.6,616.8,Time=111.9s | BaseRaw=612.2 | CurrentRaw=616.8 | Change=4.6 => Floor
data,,612.2,612.4,0.2,612.4,Time=112.0s | BaseRaw=612.2 | CurrentRaw=612.4 | Change=0.2 => Floor
data,,612.2,604.0,8.2,604.0,Time=112.1s | BaseRaw=612.2 | CurrentRaw=604.0 | Change=8.2 => Floor
data,,612.2,616.8,4.6,616.8,Time=112.2s | BaseRaw=612.2 | CurrentRaw=616.8 | Change=4.6 => Floor
data,,612.2,611.4,0.8,611.4,Time=112.3s | BaseRaw=612.2 | CurrentRaw=611.4 | Change=0.8 => Floor
data,,612.2,604.8,7.4,604.8,Time=112.4s | BaseRaw=612.2 | CurrentRaw=604.8 | Change=7.4 => Floor
data,,612.2,617.0,4.8,617.0,Time=112.5s | BaseRaw=612.2 | CurrentRaw=617.0 | Change=4.8 => Floor
data,,612.2,610.4,1.8,610.4,Time=112.6s | BaseRaw=612.2 | CurrentRaw=610.4 | Change=1.8 => Floor
data,,612.2,605.8,6.4,605.8,Time=112.7s | BaseRaw=612.2 | CurrentRaw=605.8 | Change=6.4 => Floor
data,,612.2,616.8,4.6,616.8,Time=112.8s | BaseRaw=612.2 | CurrentRaw=616.8 | Change=4.6 => Floor
data,,612.2,609.2,3.0,609.2,Time=112.9s | BaseRaw=612.2 | CurrentRaw=609.2 | Change=3.0 => Floor
data,,612.2,606.6,5.6,606.6,Time=113.0s | BaseRaw=612.2 | CurrentRaw=606.6 | Change=5.6 => Floor
data,,612.2,616.2,4.0,616.2,Time=113.1s | BaseRaw=612.2 | CurrentRaw=616.2 | Change=4.0 => Floor
data,,612.2,607.2,5.0,607.2,Time=113.2s | BaseRaw=612.2 | CurrentRaw=607.2 | Change=5.0 => Floor
data,,612.2,607.2,5.0,607.2,Time=113.3s | BaseRaw=612.2 | CurrentRaw=607.2 | Change=5.0 => Floor
data,,612.2,615.2,3.0,615.2,Time=113.4s | BaseRaw=612.2 | CurrentRaw=615.2 | Change=3.0 => Floor
data,,612.2,605.6,6.6,605.6,Time=113.5s | BaseRaw=612.2 | CurrentRaw=605.6 | Change=6.6 => Floor
data,,612.2,608.4,3.8,608.4,Time=113.6s | BaseRaw=612.2 | CurrentRaw=608.4 | Change=3.8 => Floor
data,,612.2,614.8,2.6,614.8,Time=113.7s | BaseRaw=612.2 | CurrentRaw=614.8 | Change=2.6 => Floor
data,,612.2,604.6,7.6,604.6,Time=113.8s | BaseRaw=612.2 | CurrentRaw=604.6 | Change=7.6 => Floor
data,,612.2,609.8,2.4,609.8,Time=113.9s | BaseRaw=612.2 | CurrentRaw=609.8 | Change=2.4 => Floor
data,,612.2,614.6,2.4,614.6,Time=114.0s | BaseRaw=612.2 | CurrentRaw=614.6 | Change=2.4 => Floor
data,,612.2,603.8,8.4,603.8,Time=114.1s | BaseRaw=612.2 | CurrentRaw=603.8 | Change=8.4 => Floor
data,,612.2,611.6,0.6,611.6,Time=114.2s | BaseRaw=612.2 | CurrentRaw=611.6 | Change=0.6 => Floor
data,,612.2,614.6,2.4,614.6,Time=114.3s | BaseRaw=612.2 | CurrentRaw=614.6 | Change=2.4 => Floor
data,,612.2,603.2,9.0,603.2,Time=114.4s | BaseRaw=612.2 | CurrentRaw=603.2 | Change=9.0 => Floor
data,,612.2,612.8,0.6,612.8,Time=114.5s | BaseRaw=612.2 | CurrentRaw=612.8 | Change=0.6 => Floor
data,,612.2,614.4,2.2,614.4,Time=114.6s | BaseRaw=612.2 | CurrentRaw=614.4 | Change=2.2 => Floor
data,,612.2,602.6,9.6,602.6,Time=114.7s | BaseRaw=612.2 | CurrentRaw=602.6 | Change=9.6 => Floor
data,,612.2,613.8,1.6,613.8,Time=114.8s | BaseRaw=612.2 | CurrentRaw=613.8 | Change=1.6 => Floor
data,,612.2,614.0,1.8,614.0,Time=114.9s | BaseRaw=612.2 | CurrentRaw=614.0 | Change=1.8 => Floor
data,,612.2,602.6,9.6,602.6,Time=115.0s | BaseRaw=612.2 | CurrentRaw=602.6 | Change=9.6 => Floor
data,,612.2,615.2,3.0,615.2,Time=115.1s | BaseRaw=612.2 | CurrentRaw=615.2 | Change=3.0 => Floor
data,,612.2,613.8,1.6,613.8,Time=115.2s | BaseRaw=612.2 | CurrentRaw=613.8 | Change=1.6 => Floor
data,,612.2,602.8,9.4,602.8,Time=115.3s | BaseRaw=612.2 | CurrentRaw=602.8 | Change=9.4 => Floor
data,,612.2,616.4,4.2,616.4,Time=115.4s | BaseRaw=612.2 | CurrentRaw=616.4 | Change=4.2 => Floor
data,,612.2,613.4,1.2,613.4,Time=115.5s | BaseRaw=612.2 | CurrentRaw=613.4 | Change=1.2 => Floor
data,,612.2,602.6,9.6,602.6,Time=115.6s | BaseRaw=612.2 | CurrentRaw=602.6 | Change=9.6 => Floor
data,,612.2,616.8,4.6,616.8,Time=115.7s | BaseRaw=612.2 | CurrentRaw=616.8 | Change=4.6 => Floor
data,,612.2,612.6,0.4,612.6,Time=115.8s | BaseRaw=612.2 | CurrentRaw=612.6 | Change=0.4 => Floor
data,,612.2,602.6,9.6,602.6,Time=115.9s | BaseRaw=612.2 | CurrentRaw=602.6 | Change=9.6 => Floor
data,,612.2,617.2,5.0,617.2,Time=116.0s | BaseRaw=612.2 | CurrentRaw=617.2 | Change=5.0 => Floor
data,,612.2,612.2,0.0,612.2,Time=116.1s | BaseRaw=612.2 | CurrentRaw=612.2 | Change=0.0 => Floor
data,,612.2,603.4,8.8,603.4,Time=116.2s | BaseRaw=612.2 | CurrentRaw=603.4 | Change=8.8 => Floor
data,,612.2,617.8,5.6,617.8,Time=116.3s | BaseRaw=612.2 | CurrentRaw=617.8 | Change=5.6 => Floor
data,,612.2,611.8,0.4,611.8,Time=116.4s | BaseRaw=612.2 | CurrentRaw=611.8 | Change=0.4 => Floor
data,,612.2,604.0,8.2,604.0,Time=116.5s | BaseRaw=612.2 | CurrentRaw=604.0 | Change=8.2 => Floor
data,,612.2,617.8,5.6,617.8,Time=116.6s | BaseRaw=612.2 | CurrentRaw=617.8 | Change=5.6 => Floor
data,,612.2,610.6,1.6,610.6,Time=116.7s | BaseRaw=612.2 | CurrentRaw=610.6 | Change=1.6 => Floor
data,,612.2,604.2,8.0,604.2,Time=116.8s | BaseRaw=612.2 | CurrentRaw=604.2 | Change=8.0 => Floor
data,,612.2,617.4,5.2,617.4,Time=116.9s | BaseRaw=612.2 | CurrentRaw=617.4 | Change=5.2 => Floor
data,,612.2,609.6,2.6,609.6,Time=117.0s | BaseRaw=612.2 | CurrentRaw=609.6 | Change=2.6 => Floor
data,,612.2,604.6,7.6,604.6,Time=117.1s | BaseRaw=612.2 | CurrentRaw=604.6 | Change=7.6 => Floor
data,,612.2,617.2,5.0,617.2,Time=117.2s | BaseRaw=612.2 | CurrentRaw=617.2 | Change=5.0 => Floor
data,,612.2,608.8,3.4,608.8,Time=117.3s | BaseRaw=612.2 | CurrentRaw=608.8 | Change=3.4 => Floor
data,,612.2,605.6,6.6,605.6,Time=117.4s | BaseRaw=612.2 | CurrentRaw=605.6 | Change=6.6 => Floor
data,,612.2,617.0,4.8,617.0,Time=117.5s | BaseRaw=612.2 | CurrentRaw=617.0 | Change=4.8 => Floor
data,,612.2,608.0,4.2,608.0,Time=117.6s | BaseRaw=612.2 | CurrentRaw=608.0 | Change=4.2 => Floor
data,,612.2,606.8,5.4,606.8,Time=117.7s | BaseRaw=612.2 | CurrentRaw=606.8 | Change=5.4 => Floor
data,,612.2,616.8,4.6,616.8,Time=117.8s | BaseRaw=612.2 | CurrentRaw=616.8 | Change=4.6 => Floor
data,,612.2,607.2,5.0,607.2,Time=117.9s | BaseRaw=612.2 | CurrentRaw=607.2 | Change=5.0 => Floor
data,,612.2,608.0,4.2,608.0,Time=118.0s | BaseRaw=612.2 | CurrentRaw=608.0 | Change=4.2 => Floor
data,,612.2,616.4,4.2,616.4,Time=118.1s | BaseRaw=612.2 | CurrentRaw=616.4 | Change=4.2 => Floor
data,,612.2,606.4,5.8,606.4,Time=118.2s | BaseRaw=612.2 | CurrentRaw=606.4 | Change=5.8 => Floor
data,,612.2,609.2,3.0,609.2,Time=118.3s | BaseRaw=612.2 | CurrentRaw=609.2 | Change=3.0 => Floor
data,,612.2,616.0,3.8,616.0,Time=118.4s | BaseRaw=612.2 | CurrentRaw=616.0 | Change=3.8 => Floor
data,,612.2,605.4,6.8,605.4,Time=118.5s | BaseRaw=612.2 | CurrentRaw=605.4 | Change=6.8 => Floor
data,,612.2,610.4,1.8,610.4,Time=118.6s | BaseRaw=612.2 | CurrentRaw=610.4 | Change=1.8 => Floor
data,,612.2,615.4,3.2,615.4,Time=118.7s | BaseRaw=612.2 | CurrentRaw=615.4 | Change=3.2 => Floor
data,,612.2,604.6,7.6,604.6,Time=118.8s | BaseRaw=612.2 | CurrentRaw=604.6 | Change=7.6 => Floor
data,,612.2,611.6,0.6,611.6,Time=118.9s | BaseRaw=612.2 | CurrentRaw=611.6 | Change=0.6 => Floor
data,,612.2,615.2,3.0,615.2,Time=119.0s | BaseRaw=612.2 | CurrentRaw=615.2 | Change=3.0 => Floor
data,,612.2,604.2,8.0,604.2,Time=119.1s | BaseRaw=612.2 | CurrentRaw=604.2 | Change=8.0 => Floor
data,,612.2,612.8,0.6,612.8,Time=119.2s | BaseRaw=612.2 | CurrentRaw=612.8 | Change=0.6 => Floor
data,,612.2,614.8,2.6,614.8,Time=119.3s | BaseRaw=612.2 | CurrentRaw=614.8 | Change=2.6 => Floor
data,,612.2,603.6,8.6,603.6,Time=119.4s | BaseRaw=612.2 | CurrentRaw=603.6 | Change=8.6 => Floor
data,,612.2,613.8,1.6,613.8,Time=119.5s | BaseRaw=612.2 | CurrentRaw=613.8 | Change=1.6 => Floor
data,,612.2,614.4,2.2,614.4,Time=119.6s | BaseRaw=612.2 | CurrentRaw=614.4 | Change=2.2 => Floor
data,,612.2,603.4,8.8,603.4,Time=119.7s | BaseRaw=612.2 | CurrentRaw=603.4 | Change=8.8 => Floor
data,,612.2,615.0,2.8,615.0,Time=119.8s | BaseRaw=612.2 | CurrentRaw=615.0 | Change=2.8 => Floor
data,,612.2,614.2,2.0,614.2,Time=119.9s | BaseRaw=612.2 | CurrentRaw=614.2 | Change=2.0 => Floor
data,,612.2,603.6,8.6,603.6,Time=120.0s | BaseRaw=612.2 | CurrentRaw=603.6 | Change=8.6 => Floor
data,,612.2,615.8,3.6,615.8,Time=120.1s | BaseRaw=612.2 | CurrentRaw=615.8 | Change=3.6 => Floor
data,,612.2,613.8,1.6,613.8,Time=120.2s | BaseRaw=612.2 | CurrentRaw=613.8 | Change=1.6 => Floor
data,,612.2,603.8,8.4,603.8,Time=120.3s | BaseRaw=612.2 | CurrentRaw=603.8 | Change=8.4 => Floor
data,,612.2,616.6,4.4,616.6,Time=120.4s | BaseRaw=612.2 | CurrentRaw=616.6 | Change=4.4 => Floor
data,,612.2,613.2,1.0,613.2,Time=120.5s | BaseRaw=612.2 | CurrentRaw=613.2 | Change=1.0 => Floor
data,,612.2,604.2,8.0,604.2,Time=120.6s | BaseRaw=612.2 | CurrentRaw=604.2 | Change=8.0 => Floor
data,,612.2,617.2,5.0,617.2,Time=120.7s | BaseRaw=612.2 | CurrentRaw=617.2 | Change=5.0 => Floor
data,,612.2,612.4,0.2,612.4,Time=120.8s | BaseRaw=612.2 | CurrentRaw=612.4 | Change=0.2 => Floor
data,,612.2,604.4,7.8,604.4,Time=120.9s | BaseRaw=612.2 | CurrentRaw=604.4 | Change=7.8 => Floor
data,,612.2,617.4,5.2,617.4,Time=121.0s | BaseRaw=612.2 | CurrentRaw=617.4 | Change=5.2 => Floor
data,,612.2,611.6,0.6,611.6,Time=121.1s | BaseRaw=612.2 | CurrentRaw=611.6 | Change=0.6 => Floor
data,,612.2,604.8,7.4,604.8,Time=121.2s | BaseRaw=612.2 | CurrentRaw=604.8 | Change=7.4 => Floor
data,,612.2,617.4,5.2,617.4,Time=121.3s | BaseRaw=612.2 | CurrentRaw=617.4 | Change=5.2 => Floor
data,,612.2,610.6,1.6,610.6,Time=121.4s | BaseRaw=612.2 | CurrentRaw=610.6 | Change=1.6 => Floor
data,,612.2,605.4,6.8,605.4,Time=121.5s | BaseRaw=612.2 | CurrentRaw=605.4 | Change=6.8 => Floor
data,,612.2,617.0,4.8,617.0,Time=121.6s | BaseRaw=612.2 | CurrentRaw=617.0 | Change=4.8 => Floor
data,,612.2,609.4,2.8,609.4,Time=121.7s | BaseRaw=612.2 | CurrentRaw=609.4 | Change=2.8 => Floor
data,,612.2,606.0,6.2,606.0,Time=121.8s | BaseRaw=612.2 | CurrentRaw=606.0 | Change=6.2 => Floor
data,,612.2,616.4,4.2,616.4,Time=121.9s | BaseRaw=612.2 | CurrentRaw=616.4 | Change=4.2 => Floor
data,,612.2,608.0,4.2,608.0,Time=122.0s | BaseRaw=612.2 | CurrentRaw=608.0 | Change=4.2 => Floor
data,,612.2,606.6,5.6,606.6,Time=122.1s | BaseRaw=612.2 | CurrentRaw=606.6 | Change=5.6 => Floor
data,,612.2,616.0,3.8,616.0,Time=122.2s | BaseRaw=612.2 | CurrentRaw=616.0 | Change=3.8 => Floor
data,,612.2,606.8,5.4,606.8,Time=122.3s | BaseRaw=612.2 | CurrentRaw=606.8 | Change=5.4 => Floor
data,,612.2,607.6,4.6,607.6,Time=122.4s | BaseRaw=612.2 | CurrentRaw=607.6 | Change=4.6 => Floor
data,,612.2,615.8,3.6,615.8,Time=122.5s | BaseRaw=612.2 | CurrentRaw=615.8 | Change=3.6 => Floor
data,,612.2,606.0,6.2,606.0,Time=122.6s | BaseRaw=612.2 | CurrentRaw=606.0 | Change=6.2 => Floor
data,,612.2,608.6,3.6,608.6,Time=122.7s | BaseRaw=612.2 | CurrentRaw=608.6 | Change=3.6 => Floor
data,,612.2,615.2,3.0,615.2,Time=122.8s | BaseRaw=612.2 | CurrentRaw=615.2 | Change=3.0 => Floor
data,,612.2,604.8,7.4,604.8,Time=122.9s | BaseRaw=612.2 | CurrentRaw=604.8 | Change=7.4 => Floor
data,,612.2,609.6,2.6,609.6,Time=123.0s | BaseRaw=612.2 | CurrentRaw=609.6 | Change=2.6 => Floor
data,,612.2,614.6,2.4,614.6,Time=123.1s | BaseRaw=612.2 | CurrentRaw=614.6 | Change=2.4 => Floor
data,,612.2,604.0,8.2,604.0,Time=123.2s | BaseRaw=612.2 | CurrentRaw=604.0 | Change=8.2 => Floor
data,,612.2,611.0,1.2,611.0,Time=123.3s | BaseRaw=612.2 | CurrentRaw=611.0 | Change=1.2 => Floor
data,,612.2,615.0,2.8,615.0,Time=123.4s | BaseRaw=612.2 | CurrentRaw=615.0 | Change=2.8 => Floor
data,,612.2,603.6,8.6,603.6,Time=123.5s | BaseRaw=612.2 | CurrentRaw=603.6 | Change=8.6 => Floor
data,,612.2,612.6,0.4,612.6,Time=123.6s | BaseRaw=612.2 | CurrentRaw=612.6 | Change=0.4 => Floor
data,,612.2,615.0,2.8,615.0,Time=123.7s | BaseRaw=612.2 | CurrentRaw=615.0 | Change=2.8 => Floor
data,,612.2,603.4,8.8,603.4,Time=123.8s | BaseRaw=612.2 | CurrentRaw=603.4 | Change=8.8 => Floor
data,,612.2,613.6,1.4,613.6,Time=123.9s | BaseRaw=612.2 | CurrentRaw=613.6 | Change=1.4 => Floor
data,,612.2,614.8,2.6,614.8,Time=124.0s | BaseRaw=612.2 | CurrentRaw=614.8 | Change=2.6 => Floor
data,,612.2,603.0,9.2,603.0,Time=124.1s | BaseRaw=612.2 | CurrentRaw=603.0 | Change=9.2 => Floor
data,,612.2,614.6,2.4,614.6,Time=124.2s | BaseRaw=612.2 | CurrentRaw=614.6 | Change=2.4 => Floor
data,,612.2,614.4,2.2,614.4,Time=124.3s | BaseRaw=612.2 | CurrentRaw=614.4 | Change=2.2 => Floor
data,,612.2,602.8,9.4,602.8,Time=124.4s | BaseRaw=612.2 | CurrentRaw=602.8 | Change=9.4 => Floor
data,,612.2,615.4,3.2,615.4,Time=124.5s | BaseRaw=612.2 | CurrentRaw=615.4 | Change=3.2 => Floor
data,,612.2,614.2,2.0,614.2,Time=124.6s | BaseRaw=612.2 | CurrentRaw=614.2 | Change=2.0 => Floor
data,,612.2,602.8,9.4,602.8,Time=124.7s | BaseRaw=612.2 | CurrentRaw=602.8 | Change=9.4 => Floor
data,,612.2,616.4,4.2,616.4,Time=124.8s | BaseRaw=612.2 | CurrentRaw=616.4 | Change=4.2 => Floor
data,,612.2,613.6,1.4,613.6,Time=124.9s | BaseRaw=612.2 | CurrentRaw=613.6 | Change=1.4 => Floor
data,,612.2,602.8,9.4,602.8,Time=125.0s | BaseRaw=612.2 | CurrentRaw=602.8 | Change=9.4 => Floor
data,,612.2,616.8,4.6,616.8,Time=125.1s | BaseRaw=612.2 | CurrentRaw=616.8 | Change=4.6 => Floor
data,,612.2,613.0,0.8,613.0,Time=125.2s | BaseRaw=612.2 | CurrentRaw=613.0 | Change=0.8 => Floor
data,,612.2,602.6,9.6,602.6,Time=125.3s | BaseRaw=612.2 | CurrentRaw=602.6 | Change=9.6 => Floor
data,,612.2,617.4,5.2,617.4,Time=125.4s | BaseRaw=612.2 | CurrentRaw=617.4 | Change=5.2 => Floor
data,,612.2,612.6,0.4,612.6,Time=125.5s | BaseRaw=612.2 | CurrentRaw=612.6 | Change=0.4 => Floor
data,,612.2,603.2,9.0,603.2,Time=125.6s | BaseRaw=612.2 | CurrentRaw=603.2 | Change=9.0 => Floor
data,,612.2,618.0,5.8,618.0,Time=125.7s | BaseRaw=612.2 | CurrentRaw=618.0 | Change=5.8 => Floor
data,,612.2,612.4,0.2,612.4,Time=125.8s | BaseRaw=612.2 | CurrentRaw=612.4 | Change=0.2 => Floor
data,,612.2,603.8,8.4,603.8,Time=125.9s | BaseRaw=612.2 | CurrentRaw=603.8 | Change=8.4 => Floor
data,,612.2,618.0,5.8,618.0,Time=126.0s | BaseRaw=612.2 | CurrentRaw=618.0 | Change=5.8 => Floor
data,,612.2,611.6,0.6,611.6,Time=126.1s | BaseRaw=612.2 | CurrentRaw=611.6 | Change=0.6 => Floor
data,,612.2,604.0,8.2,604.0,Time=126.2s | BaseRaw=612.2 | CurrentRaw=604.0 | Change=8.2 => Floor
data,,612.2,617.8,5.6,617.8,Time=126.3s | BaseRaw=612.2 | CurrentRaw=617.8 | Change=5.6 => Floor
data,,612.2,610.4,1.8,610.4,Time=126.4s | BaseRaw=612.2 | CurrentRaw=610.4 | Change=1.8 => Floor
data,,612.2,604.2,8.0,604.2,Time=126.5s | BaseRaw=612.2 | CurrentRaw=604.2 | Change=8.0 => Floor
data,,612.2,617.4,5.2,617.4,Time=126.6s | BaseRaw=612.2 | CurrentRaw=617.4 | Change=5.2 => Floor
data,,612.2,609.2,3.0,609.2,Time=126.7s | BaseRaw=612.2 | CurrentRaw=609.2 | Change=3.0 => Floor
data,,612.2,604.4,7.8,604.4,Time=126.8s | BaseRaw=612.2 | CurrentRaw=604.4 | Change=7.8 => Floor
data,,612.2,617.0,4.8,617.0,Time=126.9s | BaseRaw=612.2 | CurrentRaw=617.0 | Change=4.8 => Floor
data,,612.2,608.6,3.6,608.6,Time=127.0s | BaseRaw=612.2 | CurrentRaw=608.6 | Change=3.6 => Floor
data,,612.2,605.2,7.0,605.2,Time=127.1s | BaseRaw=612.2 | CurrentRaw=605.2 | Change=7.0 => Floor
data,,612.2,617.2,5.0,617.2,Time=127.2s | BaseRaw=612.2 | CurrentRaw=617.2 | Change=5.0 => Floor
data,,612.2,608.2,4.0,608.2,Time=127.3s | BaseRaw=612.2 | CurrentRaw=608.2 | Change=4.0 => Floor
data,,612.2,606.2,6.0,606.2,Time=127.4s | BaseRaw=612.2 | CurrentRaw=606.2 | Change=6.0 => Floor
data,,612.2,617.0,4.8,617.0,Time=127.5s | BaseRaw=612.2 | CurrentRaw=617.0 | Change=4.8 => Floor
data,,612.2,607.4,4.8,607.4,Time=127.6s | BaseRaw=612.2 | CurrentRaw=607.4 | Change=4.8 => Floor
data,,612.2,607.0,5.2,607.0,Time=127.7s | BaseRaw=612.2 | CurrentRaw=607.0 | Change=5.2 => Floor
data,,612.2,616.8,4.6,616.8,Time=127.8s | BaseRaw=612.2 | CurrentRaw=616.8 | Change=4.6 => Floor
data,,612.2,607.0,5.2,607.0,Time=127.9s | BaseRaw=612.2 | CurrentRaw=607.0 | Change=5.2 => Floor
data,,612.2,608.2,4.0,608.2,Time=128.0s | BaseRaw=612.2 | CurrentRaw=608.2 | Change=4.0 => Floor
data,,612.2,616.8,4.6,616.8,Time=128.1s | BaseRaw=612.2 | CurrentRaw=616.8 | Change=4.6 => Floor
data,,612.2,606.6,5.6,606.6,Time=128.2s | BaseRaw=612.2 | CurrentRaw=606.6 | Change=5.6 => Floor
data,,612.2,609.0,3.2,609.0,Time=128.3s | BaseRaw=612.2 | CurrentRaw=609.0 | Change=3.2 => Floor
data,,612.2,616.6,4.4,616.6,Time=128.4s | BaseRaw=612.2 | CurrentRaw=616.6 | Change=4.4 => Floor
data,,612.2,605.8,6.4,605.8,Time=128.5s | BaseRaw=612.2 | CurrentRaw=605.8 | Change=6.4 => Floor
data,,612.2,609.8,2.4,609.8,Time=128.6s | BaseRaw=612.2 | CurrentRaw=609.8 | Change=2.4 => Floor
data,,612.2,616.2,4.0,616.2,Time=128.7s | BaseRaw=612.2 | CurrentRaw=616.2 | Change=4.0 => Floor
data,,612.2,605.2,7.0,605.2,Time=128.8s | BaseRaw=612.2 | CurrentRaw=605.2 | Change=7.0 => Floor
data,,612.2,610.4,1.8,610.4,Time=128.9s | BaseRaw=612.2 | CurrentRaw=610.4 | Change=1.8 => Floor
data,,612.2,616.0,3.8,616.0,Time=129.0s | BaseRaw=612.2 | CurrentRaw=616.0 | Change=3.8 => Floor
data,,612.2,604.8,7.4,604.8,Time=129.1s | BaseRaw=612.2 | CurrentRaw=604.8 | Change=7.4 => Floor
data,,612.2,611.2,1.0,611.2,Time=129.2s | BaseRaw=612.2 | CurrentRaw=611.2 | Change=1.0 => Floor
data,,612.2,615.8,3.6,615.8,Time=129.3s | BaseRaw=612.2 | CurrentRaw=615.8 | Change=3.6 => Floor
data,,612.2,604.6,7.6,604.6,Time=129.4s | BaseRaw=612.2 | CurrentRaw=604.6 | Change=7.6 => Floor
data,,612.2,612.0,0.2,612.0,Time=129.5s | BaseRaw=612.2 | CurrentRaw=612.0 | Change=0.2 => Floor
data,,612.2,615.6,3.4,615.6,Time=129.6s | BaseRaw=612.2 | CurrentRaw=615.6 | Change=3.4 => Floor
data,,612.2,604.0,8.2,604.0,Time=129.7s | BaseRaw=612.2 | CurrentRaw=604.0 | Change=8.2 => Floor
data,,612.2,612.6,0.4,612.6,Time=129.8s | BaseRaw=612.2 | CurrentRaw=612.6 | Change=0.4 => Floor
data,,612.2,615.2,3.0,615.2,Time=129.9s | BaseRaw=612.2 | CurrentRaw=615.2 | Change=3.0 => Floor
data,,612.2,603.6,8.6,603.6,Time=130.0s | BaseRaw=612.2 | CurrentRaw=603.6 | Change=8.6 => Floor
data,,612.2,613.0,0.8,613.0,Time=130.1s | BaseRaw=612.2 | CurrentRaw=613.0 | Change=0.8 => Floor
data,,612.2,615.4,3.2,615.4,Time=130.2s | BaseRaw=612.2 | CurrentRaw=615.4 | Change=3.2 => Floor
data,,612.2,603.4,8.8,603.4,Time=130.3s | BaseRaw=612.2 | CurrentRaw=603.4 | Change=8.8 => Floor
data,,612.2,613.6,1.4,613.6,Time=130.4s | BaseRaw=612.2 | CurrentRaw=613.6 | Change=1.4 => Floor
data,,612.2,615.0,2.8,615.0,Time=130.5s | BaseRaw=612.2 | CurrentRaw=615.0 | Change=2.8 => Floor
data,,612.2,603.2,9.0,603.2,Time=130.6s | BaseRaw=612.2 | CurrentRaw=603.2 | Change=9.0 => Floor
data,,612.2,613.6,1.4,613.6,Time=130.7s | BaseRaw=612.2 | CurrentRaw=613.6 | Change=1.4 => Floor
data,,612.2,614.6,2.4,614.6,Time=130.8s | BaseRaw=612.2 | CurrentRaw=614.6 | Change=2.4 => Floor
data,,612.2,603.0,9.2,603.0,Time=130.9s | BaseRaw=612.2 | CurrentRaw=603.0 | Change=9.2 => Floor
data,,612.2,614.2,2.0,614.2,Time=131.0s | BaseRaw=612.2 | CurrentRaw=614.2 | Change=2.0 => Floor
data,,612.2,614.4,2.2,614.4,Time=131.1s | BaseRaw=612.2 | CurrentRaw=614.4 | Change=2.2 => Floor
data,,612.2,603.4,8.8,603.4,Time=131.2s | BaseRaw=612.2 | CurrentRaw=603.4 | Change=8.8 => Floor
data,,612.2,615.2,3.0,615.2,Time=131.3s | BaseRaw=612.2 | CurrentRaw=615.2 | Change=3.0 => Floor
data,,612.2,614.6,2.4,614.6,Time=131.4s | BaseRaw=612.2 | CurrentRaw=614.6 | Change=2.4 => Floor
data,,612.2,603.4,8.8,603.4,Time=131.5s | BaseRaw=612.2 | CurrentRaw=603.4 | Change=8.8 => Floor
data,,612.2,615.6,3.4,615.6,Time=131.6s | BaseRaw=612.2 | CurrentRaw=615.6 | Change=3.4 => Floor
data,,612.2,614.2,2.0,614.2,Time=131.7s | BaseRaw=612.2 | CurrentRaw=614.2 | Change=2.0 => Floor
data,,612.2,603.2,9.0,603.2,Time=131.8s | BaseRaw=612.2 | CurrentRaw=603.2 | Change=9.0 => Floor
data,,612.2,616.0,3.8,616.0,Time=131.9s | BaseRaw=612.2 | CurrentRaw=616.0 | Change=3.8 => Floor
data,,612.2,614.4,2.2,614.4,Time=132.0s | BaseRaw=612.2 | CurrentRaw=614.4 | Change=2.2 => Floor
data,,612.2,603.6,8.6,603.6,Time=132.1s | BaseRaw=612.2 | CurrentRaw=603.6 | Change=8.6 => Floor
data,,612.2,616.4,4.2,616.4,Time=132.2s | BaseRaw=612.2 | CurrentRaw=616.4 | Change=4.2 => Floor
data,,612.2,614.2,2.0,614.2,Time=132.3s | BaseRaw=612.2 | CurrentRaw=614.2 | Change=2.0 => Floor
data,,612.2,603.4,8.8,603.4,Time=132.4s | BaseRaw=612.2 | CurrentRaw=603.4 | Change=8.8 => Floor
data,,612.2,616.4,4.2,616.4,Time=132.5s | BaseRaw=612.2 | CurrentRaw=616.4 | Change=4.2 => Floor
data,,612.2,613.6,1.4,613.6,Time=132.6s | BaseRaw=612.2 | CurrentRaw=613.6 | Change=1.4 => Floor
data,,612.2,603.4,8.8,603.4,Time=132.7s | BaseRaw=612.2 | CurrentRaw=603.4 | Change=8.8 => Floor
data,,612.2,616.6,4.4,616.6,Time=132.8s | BaseRaw=612.2 | CurrentRaw=616.6 | Change=4.4 => Floor
data,,612.2,613.2,1.0,613.2,Time=132.9s | BaseRaw=612.2 | CurrentRaw=613.2 | Change=1.0 => Floor
data,,612.2,603.6,8.6,603.6,Time=133.0s | BaseRaw=612.2 | CurrentRaw=603.6 | Change=8.6 => Floor
data,,612.2,617.0,4.8,617.0,Time=133.1s | BaseRaw=612.2 | CurrentRaw=617.0 | Change=4.8 => Floor
data,,612.2,613.0,0.8,613.0,Time=133.2s | BaseRaw=612.2 | CurrentRaw=613.0 | Change=0.8 => Floor
data,,612.2,603.8,8.4,603.8,Time=133.3s | BaseRaw=612.2 | CurrentRaw=603.8 | Change=8.4 => Floor
data,,612.2,617.6,5.4,617.6,Time=133.4s | BaseRaw=612.2 | CurrentRaw=617.6 | Change=5.4 => Floor
data,,612.2,612.8,0.6,612.8,Time=133.5s | BaseRaw=612.2 | CurrentRaw=612.8 | Change=0.6 => Floor
data,,612.2,604.2,8.0,604.2,Time=133.6s | BaseRaw=612.2 | CurrentRaw=604.2 | Change=8.0 => Floor
data,,612.2,617.8,5.6,617.8,Time=133.7s | BaseRaw=612.2 | CurrentRaw=617.8 | Change=5.6 => Floor
data,,612.2,612.4,0.2,612.4,Time=133.8s | BaseRaw=612.2 | CurrentRaw=612.4 | Change=0.2 => Floor
data,,612.2,604.2,8.0,604.2,Time=133.9s | BaseRaw=612.2 | CurrentRaw=604.2 | Change=8.0 => Floor
data,,612.2,617.8,5.6,617.8,Time=134.0s | BaseRaw=612.2 | CurrentRaw=617.8 | Change=5.6 => Floor
data,,612.2,612.2,0.0,612.2,Time=134.1s | BaseRaw=612.2 | CurrentRaw=612.2 | Change=0.0 => Floor
data,,612.2,604.8,7.4,604.8,Time=134.2s | BaseRaw=612.2 | CurrentRaw=604.8 | Change=7.4 => Floor
data,,612.2,618.2,6.0,618.2,Time=134.3s | BaseRaw=612.2 | CurrentRaw=618.2 | Change=6.0 => Floor
data,,612.2,611.8,0.4,611.8,Time=134.4s | BaseRaw=612.2 | CurrentRaw=611.8 | Change=0.4 => Floor
data,,612.2,605.0,7.2,605.0,Time=134.5s | BaseRaw=612.2 | CurrentRaw=605.0 | Change=7.2 => Floor
data,,612.2,618.0,5.8,618.0,Time=134.6s | BaseRaw=612.2 | CurrentRaw=618.0 | Change=5.8 => Floor
data,,612.2,611.2,1.0,611.2,Time=134.7s | BaseRaw=612.2 | CurrentRaw=611.2 | Change=1.0 => Floor
data,,612.2,605.2,7.0,605.2,Time=134.8s | BaseRaw=612.2 | CurrentRaw=605.2 | Change=7.0 => Floor
data,,612.2,618.0,5.8,618.0,Time=134.9s | BaseRaw=612.2 | CurrentRaw=618.0 | Change=5.8 => Floor
data,,612.2,610.6,1.6,610.6,Time=135.0s | BaseRaw=612.2 | CurrentRaw=610.6 | Change=1.6 => Floor
data,,612.2,605.4,6.8,605.4,Time=135.1s | BaseRaw=612.2 | CurrentRaw=605.4 | Change=6.8 => Floor
data,,612.2,617.4,5.2,617.4,Time=135.2s | BaseRaw=612.2 | CurrentRaw=617.4 | Change=5.2 => Floor
data,,612.2,609.6,2.6,609.6,Time=135.3s | BaseRaw=612.2 | CurrentRaw=609.6 | Change=2.6 => Floor
data,,612.2,605.4,6.8,605.4,Time=135.4s | BaseRaw=612.2 | CurrentRaw=605.4 | Change=6.8 => Floor
data,,612.2,616.8,4.6,616.8,Time=135.5s | BaseRaw=612.2 | CurrentRaw=616.8 | Change=4.6 => Floor
data,,612.2,608.4,3.8,608.4,Time=135.6s | BaseRaw=612.2 | CurrentRaw=608.4 | Change=3.8 => Floor
data,,612.2,605.8,6.4,605.8,Time=135.7s | BaseRaw=612.2 | CurrentRaw=605.8 | Change=6.4 => Floor
data,,612.2,616.6,4.4,616.6,Time=135.8s | BaseRaw=612.2 | CurrentRaw=616.6 | Change=4.4 => Floor
data,,612.2,607.8,4.4,607.8,Time=135.9s | BaseRaw=612.2 | CurrentRaw=607.8 | Change=4.4 => Floor
data,,612.2,606.6,5.6,606.6,Time=136.0s | BaseRaw=612.2 | CurrentRaw=606.6 | Change=5.6 => Floor
data,,612.2,616.6,4.4,616.6,Time=136.1s | BaseRaw=612.2 | CurrentRaw=616.6 | Change=4.4 => Floor
data,,612.2,607.0,5.2,607.0,Time=136.2s | BaseRaw=612.2 | CurrentRaw=607.0 | Change=5.2 => Floor
data,,612.2,607.2,5.0,607.2,Time=136.3s | BaseRaw=612.2 | CurrentRaw=607.2 | Change=5.0 => Floor
data,,612.2,616.2,4.0,616.2,Time=136.4s | BaseRaw=612.2 | CurrentRaw=616.2 | Change=4.0 => Floor
data,,612.2,606.4,5.8,606.4,Time=136.5s | BaseRaw=612.2 | CurrentRaw=606.4 | Change=5.8 => Floor
data,,612.2,607.8,4.4,607.8,Time=136.6s | BaseRaw=612.2 | CurrentRaw=607.8 | Change=4.4 => Floor
data,,612.2,615.8,3.6,615.8,Time=136.7s | BaseRaw=612.2 | CurrentRaw=615.8 | Change=3.6 => Floor
data,,612.2,605.4,6.8,605.4,Time=136.8s | BaseRaw=612.2 | CurrentRaw=605.4 | Change=6.8 => Floor
data,,612.2,608.6,3.6,608.6,Time=136.9s | BaseRaw=612.2 | CurrentRaw=608.6 | Change=3.6 => Floor
data,,612.2,615.2,3.0,615.2,Time=137.0s | BaseRaw=612.2 | CurrentRaw=615.2 | Change=3.0 => Floor
data,,612.2,604.8,7.4,604.8,Time=137.1s | BaseRaw=612.2 | CurrentRaw=604.8 | Change=7.4 => Floor
data,,612.2,609.8,2.4,609.8,Time=137.2s | BaseRaw=612.2 | CurrentRaw=609.8 | Change=2.4 => Floor
data,,612.2,615.2,3.0,615.2,Time=137.3s | BaseRaw=612.2 | CurrentRaw=615.2 | Change=3.0 => Floor
data,,612.2,604.2,8.0,604.2,Time=137.4s | BaseRaw=612.2 | CurrentRaw=604.2 | Change=8.0 => Floor
data,,612.2,611.0,1.2,611.0,Time=137.5s | BaseRaw=612.2 | CurrentRaw=611.0 | Change=1.2 => Floor
data,,612.2,614.8,2.6,614.8,Time=137.6s | BaseRaw=612.2 | CurrentRaw=614.8 | Change=2.6 => Floor
data,,612.2,603.6,8.6,603.6,Time=137.7s | BaseRaw=612.2 | CurrentRaw=603.6 | Change=8.6 => Floor
data,,612.2,612.0,0.2,612.0,Time=137.8s | BaseRaw=612.2 | CurrentRaw=612.0 | Change=0.2 => Floor
data,,612.2,614.8,2.6,614.8,Time=137.9s | BaseRaw=612.2 | CurrentRaw=614.8 | Change=2.6 => Floor
data,,612.2,603.2,9.0,603.2,Time=138.0s | BaseRaw=612.2 | CurrentRaw=603.2 | Change=9.0 => Floor
data,,612.2,613.4,1.2,613.4,Time=138.1s | BaseRaw=612.2 | CurrentRaw=613.4 | Change=1.2 => Floor
data,,612.2,614.8,2.6,614.8,Time=138.2s | BaseRaw=612.2 | CurrentRaw=614.8 | Change=2.6 => Floor
data,,612.2,603.2,9.0,603.2,Time=138.3s | BaseRaw=612.2 | CurrentRaw=603.2 | Change=9.0 => Floor
data,,612.2,614.6,2.4,614.6,Time=138.4s | BaseRaw=612.2 | CurrentRaw=614.6 | Change=2.4 => Floor
data,,612.2,614.8,2.6,614.8,Time=138.5s | BaseRaw=612.2 | CurrentRaw=614.8 | Change=2.6 => Floor
data,,612.2,603.0,9.2,603.0,Time=138.6s | BaseRaw=612.2 | CurrentRaw=603.0 | Change=9.2 => Floor
data,,612.2,615.4,3.2,615.4,Time=138.7s | BaseRaw=612.2 | CurrentRaw=615.4 | Change=3.2 => Floor
data,,612.2,614.0,1.8,614.0,Time=138.8s | BaseRaw=612.2 | CurrentRaw=614.0 | Change=1.8 => Floor
data,,612.2,602.6,9.6,602.6,Time=138.9s | BaseRaw=612.2 | CurrentRaw=602.6 | Change=9.6 => Floor
data,,612.2,616.0,3.8,616.0,Time=139.0s | BaseRaw=612.2 | CurrentRaw=616.0 | Change=3.8 => Floor
data,,612.2,613.4,1.2,613.4,Time=139.1s | BaseRaw=612.2 | CurrentRaw=613.4 | Change=1.2 => Floor
data,,612.2,602.6,9.6,602.6,Time=139.2s | BaseRaw=612.2 | CurrentRaw=602.6 | Change=9.6 => Floor
data,,612.2,616.6,4.4,616.6,Time=139.3s | BaseRaw=612.2 | CurrentRaw=616.6 | Change=4.4 => Floor
data,,612.2,612.8,0.6,612.8,Time=139.4s | BaseRaw=612.2 | CurrentRaw=612.8 | Change=0.6 => Floor
data,,612.2,602.6,9.6,602.6,Time=139.5s | BaseRaw=612.2 | CurrentRaw=602.6 | Change=9.6 => Floor
data,,612.2,617.0,4.8,617.0,Time=139.6s | BaseRaw=612.2 | CurrentRaw=617.0 | Change=4.8 => Floor
data,,612.2,612.2,0.0,612.2,Time=139.7s | BaseRaw=612.2 | CurrentRaw=612.2 | Change=0.0 => Floor
data,,612.2,603.0,9.2,603.0,Time=139.8s | BaseRaw=612.2 | CurrentRaw=603.0 | Change=9.2 => Floor
data,,612.2,617.4,5.2,617.4,Time=139.9s | BaseRaw=612.2 | CurrentRaw=617.4 | Change=5.2 => Floor
data,,612.2,611.4,0.8,611.4,Time=140.0s | BaseRaw=612.2 | CurrentRaw=611.4 | Change=0.8 => Floor
data,,612.2,603.6,8.6,603.6,Time=140.1s | BaseRaw=612.2 | CurrentRaw=603.6 | Change=8.6 => Floor
data,,612.2,617.2,5.0,617.2,Time=140.2s | BaseRaw=612.2 | CurrentRaw=617.2 | Change=5.0 => Floor
data,,612.2,610.2,2.0,610.2,Time=140.3s | BaseRaw=612.2 | CurrentRaw=610.2 | Change=2.0 => Floor
data,,612.2,603.6,8.6,603.6,Time=140.4s | BaseRaw=612.2 | CurrentRaw=603.6 | Change=8.6 => Floor
data,,612.2,616.8,4.6,616.8,Time=140.5s | BaseRaw=612.2 | CurrentRaw=616.8 | Change=4.6 => Floor
data,,612.2,608.8,3.4,608.8,Time=140.6s | BaseRaw=612.2 | CurrentRaw=608.8 | Change=3.4 => Floor
data,,612.2,604.6,7.6,604.6,Time=140.7s | BaseRaw=612.2 | CurrentRaw=604.6 | Change=7.6 => Floor
data,,612.2,616.8,4.6,616.8,Time=140.8s | BaseRaw=612.2 | CurrentRaw=616.8 | Change=4.6 => Floor
data,,612.2,608.4,3.8,608.4,Time=140.9s | BaseRaw=612.2 | CurrentRaw=608.4 | Change=3.8 => Floor
data,,612.2,605.8,6.4,605.8,Time=141.0s | BaseRaw=612.2 | CurrentRaw=605.8 | Change=6.4 => Floor
data,,612.2,616.6,4.4,616.6,Time=141.1s | BaseRaw=612.2 | CurrentRaw=616.6 | Change=4.4 => Floor
data,,612.2,607.2,5.0,607.2,Time=141.2s | BaseRaw=612.2 | CurrentRaw=607.2 | Change=5.0 => Floor
data,,612.2,607.0,5.2,607.0,Time=141.3s | BaseRaw=612.2 | CurrentRaw=607.0 | Change=5.2 => Floor
data,,612.2,616.2,4.0,616.2,Time=141.4s | BaseRaw=612.2 | CurrentRaw=616.2 | Change=4.0 => Floor
data,,612.2,606.6,5.6,606.6,Time=141.5s | BaseRaw=612.2 | CurrentRaw=606.6 | Change=5.6 => Floor
data,,612.2,608.6,3.6,608.6,Time=141.6s | BaseRaw=612.2 | CurrentRaw=608.6 | Change=3.6 => Floor
data,,612.2,616.0,3.8,616.0,Time=141.7s | BaseRaw=612.2 | CurrentRaw=616.0 | Change=3.8 => Floor
data,,612.2,605.6,6.6,605.6,Time=141.8s | BaseRaw=612.2 | CurrentRaw=605.6 | Change=6.6 => Floor
data,,612.2,609.8,2.4,609.8,Time=141.9s | BaseRaw=612.2 | CurrentRaw=609.8 | Change=2.4 => Floor
data,,612.2,615.2,3.0,615.2,Time=142.0s | BaseRaw=612.2 | CurrentRaw=615.2 | Change=3.0 => Floor
data,,612.2,604.6,7.6,604.6,Time=142.1s | BaseRaw=612.2 | CurrentRaw=604.6 | Change=7.6 => Floor
data,,612.2,611.2,1.0,611.2,Time=142.2s | BaseRaw=612.2 | CurrentRaw=611.2 | Change=1.0 => Floor
data,,612.2,615.2,3.0,615.2,Time=142.3s | BaseRaw=612.2 | CurrentRaw=615.2 | Change=3.0 => Floor
data,,612.2,604.2,8.0,604.2,Time=142.4s | BaseRaw=612.2 | CurrentRaw=604.2 | Change=8.0 => Floor
data,,612.2,612.6,0.4,612.6,Time=142.5s | BaseRaw=612.2 | CurrentRaw=612.6 | Change=0.4 => Floor
data,,612.2,615.0,2.8,615.0,Time=142.6s | BaseRaw=612.2 | CurrentRaw=615.0 | Change=2.8 => Floor
data,,612.2,603.6,8.6,603.6,Time=142.7s | BaseRaw=612.2 | CurrentRaw=603.6 | Change=8.6 => Floor
data,,612.2,613.6,1.4,613.6,Time=142.8s | BaseRaw=612.2 | CurrentRaw=613.6 | Change=1.4 => Floor
data,,612.2,614.6,2.4,614.6,Time=142.9s | BaseRaw=612.2 | CurrentRaw=614.6 | Change=2.4 => Floor
data,,612.2,603.4,8.8,603.4,Time=143.0s | BaseRaw=612.2 | CurrentRaw=603.4 | Change=8.8 => Floor
data,,612.2,614.6,2.4,614.6,Time=143.1s | BaseRaw=612.2 | CurrentRaw=614.6 | Change=2.4 => Floor
data,,612.2,614.2,2.0,614.2,Time=143.2s | BaseRaw=612.2 | CurrentRaw=614.2 | Change=2.0 => Floor
data,,612.2,603.4,8.8,603.4,Time=143.3s | BaseRaw=612.2 | CurrentRaw=603.4 | Change=8.8 => Floor
data,,612.2,615.6,3.4,615.6,Time=143.4s | BaseRaw=612.2 | CurrentRaw=615.6 | Change=3.4 => Floor
data,,612.2,613.8,1.6,613.8,Time=143.5s | BaseRaw=612.2 | CurrentRaw=613.8 | Change=1.6 => Floor
data,,612.2,604.0,8.2,604.0,Time=143.6s | BaseRaw=612.2 | CurrentRaw=604.0 | Change=8.2 => Floor
data,,612.2,616.6,4.4,616.6,Time=143.7s | BaseRaw=612.2 | CurrentRaw=616.6 | Change=4.4 => Floor
data,,612.2,613.6,1.4,613.6,Time=143.8s | BaseRaw=612.2 | CurrentRaw=613.6 | Change=1.4 => Floor
data,,612.2,604.2,8.0,604.2,Time=143.9s | BaseRaw=612.2 | CurrentRaw=604.2 | Change=8.0 => Floor
data,,612.2,617.4,5.2,617.4,Time=144.0s | BaseRaw=612.2 | CurrentRaw=617.4 | Change=5.2 => Floor
data,,612.2,612.8,0.6,612.8,Time=144.1s | BaseRaw=612.2 | CurrentRaw=612.8 | Change=0.6 => Floor
data,,612.2,604.4,7.8,604.4,Time=144.2s | BaseRaw=612.2 | CurrentRaw=604.4 | Change=7.8 => Floor
data,,612.2,617.6,5.4,617.6,Time=144.3s | BaseRaw=612.2 | CurrentRaw=617.6 | Change=5.4 => Floor
data,,612.2,612.0,0.2,612.0,Time=144.4s | BaseRaw=612.2 | CurrentRaw=612.0 | Change=0.2 => Floor
data,,612.2,604.8,7.4,604.8,Time=144.5s | BaseRaw=612.2 | CurrentRaw=604.8 | Change=7.4 => Floor
data,,612.2,617.4,5.2,617.4,Time=144.6s | BaseRaw=612.2 | CurrentRaw=617.4 | Change=5.2 => Floor
data,,612.2,611.0,1.2,611.0,Time=144.7s | BaseRaw=612.2 | CurrentRaw=611.0 | Change=1.2 => Floor
data,,612.2,604.8,7.4,604.8,Time=144.8s | BaseRaw=612.2 | CurrentRaw=604.8 | Change=7.4 => Floor
data,,612.2,616.8,4.6,616.8,Time=144.9s | BaseRaw=612.2 | CurrentRaw=616.8 | Change=4.6 => Floor
data,,612.2,609.6,2.6,609.6,Time=145.0s | BaseRaw=612.2 | CurrentRaw=609.6 | Change=2.6 => Floor
data,,612.2,605.4,6.8,605.4,Time=145.1s | BaseRaw=612.2 | CurrentRaw=605.4 | Change=6.8 => Floor
data,,612.2,616.8,4.6,616.8,Time=145.2s | BaseRaw=612.2 | CurrentRaw=616.8 | Change=4.6 => Floor
data,,612.2,609.0,3.2,609.0,Time=145.3s | BaseRaw=612.2 | CurrentRaw=609.0 | Change=3.2 => Floor
data,,612.2,606.6,5.6,606.6,Time=145.4s | BaseRaw=612.2 | CurrentRaw=606.6 | Change=5.6 => Floor
data,,612.2,616.8,4.6,616.8,Time=145.5s | BaseRaw=612.2 | CurrentRaw=616.8 | Change=4.6 => Floor
data,,612.2,608.0,4.2,608.0,Time=145.6s | BaseRaw=612.2 | CurrentRaw=608.0 | Change=4.2 => Floor
data,,612.2,607.2,5.0,607.2,Time=145.7s | BaseRaw=612.2 | CurrentRaw=607.2 | Change=5.0 => Floor
data,,612.2,616.2,4.0,616.2,Time=145.8s | BaseRaw=612.2 | CurrentRaw=616.2 | Change=4.0 => Floor
data,,612.2,606.8,5.4,606.8,Time=145.9s | BaseRaw=612.2 | CurrentRaw=606.8 | Change=5.4 => Floor
data,,612.2,607.8,4.4,607.8,Time=146.0s | BaseRaw=612.2 | CurrentRaw=607.8 | Change=4.4 => Floor
data,,612.2,615.8,3.6,615.8,Time=146.1s | BaseRaw=612.2 | CurrentRaw=615.8 | Change=3.6 => Floor
data,,612.2,605.8,6.4,605.8,Time=146.2s | BaseRaw=612.2 | CurrentRaw=605.8 | Change=6.4 => Floor
data,,612.2,608.6,3.6,608.6,Time=146.3s | BaseRaw=612.2 | CurrentRaw=608.6 | Change=3.6 => Floor
data,,612.2,615.4,3.2,615.4,Time=146.4s | BaseRaw=612.2 | CurrentRaw=615.4 | Change=3.2 => Floor
data,,612.2,604.8,7.4,604.8,Time=146.5s | BaseRaw=612.2 | CurrentRaw=604.8 | Change=7.4 => Floor
data,,612.2,609.4,2.8,609.4,Time=146.6s | BaseRaw=612.2 | CurrentRaw=609.4 | Change=2.8 => Floor
data,,612.2,615.2,3.0,615.2,Time=146.7s | BaseRaw=612.2 | CurrentRaw=615.2 | Change=3.0 => Floor
data,,612.2,604.4,7.8,604.4,Time=146.8s | BaseRaw=612.2 | CurrentRaw=604.4 | Change=7.8 => Floor
data,,612.2,610.4,1.8,610.4,Time=146.9s | BaseRaw=612.2 | CurrentRaw=610.4 | Change=1.8 => Floor
data,,612.2,615.4,3.2,615.4,Time=147.0s | BaseRaw=612.2 | CurrentRaw=615.4 | Change=3.2 => Floor
data,,612.2,604.0,8.2,604.0,Time=147.1s | BaseRaw=612.2 | CurrentRaw=604.0 | Change=8.2 => Floor
data,,612.2,611.4,0.8,611.4,Time=147.2s | BaseRaw=612.2 | CurrentRaw=611.4 | Change=0.8 => Floor
data,,612.2,615.2,3.0,615.2,Time=147.3s | BaseRaw=612.2 | CurrentRaw=615.2 | Change=3.0 => Floor
data,,612.2,603.8,8.4,603.8,Time=147.4s | BaseRaw=612.2 | CurrentRaw=603.8 | Change=8.4 => Floor
data,,612.2,612.4,0.2,612.4,Time=147.5s | BaseRaw=612.2 | CurrentRaw=612.4 | Change=0.2 => Floor
data,,612.2,615.2,3.0,615.2,Time=147.6s | BaseRaw=612.2 | CurrentRaw=615.2 | Change=3.0 => Floor
data,,612.2,603.6,8.6,603.6,Time=147.7s | BaseRaw=612.2 | CurrentRaw=603.6 | Change=8.6 => Floor
data,,612.2,613.4,1.2,613.4,Time=147.8s | BaseRaw=612.2 | CurrentRaw=613.4 | Change=1.2 => Floor
data,,612.2,615.2,3.0,615.2,Time=147.9s | BaseRaw=612.2 | CurrentRaw=615.2 | Change=3.0 => Floor
data,,612.2,603.2,9.0,603.2,Time=148.0s | BaseRaw=612.2 | CurrentRaw=603.2 | Change=9.0 => Floor
data,,612.2,614.0,1.8,614.0,Time=148.1s | BaseRaw=612.2 | CurrentRaw=614.0 | Change=1.8 => Floor
data,,612.2,614.8,2.6,614.8,Time=148.2s | BaseRaw=612.2 | CurrentRaw=614.8 | Change=2.6 => Floor
data,,612.2,603.0,9.2,603.0,Time=148.3s | BaseRaw=612.2 | CurrentRaw=603.0 | Change=9.2 => Floor
data,,612.2,614.8,2.6,614.8,Time=148.4s | BaseRaw=612.2 | CurrentRaw=614.8 | Change=2.6 => Floor
data,,612.2,614.8,2.6,614.8,Time=148.5s | BaseRaw=612.2 | CurrentRaw=614.8 | Change=2.6 => Floor
data,,612.2,603.2,9.0,603.2,Time=148.6s | BaseRaw=612.2 | CurrentRaw=603.2 | Change=9.0 => Floor
data,,612.2,615.8,3.6,615.8,Time=148.7s | BaseRaw=612.2 | CurrentRaw=615.8 | Change=3.6 => Floor
data,,612.2,614.4,2.2,614.4,Time=148.8s | BaseRaw=612.2 | CurrentRaw=614.4 | Change=2.2 => Floor
data,,612.2,603.0,9.2,603.0,Time=148.9s | BaseRaw=612.2 | CurrentRaw=603.0 | Change=9.2 => Floor
data,,612.2,616.4,4.2,616.4,Time=149.0s | BaseRaw=612.2 | CurrentRaw=616.4 | Change=4.2 => Floor
data,,612.2,613.8,1.6,613.8,Time=149.1s | BaseRaw=612.2 | CurrentRaw=613.8 | Change=1.6 => Floor
data,,612.2,603.0,9.2,603.0,Time=149.2s | BaseRaw=612.2 | CurrentRaw=603.0 | Change=9.2 => Floor
data,,612.2,617.0,4.8,617.0,Time=149.3s | BaseRaw=612.2 | CurrentRaw=617.0 | Change=4.8 => Floor
data,,612.2,613.2,1.0,613.2,Time=149.4s | BaseRaw=612.2 | CurrentRaw=613.2 | Change=1.0 => Floor
data,,612.2,602.6,9.6,602.6,Time=149.5s | BaseRaw=612.2 | CurrentRaw=602.6 | Change=9.6 => Floor
data,,612.2,617.2,5.0,617.2,Time=149.6s | BaseRaw=612.2 | CurrentRaw=617.2 | Change=5.0 => Floor
data,,612.2,612.4,0.2,612.4,Time=149.7s | BaseRaw=612.2 | CurrentRaw=612.4 | Change=0.2 => Floor
data,,612.2,602.6,9.6,602.6,Time=149.8s | BaseRaw=612.2 | CurrentRaw=602.6 | Change=9.6 => Floor
data,,612.2,617.6,5.4,617.6,Time=149.9s | BaseRaw=612.2 | CurrentRaw=617.6 | Change=5.4 => Floor
data,,612.2,612.2,0.0,612.2,Time=150.0s | BaseRaw=612.2 | CurrentRaw=612.2 | Change=0.0 => Floor
data,,612.2,603.4,8.8,603.4,Time=150.1s | BaseRaw=612.2 | CurrentRaw=603.4 | Change=8.8 => Floor
data,,612.2,618.0,5.8,618.0,Time=150.2s | BaseRaw=612.2 | CurrentRaw=618.0 | Change=5.8 => Floor
data,,612.2,611.8,0.4,611.8,Time=150.3s | BaseRaw=612.2 | CurrentRaw=611.8 | Change=0.4 => Floor
data,,612.2,604.0,8.2,604.0,Time=150.4s | BaseRaw=612.2 | CurrentRaw=604.0 | Change=8.2 => Floor
data,,612.2,617.8,5.6,617.8,Time=150.5s | BaseRaw=612.2 | CurrentRaw=617.8 | Change=5.6 => Floor
data,,612.2,610.6,1.6,610.6,Time=150.6s | BaseRaw=612.2 | CurrentRaw=610.6 | Change=1.6 => Floor
data,,612.2,604.2,8.0,604.2,Time=150.7s | BaseRaw=612.2 | CurrentRaw=604.2 | Change=8.0 => Floor
data,,612.2,617.6,5.4,617.6,Time=150.8s | BaseRaw=612.2 | CurrentRaw=617.6 | Change=5.4 => Floor
data,,612.2,609.6,2.6,609.6,Time=150.9s | BaseRaw=612.2 | CurrentRaw=609.6 | Change=2.6 => Floor
data,,612.2,605.0,7.2,605.0,Time=151.0s | BaseRaw=612.2 | CurrentRaw=605.0 | Change=7.2 => Floor
data,,612.2,617.6,5.4,617.6,Time=151.1s | BaseRaw=612.2 | CurrentRaw=617.6 | Change=5.4 => Floor
data,,612.2,609.0,3.2,609.0,Time=151.2s | BaseRaw=612.2 | CurrentRaw=609.0 | Change=3.2 => Floor
data,,612.2,606.0,6.2,606.0,Time=151.3s | BaseRaw=612.2 | CurrentRaw=606.0 | Change=6.2 => Floor
data,,612.2,617.4,5.2,617.4,Time=151.4s | BaseRaw=612.2 | CurrentRaw=617.4 | Change=5.2 => Floor
data,,612.2,608.4,3.8,608.4,Time=151.5s | BaseRaw=612.2 | CurrentRaw=608.4 | Change=3.8 => Floor
data,,612.2,607.4,4.8,607.4,Time=151.6s | BaseRaw=612.2 | CurrentRaw=607.4 | Change=4.8 => Floor
data,,612.2,617.4,5.2,617.4,Time=151.7s | BaseRaw=612.2 | CurrentRaw=617.4 | Change=5.2 => Floor
data,,612.2,607.8,4.4,607.8,Time=151.8s | BaseRaw=612.2 | CurrentRaw=607.8 | Change=4.4 => Floor
data,,612.2,608.6,3.6,608.6,Time=151.9s | BaseRaw=612.2 | CurrentRaw=608.6 | Change=3.6 => Floor
data,,612.2,617.0,4.8,617.0,Time=152.0s | BaseRaw=612.2 | CurrentRaw=617.0 | Change=4.8 => Floor
data,,612.2,606.6,5.6,606.6,Time=152.1s | BaseRaw=612.2 | CurrentRaw=606.6 | Change=5.6 => Floor
data,,612.2,609.4,2.8,609.4,Time=152.2s | BaseRaw=612.2 | CurrentRaw=609.4 | Change=2.8 => Floor
data,,612.2,616.2,4.0,616.2,Time=152.3s | BaseRaw=612.2 | CurrentRaw=616.2 | Change=4.0 => Floor
data,,612.2,605.6,6.6,605.6,Time=152.4s | BaseRaw=612.2 | CurrentRaw=605.6 | Change=6.6 => Floor
data,,612.2,610.4,1.8,610.4,Time=152.5s | BaseRaw=612.2 | CurrentRaw=610.4 | Change=1.8 => Floor
data,,612.2,615.8,3.6,615.8,Time=152.6s | BaseRaw=612.2 | CurrentRaw=615.8 | Change=3.6 => Floor
data,,612.2,604.8,7.4,604.8,Time=152.7s | BaseRaw=612.2 | CurrentRaw=604.8 | Change=7.4 => Floor
data,,612.2,611.4,0.8,611.4,Time=152.8s | BaseRaw=612.2 | CurrentRaw=611.4 | Change=0.8 => Floor
data,,612.2,615.2,3.0,615.2,Time=152.9s | BaseRaw=612.2 | CurrentRaw=615.2 | Change=3.0 => Floor
data,,612.2,604.4,7.8,604.4,Time=153.0s | BaseRaw=612.2 | CurrentRaw=604.4 | Change=7.8 => Floor
data,,612.2,612.6,0.4,612.6,Time=153.1s | BaseRaw=612.2 | CurrentRaw=612.6 | Change=0.4 => Floor
data,,612.2,615.0,2.8,615.0,Time=153.2s | BaseRaw=612.2 | CurrentRaw=615.0 | Change=2.8 => Floor
data,,612.2,603.8,8.4,603.8,Time=153.3s | BaseRaw=612.2 | CurrentRaw=603.8 | Change=8.4 => Floor
data,,612.2,614.0,1.8,614.0,Time=153.4s | BaseRaw=612.2 | CurrentRaw=614.0 | Change=1.8 => Floor
data,,612.2,614.4,2.2,614.4,Time=153.5s | BaseRaw=612.2 | CurrentRaw=614.4 | Change=2.2 => Floor
data,,612.2,603.6,8.6,603.6,Time=153.6s | BaseRaw=612.2 | CurrentRaw=603.6 | Change=8.6 => Floor
data,,612.2,615.0,2.8,615.0,Time=153.7s | BaseRaw=612.2 | CurrentRaw=615.0 | Change=2.8 => Floor
data,,612.2,614.4,2.2,614.4,Time=153.8s | BaseRaw=612.2 | CurrentRaw=614.4 | Change=2.2 => Floor
data,,612.2,603.6,8.6,603.6,Time=153.9s | BaseRaw=612.2 | CurrentRaw=603.6 | Change=8.6 => Floor
data,,612.2,615.8,3.6,615.8,Time=154.0s | BaseRaw=612.2 | CurrentRaw=615.8 | Change=3.6 => Floor
data,,612.2,613.8,1.6,613.8,Time=154.1s | BaseRaw=612.2 | CurrentRaw=613.8 | Change=1.6 => Floor
data,,612.2,603.6,8.6,603.6,Time=154.2s | BaseRaw=612.2 | CurrentRaw=603.6 | Change=8.6 => Floor
data,,612.2,616.6,4.4,616.6,Time=154.3s | BaseRaw=612.2 | CurrentRaw=616.6 | Change=4.4 => Floor
data,,612.2,613.4,1.2,613.4,Time=154.4s | BaseRaw=612.2 | CurrentRaw=613.4 | Change=1.2 => Floor
data,,612.2,604.0,8.2,604.0,Time=154.5s | BaseRaw=612.2 | CurrentRaw=604.0 | Change=8.2 => Floor
data,,612.2,617.2,5.0,617.2,Time=154.6s | BaseRaw=612.2 | CurrentRaw=617.2 | Change=5.0 => Floor
data,,612.2,613.0,0.8,613.0,Time=154.7s | BaseRaw=612.2 | CurrentRaw=613.0 | Change=0.8 => Floor
data,,612.2,604.4,7.8,604.4,Time=154.8s | BaseRaw=612.2 | CurrentRaw=604.4 | Change=7.8 => Floor
data,,612.2,617.6,5.4,617.6,Time=154.9s | BaseRaw=612.2 | CurrentRaw=617.6 | Change=5.4 => Floor
data,,612.2,612.4,0.2,612.4,Time=155.0s | BaseRaw=612.2 | CurrentRaw=612.4 | Change=0.2 => Floor
data,,612.2,604.8,7.4,604.8,Time=155.1s | BaseRaw=612.2 | CurrentRaw=604.8 | Change=7.4 => Floor
data,,612.2,617.8,5.6,617.8,Time=155.2s | BaseRaw=612.2 | CurrentRaw=617.8 | Change=5.6 => Floor
data,,612.2,611.6,0.6,611.6,Time=155.3s | BaseRaw=612.2 | CurrentRaw=611.6 | Change=0.6 => Floor
data,,612.2,605.2,7.0,605.2,Time=155.4s | BaseRaw=612.2 | CurrentRaw=605.2 | Change=7.0 => Floor
data,,612.2,617.8,5.6,617.8,Time=155.5s | BaseRaw=612.2 | CurrentRaw=617.8 | Change=5.6 => Floor
data,,612.2,611.0,1.2,611.0,Time=155.6s | BaseRaw=612.2 | CurrentRaw=611.0 | Change=1.2 => Floor
data,,612.2,605.8,6.4,605.8,Time=155.7s | BaseRaw=612.2 | CurrentRaw=605.8 | Change=6.4 => Floor
data,,612.2,617.8,5.6,617.8,Time=155.8s | BaseRaw=612.2 | CurrentRaw=617.8 | Change=5.6 => Floor
data,,612.2,610.0,2.2,610.0,Time=155.9s | BaseRaw=612.2 | CurrentRaw=610.0 | Change=2.2 => Floor
data,,612.2,606.4,5.8,606.4,Time=156.0s | BaseRaw=612.2 | CurrentRaw=606.4 | Change=5.8 => Floor
data,,612.2,617.2,5.0,617.2,Time=156.1s | BaseRaw=612.2 | CurrentRaw=617.2 | Change=5.0 => Floor
data,,612.2,608.6,3.6,608.6,Time=156.2s | BaseRaw=612.2 | CurrentRaw=608.6 | Change=3.6 => Floor
data,,612.2,606.6,5.6,606.6,Time=156.3s | BaseRaw=612.2 | CurrentRaw=606.6 | Change=5.6 => Floor
data,,612.2,616.6,4.4,616.6,Time=156.4s | BaseRaw=612.2 | CurrentRaw=616.6 | Change=4.4 => Floor
data,,612.2,607.4,4.8,607.4,Time=156.5s | BaseRaw=612.2 | CurrentRaw=607.4 | Change=4.8 => Floor
data,,612.2,607.0,5.2,607.0,Time=156.6s | BaseRaw=612.2 | CurrentRaw=607.0 | Change=5.2 => Floor
data,,612.2,616.4,4.2,616.4,Time=156.7s | BaseRaw=612.2 | CurrentRaw=616.4 | Change=4.2 => Floor
data,,612.2,606.6,5.6,606.6,Time=156.8s | BaseRaw=612.2 | CurrentRaw=606.6 | Change=5.6 => Floor
data,,612.2,607.8,4.4,607.8,Time=156.9s | BaseRaw=612.2 | CurrentRaw=607.8 | Change=4.4 => Floor
data,,612.2,616.2,4.0,616.2,Time=157.0s | BaseRaw=612.2 | CurrentRaw=616.2 | Change=4.0 => Floor
data,,612.2,606.2,6.0,606.2,Time=157.1s | BaseRaw=612.2 | CurrentRaw=606.2 | Change=6.0 => Floor
data,,612.2,608.4,3.8,608.4,Time=157.2s | BaseRaw=612.2 | CurrentRaw=608.4 | Change=3.8 => Floor
data,,612.2,616.0,3.8,616.0,Time=157.3s | BaseRaw=612.2 | CurrentRaw=616.0 | Change=3.8 => Floor
data,,612.2,605.4,6.8,605.4,Time=157.4s | BaseRaw=612.2 | CurrentRaw=605.4 | Change=6.8 => Floor
data,,612.2,609.0,3.2,609.0,Time=157.5s | BaseRaw=612.2 | CurrentRaw=609.0 | Change=3.2 => Floor
data,,612.2,615.8,3.6,615.8,Time=157.6s | BaseRaw=612.2 | CurrentRaw=615.8 | Change=3.6 => Floor
data,,612.2,605.0,7.2,605.0,Time=157.7s | BaseRaw=612.2 | CurrentRaw=605.0 | Change=7.2 => Floor
data,,612.2,609.4,2.8,609.4,Time=157.8s | BaseRaw=612.2 | CurrentRaw=609.4 | Change=2.8 => Floor
data,,612.2,615.8,3.6,615.8,Time=157.9s | BaseRaw=612.2 | CurrentRaw=615.8 | Change=3.6 => Floor
data,,612.2,604.4,7.8,604.4,Time=158.0s | BaseRaw=612.2 | CurrentRaw=604.4 | Change=7.8 => Floor
data,,612.2,609.8,2.4,609.8,Time=158.1s | BaseRaw=612.2 | CurrentRaw=609.8 | Change=2.4 => Floor
data,,612.2,615.6,3.4,615.6,Time=158.2s | BaseRaw=612.2 | CurrentRaw=615.6 | Change=3.4 => Floor
data,,612.2,604.2,8.0,604.2,Time=158.3s | BaseRaw=612.2 | CurrentRaw=604.2 | Change=8.0 => Floor
data,,612.2,610.4,1.8,610.4,Time=158.4s | BaseRaw=612.2 | CurrentRaw=610.4 | Change=1.8 => Floor
data,,612.2,615.6,3.4,615.6,Time=158.5s | BaseRaw=612.2 | CurrentRaw=615.6 | Change=3.4 => Floor
data,,612.2,604.0,8.2,604.0,Time=158.6s | BaseRaw=612.2 | CurrentRaw=604.0 | Change=8.2 => Floor
data,,612.2,610.8,1.4,610.8,Time=158.7s | BaseRaw=612.2 | CurrentRaw=610.8 | Change=1.4 => Floor
data,,612.2,615.6,3.4,615.6,Time=158.8s | BaseRaw=612.2 | CurrentRaw=615.6 | Change=3.4 => Floor
data,,612.2,603.8,8.4,603.8,Time=158.9s | BaseRaw=612.2 | CurrentRaw=603.8 | Change=8.4 => Floor
data,,612.2,611.4,0.8,611.4,Time=159.0s | BaseRaw=612.2 | CurrentRaw=611.4 | Change=0.8 => Floor
data,,612.2,615.8,3.6,615.8,Time=159.1s | BaseRaw=612.2 | CurrentRaw=615.8 | Change=3.6 => Floor
data,,612.2,603.8,8.4,603.8,Time=159.2s | BaseRaw=612.2 | CurrentRaw=603.8 | Change=8.4 => Floor
data,,612.2,611.6,0.6,611.6,Time=159.3s | BaseRaw=612.2 | CurrentRaw=611.6 | Change=0.6 => Floor
data,,612.2,615.6,3.4,615.6,Time=159.4s | BaseRaw=612.2 | CurrentRaw=615.6 | Change=3.4 => Floor
data,,612.2,603.4,8.8,603.4,Time=159.5s | BaseRaw=612.2 | CurrentRaw=603.4 | Change=8.8 => Floor
data,,612.2,611.8,0.4,611.8,Time=159.6s | BaseRaw=612.2 | CurrentRaw=611.8 | Change=0.4 => Floor
data,,612.2,615.8,3.6,615.8,Time=159.7s | BaseRaw=612.2 | CurrentRaw=615.8 | Change=3.6 => Floor
data,,612.2,603.6,8.6,603.6,Time=159.8s | BaseRaw=612.2 | CurrentRaw=603.6 | Change=8.6 => Floor
data,,612.2,612.2,0.0,612.2,Time=159.9s | BaseRaw=612.2 | CurrentRaw=612.2 | Change=0.0 => Floor
data,,612.2,616.0,3.8,616.0,Time=160.0s | BaseRaw=612.2 | CurrentRaw=616.0 | Change=3.8 => Floor
data,,612.2,603.6,8.6,603.6,Time=160.1s | BaseRaw=612.2 | CurrentRaw=603.6 | Change=8.6 => Floor
data,,612.2,612.2,0.0,612.2,Time=160.2s | BaseRaw=612.2 | CurrentRaw=612.2 | Change=0.0 => Floor
data,,612.2,616.0,3.8,616.0,Time=160.3s | BaseRaw=612.2 | CurrentRaw=616.0 | Change=3.8 => Floor
data,,612.2,603.6,8.6,603.6,Time=160.4s | BaseRaw=612.2 | CurrentRaw=603.6 | Change=8.6 => Floor
data,,612.2,612.4,0.2,612.4,Time=160.5s | BaseRaw=612.2 | CurrentRaw=612.4 | Change=0.2 => Floor
data,,612.2,616.2,4.0,616.2,Time=160.6s | BaseRaw=612.2 | CurrentRaw=616.2 | Change=4.0 => Floor
data,,612.2,603.8,8.4,603.8,Time=160.7s | BaseRaw=612.2 | CurrentRaw=603.8 | Change=8.4 => Floor
data,,612.2,612.4,0.2,612.4,Time=160.8s | BaseRaw=612.2 | CurrentRaw=612.4 | Change=0.2 => Floor
data,,612.2,616.2,4.0,616.2,Time=160.9s | BaseRaw=612.2 | CurrentRaw=616.2 | Change=4.0 => Floor
data,,612.2,603.8,8.4,603.8,Time=161.0s | BaseRaw=612.2 | CurrentRaw=603.8 | Change=8.4 => Floor
data,,612.2,612.2,0.0,612.2,Time=161.1s | BaseRaw=612.2 | CurrentRaw=612.2 | Change=0.0 => Floor
data,,612.2,616.2,4.0,616.2,Time=161.2s | BaseRaw=612.2 | CurrentRaw=616.2 | Change=4.0 => Floor
data,,612.2,603.6,8.6,603.6,Time=161.3s | BaseRaw=612.2 | CurrentRaw=603.6 | Change=8.6 => Floor
data,,612.2,611.8,0.4,611.8,Time=161.4s | BaseRaw=612.2 | CurrentRaw=611.8 | Change=0.4 => Floor
data,,612.2,616.2,4.0,616.2,Time=161.5s | BaseRaw=612.2 | CurrentRaw=616.2 | Change=4.0 => Floor
data,,612.2,603.8,8.4,603.8,Time=161.6s | BaseRaw=612.2 | CurrentRaw=603.8 | Change=8.4 => Floor
data,,612.2,611.6,0.6,611.6,Time=161.7s | BaseRaw=612.2 | CurrentRaw=611.6 | Change=0.6 => Floor
data,,612.2,616.6,4.4,616.6,Time=161.8s | BaseRaw=612.2 | CurrentRaw=616.6 | Change=4.4 => Floor
data,,612.2,604.0,8.2,604.0,Time=161.9s | BaseRaw=612.2 | CurrentRaw=604.0 | Change=8.2 => Floor
data,,612.2,611.0,1.2,611.0,Time=162.0s | BaseRaw=612.2 | CurrentRaw=611.0 | Change=1.2 => Floor
data,,612.2,616.0,3.8,616.0,Time=162.1s | BaseRaw=612.2 | CurrentRaw=616.0 | Change=3.8 => Floor
data,,612.2,603.6,8.6,603.6,Time=162.2s | BaseRaw=612.2 | CurrentRaw=603.6 | Change=8.6 => Floor
data,,612.2,610.2,2.0,610.2,Time=162.3s | BaseRaw=612.2 | CurrentRaw=610.2 | Change=2.0 => Floor
data,,612.2,616.2,4.0,616.2,Time=162.4s | BaseRaw=612.2 | CurrentRaw=616.2 | Change=4.0 => Floor
data,,612.2,604.0,8.2,604.0,Time=162.5s | BaseRaw=612.2 | CurrentRaw=604.0 | Change=8.2 => Floor
data,,612.2,610.0,2.2,610.0,Time=162.6s | BaseRaw=612.2 | CurrentRaw=610.0 | Change=2.2 => Floor
data,,612.2,616.4,4.2,616.4,Time=162.7s | BaseRaw=612.2 | CurrentRaw=616.4 | Change=4.2 => Floor
data,,612.2,604.4,7.8,604.4,Time=162.8s | BaseRaw=612.2 | CurrentRaw=604.4 | Change=7.8 => Floor
data,,612.2,609.4,2.8,609.4,Time=162.9s | BaseRaw=612.2 | CurrentRaw=609.4 | Change=2.8 => Floor
data,,612.2,616.6,4.4,616.6,Time=163.0s | BaseRaw=612.2 | CurrentRaw=616.6 | Change=4.4 => Floor
data,,612.2,604.8,7.4,604.8,Time=163.1s | BaseRaw=612.2 | CurrentRaw=604.8 | Change=7.4 => Floor
data,,612.2,608.6,3.6,608.6,Time=163.2s | BaseRaw=612.2 | CurrentRaw=608.6 | Change=3.6 => Floor
data,,612.2,616.8,4.6,616.8,Time=163.3s | BaseRaw=612.2 | CurrentRaw=616.8 | Change=4.6 => Floor
data,,612.2,605.2,7.0,605.2,Time=163.4s | BaseRaw=612.2 | CurrentRaw=605.2 | Change=7.0 => Floor
data,,612.2,608.0,4.2,608.0,Time=163.5s | BaseRaw=612.2 | CurrentRaw=608.0 | Change=4.2 => Floor
data,,612.2,617.0,4.8,617.0,Time=163.6s | BaseRaw=612.2 | CurrentRaw=617.0 | Change=4.8 => Floor
data,,612.2,606.0,6.2,606.0,Time=163.7s | BaseRaw=612.2 | CurrentRaw=606.0 | Change=6.2 => Floor
data,,612.2,607.2,5.0,607.2,Time=163.8s | BaseRaw=612.2 | CurrentRaw=607.2 | Change=5.0 => Floor
data,,612.2,617.2,5.0,617.2,Time=163.9s | BaseRaw=612.2 | CurrentRaw=617.2 | Change=5.0 => Floor
data,,612.2,606.6,5.6,606.6,Time=164.0s | BaseRaw=612.2 | CurrentRaw=606.6 | Change=5.6 => Floor
data,,612.2,606.8,5.4,606.8,Time=164.1s | BaseRaw=612.2 | CurrentRaw=606.8 | Change=5.4 => Floor
data,,612.2,617.6,5.4,617.6,Time=164.2s | BaseRaw=612.2 | CurrentRaw=617.6 | Change=5.4 => Floor
data,,612.2,607.4,4.8,607.4,Time=164.3s | BaseRaw=612.2 | CurrentRaw=607.4 | Change=4.8 => Floor
data,,612.2,606.4,5.8,606.4,Time=164.4s | BaseRaw=612.2 | CurrentRaw=606.4 | Change=5.8 => Floor
data,,612.2,618.0,5.8,618.0,Time=164.5s | BaseRaw=612.2 | CurrentRaw=618.0 | Change=5.8 => Floor
data,,612.2,608.2,4.0,608.2,Time=164.6s | BaseRaw=612.2 | CurrentRaw=608.2 | Change=4.0 => Floor
data,,612.2,605.6,6.6,605.6,Time=164.7s | BaseRaw=612.2 | CurrentRaw=605.6 | Change=6.6 => Floor
data,,612.2,618.0,5.8,618.0,Time=164.8s | BaseRaw=612.2 | CurrentRaw=618.0 | Change=5.8 => Floor
data,,612.2,609.0,3.2,609.0,Time=164.9s | BaseRaw=612.2 | CurrentRaw=609.0 | Change=3.2 => Floor
data,,612.2,605.2,7.0,605.2,Time=165.0s | BaseRaw=612.2 | CurrentRaw=605.2 | Change=7.0 => Floor
data,,612.2,618.4,6.2,618.4,Time=165.1s | BaseRaw=612.2 | CurrentRaw=618.4 | Change=6.2 => Floor
data,,612.2,610.2,2.0,610.2,Time=165.2s | BaseRaw=612.2 | CurrentRaw=610.2 | Change=2.0 => Floor
data,,612.2,605.0,7.2,605.0,Time=165.3s | BaseRaw=612.2 | CurrentRaw=605.0 | Change=7.2 => Floor
data,,612.2,618.4,6.2,618.4,Time=165.4s | BaseRaw=612.2 | CurrentRaw=618.4 | Change=6.2 => Floor
data,,612.2,610.8,1.4,610.8,Time=165.5s | BaseRaw=612.2 | CurrentRaw=610.8 | Change=1.4 => Floor
data,,612.2,604.0,8.2,604.0,Time=165.6s | BaseRaw=612.2 | CurrentRaw=604.0 | Change=8.2 => Floor
data,,612.2,618.2,6.0,618.2,Time=165.7s | BaseRaw=612.2 | CurrentRaw=618.2 | Change=6.0 => Floor
data,,612.2,611.8,0.4,611.8,Time=165.8s | BaseRaw=612.2 | CurrentRaw=611.8 | Change=0.4 => Floor
data,,612.2,603.8,8.4,603.8,Time=165.9s | BaseRaw=612.2 | CurrentRaw=603.8 | Change=8.4 => Floor
data,,612.2,618.2,6.0,618.2,Time=166.0s | BaseRaw=612.2 | CurrentRaw=618.2 | Change=6.0 => Floor
data,,612.2,613.0,0.8,613.0,Time=166.1s | BaseRaw=612.2 | CurrentRaw=613.0 | Change=0.8 => Floor
data,,612.2,603.6,8.6,603.6,Time=166.2s | BaseRaw=612.2 | CurrentRaw=603.6 | Change=8.6 => Floor
data,,612.2,617.8,5.6,617.8,Time=166.3s | BaseRaw=612.2 | CurrentRaw=617.8 | Change=5.6 => Floor
data,,612.2,613.6,1.4,613.6,Time=166.4s | BaseRaw=612.2 | CurrentRaw=613.6 | Change=1.4 => Floor
data,,612.2,603.2,9.0,603.2,Time=166.5s | BaseRaw=612.2 | CurrentRaw=603.2 | Change=9.0 => Floor
data,,612.2,617.2,5.0,617.2,Time=166.6s | BaseRaw=612.2 | CurrentRaw=617.2 | Change=5.0 => Floor
data,,612.2,614.2,2.0,614.2,Time=166.7s | BaseRaw=612.2 | CurrentRaw=614.2 | Change=2.0 => Floor
data,,612.2,603.2,9.0,603.2,Time=166.8s | BaseRaw=612.2 | CurrentRaw=603.2 | Change=9.0 => Floor
data,,612.2,616.8,4.6,616.8,Time=166.9s | BaseRaw=612.2 | CurrentRaw=616.8 | Change=4.6 => Floor
data,,612.2,615.0,2.8,615.0,Time=167.0s | BaseRaw=612.2 | CurrentRaw=615.0 | Change=2.8 => Floor
data,,612.2,603.2,9.0,603.2,Time=167.1s | BaseRaw=612.2 | CurrentRaw=603.2 | Change=9.0 => Floor
data,,612.2,616.2,4.0,616.2,Time=167.2s | BaseRaw=612.2 | CurrentRaw=616.2 | Change=4.0 => Floor
data,,612.2,615.4,3.2,615.4,Time=167.3s | BaseRaw=612.2 | CurrentRaw=615.4 | Change=3.2 => Floor
data,,612.2,603.0,9.2,603.0,Time=167.4s | BaseRaw=612.2 | CurrentRaw=603.0 | Change=9.2 => Floor
data,,612.2,615.0,2.8,615.0,Time=167.5s | BaseRaw=612.2 | CurrentRaw=615.0 | Change=2.8 => Floor
data,,612.2,615.4,3.2,615.4,Time=167.6s | BaseRaw=612.2 | CurrentRaw=615.4 | Change=3.2 => Floor
data,,612.2,602.8,9.4,602.8,Time=167.7s | BaseRaw=612.2 | CurrentRaw=602.8 | Change=9.4 => Floor
data,,612.2,613.8,1.6,613.8,Time=167.8s | BaseRaw=612.2 | CurrentRaw=613.8 | Change=1.6 => Floor
data,,612.2,615.4,3.2,615.4,Time=167.9s | BaseRaw=612.2 | CurrentRaw=615.4 | Change=3.2 => Floor
data,,612.2,602.8,9.4,602.8,Time=168.0s | BaseRaw=612.2 | CurrentRaw=602.8 | Change=9.4 => Floor
data,,612.2,613.0,0.8,613.0,Time=168.1s | BaseRaw=612.2 | CurrentRaw=613.0 | Change=0.8 => Floor
data,,612.2,615.8,3.6,615.8,Time=168.2s | BaseRaw=612.2 | CurrentRaw=615.8 | Change=3.6 => Floor
data,,612.2,603.2,9.0,603.2,Time=168.3s | BaseRaw=612.2 | CurrentRaw=603.2 | Change=9.0 => Floor
data,,612.2,612.4,0.2,612.4,Time=168.4s | BaseRaw=612.2 | CurrentRaw=612.4 | Change=0.2 => Floor
data,,612.2,616.4,4.2,616.4,Time=168.5s | BaseRaw=612.2 | CurrentRaw=616.4 | Change=4.2 => Floor
data,,612.2,603.8,8.4,603.8,Time=168.6s | BaseRaw=612.2 | CurrentRaw=603.8 | Change=8.4 => Floor
data,,612.2,611.8,0.4,611.8,Time=168.7s | BaseRaw=612.2 | CurrentRaw=611.8 | Change=0.4 => Floor
data,,612.2,617.0,4.8,617.0,Time=168.8s | BaseRaw=612.2 | CurrentRaw=617.0 | Change=4.8 => Floor
data,,612.2,604.6,7.6,604.6,Time=168.9s | BaseRaw=612.2 | CurrentRaw=604.6 | Change=7.6 => Floor
data,,612.2,611.2,1.0,611.2,Time=169.0s | BaseRaw=612.2 | CurrentRaw=611.2 | Change=1.0 => Floor
data,,612.2,617.4,5.2,617.4,Time=169.1s | BaseRaw=612.2 | CurrentRaw=617.4 | Change=5.2 => Floor
data,,612.2,605.0,7.2,605.0,Time=169.2s | BaseRaw=612.2 | CurrentRaw=605.0 | Change=7.2 => Floor
data,,612.2,610.2,2.0,610.2,Time=169.3s | BaseRaw=612.2 | CurrentRaw=610.2 | Change=2.0 => Floor
data,,612.2,617.4,5.2,617.4,Time=169.4s | BaseRaw=612.2 | CurrentRaw=617.4 | Change=5.2 => Floor
data,,612.2,605.2,7.0,605.2,Time=169.5s | BaseRaw=612.2 | CurrentRaw=605.2 | Change=7.0 => Floor
data,,612.2,609.2,3.0,609.2,Time=169.6s | BaseRaw=612.2 | CurrentRaw=609.2 | Change=3.0 => Floor
data,,612.2,617.8,5.6,617.8,Time=169.7s | BaseRaw=612.2 | CurrentRaw=617.8 | Change=5.6 => Floor
data,,612.2,606.2,6.0,606.2,Time=169.8s | BaseRaw=612.2 | CurrentRaw=606.2 | Change=6.0 => Floor
data,,612.2,608.8,3.4,608.8,Time=169.9s | BaseRaw=612.2 | CurrentRaw=608.8 | Change=3.4 => Floor
data,,612.2,618.6,6.4,618.6,Time=170.0s | BaseRaw=612.2 | CurrentRaw=618.6 | Change=6.4 => Floor
data,,612.2,607.2,5.0,607.2,Time=170.1s | BaseRaw=612.2 | CurrentRaw=607.2 | Change=5.0 => Floor
data,,612.2,608.0,4.2,608.0,Time=170.2s | BaseRaw=612.2 | CurrentRaw=608.0 | Change=4.2 => Floor
data,,612.2,618.6,6.4,618.6,Time=170.3s | BaseRaw=612.2 | CurrentRaw=618.6 | Change=6.4 => Floor
data,,612.2,607.4,4.8,607.4,Time=170.4s | BaseRaw=612.2 | CurrentRaw=607.4 | Change=4.8 => Floor
data,,612.2,607.0,5.2,607.0,Time=170.5s | BaseRaw=612.2 | CurrentRaw=607.0 | Change=5.2 => Floor
data,,612.2,618.6,6.4,618.6,Time=170.6s | BaseRaw=612.2 | CurrentRaw=618.6 | Change=6.4 => Floor
data,,612.2,608.0,4.2,608.0,Time=170.7s | BaseRaw=612.2 | CurrentRaw=608.0 | Change=4.2 => Floor
data,,612.2,606.2,6.0,606.2,Time=170.8s | BaseRaw=612.2 | CurrentRaw=606.2 | Change=6.0 => Floor
data,,612.2,618.8,6.6,618.8,Time=170.9s | BaseRaw=612.2 | CurrentRaw=618.8 | Change=6.6 => Floor
data,,612.2,608.4,3.8,608.4,Time=171.0s | BaseRaw=612.2 | CurrentRaw=608.4 | Change=3.8 => Floor
data,,612.2,605.0,7.2,605.0,Time=171.1s | BaseRaw=612.2 | CurrentRaw=605.0 | Change=7.2 => Floor
data,,612.2,618.6,6.4,618.6,Time=171.2s | BaseRaw=612.2 | CurrentRaw=618.6 | Change=6.4 => Floor
data,,612.2,608.8,3.4,608.8,Time=171.3s | BaseRaw=612.2 | CurrentRaw=608.8 | Change=3.4 => Floor
data,,612.2,604.0,8.2,604.0,Time=171.4s | BaseRaw=612.2 | CurrentRaw=604.0 | Change=8.2 => Floor
data,,612.2,618.4,6.2,618.4,Time=171.5s | BaseRaw=612.2 | CurrentRaw=618.4 | Change=6.2 => Floor
data,,612.2,609.8,2.4,609.8,Time=171.6s | BaseRaw=612.2 | CurrentRaw=609.8 | Change=2.4 => Floor
data,,612.2,603.8,8.4,603.8,Time=171.7s | BaseRaw=612.2 | CurrentRaw=603.8 | Change=8.4 => Floor
data,,612.2,618.8,6.6,618.8,Time=171.8s | BaseRaw=612.2 | CurrentRaw=618.8 | Change=6.6 => Floor
data,,612.2,611.0,1.2,611.0,Time=171.9s | BaseRaw=612.2 | CurrentRaw=611.0 | Change=1.2 => Floor
data,,612.2,603.8,8.4,603.8,Time=172.0s | BaseRaw=612.2 | CurrentRaw=603.8 | Change=8.4 => Floor
data,,612.2,618.8,6.6,618.8,Time=172.1s | BaseRaw=612.2 | CurrentRaw=618.8 | Change=6.6 => Floor
data,,612.2,611.6,0.6,611.6,Time=172.2s | BaseRaw=612.2 | CurrentRaw=611.6 | Change=0.6 => Floor
data,,612.2,603.2,9.0,603.2,Time=172.3s | BaseRaw=612.2 | CurrentRaw=603.2 | Change=9.0 => Floor
data,,612.2,618.8,6.6,618.8,Time=172.4s | BaseRaw=612.2 | CurrentRaw=618.8 | Change=6.6 => Floor
data,,612.2,612.6,0.4,612.6,Time=172.5s | BaseRaw=612.2 | CurrentRaw=612.6 | Change=0.4 => Floor
data,,612.2,603.0,9.2,603.0,Time=172.6s | BaseRaw=612.2 | CurrentRaw=603.0 | Change=9.2 => Floor
data,,612.2,618.6,6.4,618.6,Time=172.7s | BaseRaw=612.2 | CurrentRaw=618.6 | Change=6.4 => Floor
data,,612.2,613.0,0.8,613.0,Time=172.8s | BaseRaw=612.2 | CurrentRaw=613.0 | Change=0.8 => Floor
data,,612.2,602.6,9.6,602.6,Time=172.9s | BaseRaw=612.2 | CurrentRaw=602.6 | Change=9.6 => Floor
data,,612.2,618.0,5.8,618.0,Time=173.0s | BaseRaw=612.2 | CurrentRaw=618.0 | Change=5.8 => Floor
data,,612.2,613.8,1.6,613.8,Time=173.1s | BaseRaw=612.2 | CurrentRaw=613.8 | Change=1.6 => Floor
data,,612.2,602.4,9.8,602.4,Time=173.2s | BaseRaw=612.2 | CurrentRaw=602.4 | Change=9.8 => Floor
data,,612.2,617.6,5.4,617.6,Time=173.3s | BaseRaw=612.2 | CurrentRaw=617.6 | Change=5.4 => Floor
data,,612.2,614.4,2.2,614.4,Time=173.4s | BaseRaw=612.2 | CurrentRaw=614.4 | Change=2.2 => Floor
data,,612.2,602.2,10.0,602.2,Time=173.5s | BaseRaw=612.2 | CurrentRaw=602.2 | Change=10.0 => Liquid
data,,612.2,607.6,4.6,607.6,Time=173.6s | BaseRaw=612.2 | CurrentRaw=607.6 | Change=4.6 => Floor
data,,612.2,618.0,5.8,618.0,Time=173.7s | BaseRaw=612.2 | CurrentRaw=618.0 | Change=5.8 => Floor
data,,612.2,603.2,9.0,603.2,Time=173.8s | BaseRaw=612.2 | CurrentRaw=603.2 | Change=9.0 => Floor
data,,612.2,607.0,5.2,607.0,Time=173.9s | BaseRaw=612.2 | CurrentRaw=607.0 | Change=5.2 => Floor
data,,612.2,618.2,6.0,618.2,Time=174.0s | BaseRaw=612.2 | CurrentRaw=618.2 | Change=6.0 => Floor
data,,612.2,613.2,1.0,613.2,Time=174.1s | BaseRaw=612.2 | CurrentRaw=613.2 | Change=1.0 => Floor
data,,612.2,603.4,8.8,603.4,Time=174.2s | BaseRaw=612.2 | CurrentRaw=603.4 | Change=8.8 => Floor
data,,612.2,617.6,5.4,617.6,Time=174.3s | BaseRaw=612.2 | CurrentRaw=617.6 | Change=5.4 => Floor
data,,612.2,613.8,1.6,613.8,Time=174.4s | BaseRaw=612.2 | CurrentRaw=613.8 | Change=1.6 => Floor
data,,612.2,603.0,9.2,603.0,Time=174.5s | BaseRaw=612.2 | CurrentRaw=603.0 | Change=9.2 => Floor
data,,612.2,616.8,4.6,616.8,Time=174.6s | BaseRaw=612.2 | CurrentRaw=616.8 | Change=4.6 => Floor
data,,612.2,614.4,2.2,614.4,Time=174.7s | BaseRaw=612.2 | CurrentRaw=614.4 | Change=2.2 => Floor
data,,612.2,602.8,9.4,602.8,Time=174.8s | BaseRaw=612.2 | CurrentRaw=602.8 | Change=9.4 => Floor
data,,612.2,616.0,3.8,616.0,Time=174.9s | BaseRaw=612.2 | CurrentRaw=616.0 | Change=3.8 => Floor
data,,612.2,615.4,3.2,615.4,Time=175.0s | BaseRaw=612.2 | CurrentRaw=615.4 | Change=3.2 => Floor
data,,612.2,602.8,9.4,602.8,Time=175.1s | BaseRaw=612.2 | CurrentRaw=602.8 | Change=9.4 => Floor
data,,612.2,615.2,3.0,615.2,Time=175.2s | BaseRaw=612.2 | CurrentRaw=615.2 | Change=3.0 => Floor
data,,612.2,615.8,3.6,615.8,Time=175.3s | BaseRaw=612.2 | CurrentRaw=615.8 | Change=3.6 => Floor
data,,612.2,603.2,9.0,603.2,Time=175.4s | BaseRaw=612.2 | CurrentRaw=603.2 | Change=9.0 => Floor
data,,612.2,614.0,1.8,614.0,Time=175.5s | BaseRaw=612.2 | CurrentRaw=614.0 | Change=1.8 => Floor
data,,612.2,616.2,4.0,616.2,Time=175.6s | BaseRaw=612.2 | CurrentRaw=616.2 | Change=4.0 => Floor
data,,612.2,603.2,9.0,603.2,Time=175.7s | BaseRaw=612.2 | CurrentRaw=603.2 | Change=9.0 => Floor
data,,612.2,613.0,0.8,613.0,Time=175.8s | BaseRaw=612.2 | CurrentRaw=613.0 | Change=0.8 => Floor
data,,612.2,616.2,4.0,616.2,Time=175.9s | BaseRaw=612.2 | CurrentRaw=616.2 | Change=4.0 => Floor
data,,612.2,603.4,8.8,603.4,Time=176.0s | BaseRaw=612.2 | CurrentRaw=603.4 | Change=8.8 => Floor
data,,612.2,612.0,0.2,612.0,Time=176.1s | BaseRaw=612.2 | CurrentRaw=612.0 | Change=0.2 => Floor
data,,612.2,616.6,4.4,616.6,Time=176.2s | BaseRaw=612.2 | CurrentRaw=616.6 | Change=4.4 => Floor
data,,612.2,604.0,8.2,604.0,Time=176.3s | BaseRaw=612.2 | CurrentRaw=604.0 | Change=8.2 => Floor
data,,612.2,611.6,0.6,611.6,Time=176.4s | BaseRaw=612.2 | CurrentRaw=611.6 | Change=0.6 => Floor
data,,612.2,617.6,5.4,617.6,Time=176.5s | BaseRaw=612.2 | CurrentRaw=617.6 | Change=5.4 => Floor
data,,612.2,605.0,7.2,605.0,Time=176.6s | BaseRaw=612.2 | CurrentRaw=605.0 | Change=7.2 => Floor
data,,612.2,610.8,1.4,610.8,Time=176.7s | BaseRaw=612.2 | CurrentRaw=610.8 | Change=1.4 => Floor
data,,612.2,617.6,5.4,617.6,Time=176.8s | BaseRaw=612.2 | CurrentRaw=617.6 | Change=5.4 => Floor
data,,612.2,605.0,7.2,605.0,Time=176.9s | BaseRaw=612.2 | CurrentRaw=605.0 | Change=7.2 => Floor
data,,612.2,609.2,3.0,609.2,Time=177.0s | BaseRaw=612.2 | CurrentRaw=609.2 | Change=3.0 => Floor
data,,612.2,617.4,5.2,617.4,Time=177.1s | BaseRaw=612.2 | CurrentRaw=617.4 | Change=5.2 => Floor
data,,612.2,605.4,6.8,605.4,Time=177.2s | BaseRaw=612.2 | CurrentRaw=605.4 | Change=6.8 => Floor
data,,612.2,608.6,3.6,608.6,Time=177.3s | BaseRaw=612.2 | CurrentRaw=608.6 | Change=3.6 => Floor
data,,612.2,617.8,5.6,617.8,Time=177.4s | BaseRaw=612.2 | CurrentRaw=617.8 | Change=5.6 => Floor
data,,612.2,606.2,6.0,606.2,Time=177.5s | BaseRaw=612.2 | CurrentRaw=606.2 | Change=6.0 => Floor
data,,612.2,607.6,4.6,607.6,Time=177.6s | BaseRaw=612.2 | CurrentRaw=607.6 | Change=4.6 => Floor
data,,612.2,618.2,6.0,618.2,Time=177.7s | BaseRaw=612.2 | CurrentRaw=618.2 | Change=6.0 => Floor
data,,612.2,606.8,5.4,606.8,Time=177.8s | BaseRaw=612.2 | CurrentRaw=606.8 | Change=5.4 => Floor
data,,612.2,606.8,5.4,606.8,Time=177.9s | BaseRaw=612.2 | CurrentRaw=606.8 | Change=5.4 => Floor
data,,612.2,618.4,6.2,618.4,Time=178.0s | BaseRaw=612.2 | CurrentRaw=618.4 | Change=6.2 => Floor
data,,612.2,607.6,4.6,607.6,Time=178.1s | BaseRaw=612.2 | CurrentRaw=607.6 | Change=4.6 => Floor
data,,612.2,606.2,6.0,606.2,Time=178.2s | BaseRaw=612.2 | CurrentRaw=606.2 | Change=6.0 => Floor
data,,612.2,618.6,6.4,618.6,Time=178.3s | BaseRaw=612.2 | CurrentRaw=618.6 | Change=6.4 => Floor
data,,612.2,608.2,4.0,608.2,Time=178.4s | BaseRaw=612.2 | CurrentRaw=608.2 | Change=4.0 => Floor
data,,612.2,605.4,6.8,605.4,Time=178.5s | BaseRaw=612.2 | CurrentRaw=605.4 | Change=6.8 => Floor
data,,612.2,618.8,6.6,618.8,Time=178.6s | BaseRaw=612.2 | CurrentRaw=618.8 | Change=6.6 => Floor
data,,612.2,608.8,3.4,608.8,Time=178.7s | BaseRaw=612.2 | CurrentRaw=608.8 | Change=3.4 => Floor
data,,612.2,604.6,7.6,604.6,Time=178.8s | BaseRaw=612.2 | CurrentRaw=604.6 | Change=7.6 => Floor
data,,612.2,618.6,6.4,618.6,Time=178.9s | BaseRaw=612.2 | CurrentRaw=618.6 | Change=6.4 => Floor
data,,612.2,609.2,3.0,609.2,Time=179.0s | BaseRaw=612.2 | CurrentRaw=609.2 | Change=3.0 => Floor
data,,612.2,603.4,8.8,603.4,Time=179.1s | BaseRaw=612.2 | CurrentRaw=603.4 | Change=8.8 => Floor
data,,612.2,618.0,5.8,618.0,Time=179.2s | BaseRaw=612.2 | CurrentRaw=618.0 | Change=5.8 => Floor
data,,612.2,609.2,3.0,609.2,Time=179.3s | BaseRaw=612.2 | CurrentRaw=609.2 | Change=3.0 => Floor
data,,612.2,602.4,9.8,602.4,Time=179.4s | BaseRaw=612.2 | CurrentRaw=602.4 | Change=9.8 => Floor
data,,612.2,617.6,5.4,617.6,Time=179.5s | BaseRaw=612.2 | CurrentRaw=617.6 | Change=5.4 => Floor
data,,612.2,610.0,2.2,610.0,Time=179.6s | BaseRaw=612.2 | CurrentRaw=610.0 | Change=2.2 => Floor
data,,612.2,601.8,10.4,601.8,Time=179.7s | BaseRaw=612.2 | CurrentRaw=601.8 | Change=10.4 => Liquid
data,,612.2,611.6,0.6,611.6,Time=179.8s | BaseRaw=612.2 | CurrentRaw=611.6 | Change=0.6 => Floor
data,,612.2,616.6,4.4,616.6,Time=179.9s | BaseRaw=612.2 | CurrentRaw=616.6 | Change=4.4 => Floor
data,,612.2,601.8,10.4,601.8,Time=180.0s | BaseRaw=612.2 | CurrentRaw=601.8 | Change=10.4 => Liquid
data,,612.2,602.4,9.8,602.4,Time=180.1s | BaseRaw=612.2 | CurrentRaw=602.4 | Change=9.8 => Floor
data,,612.2,608.0,4.2,608.0,Time=180.2s | BaseRaw=612.2 | CurrentRaw=608.0 | Change=4.2 => Floor
data,,612.2,607.6,4.6,607.6,Time=180.3s | BaseRaw=612.2 | CurrentRaw=607.6 | Change=4.6 => Floor
data,,612.2,596.0,16.2,596.0,Time=180.4s | BaseRaw=612.2 | CurrentRaw=596.0 | Change=16.2 => Liquid
data,,612.2,597.8,14.4,597.8,Time=180.5s | BaseRaw=612.2 | CurrentRaw=597.8 | Change=14.4 => Liquid
data,,612.2,601.4,10.8,601.4,Time=180.6s | BaseRaw=612.2 | CurrentRaw=601.4 | Change=10.8 => Liquid
data,,612.2,597.0,15.2,597.0,Time=180.7s | BaseRaw=612.2 | CurrentRaw=597.0 | Change=15.2 => Liquid
data,,612.2,598.6,13.6,598.6,Time=180.8s | BaseRaw=612.2 | CurrentRaw=598.6 | Change=13.6 => Liquid
data,,612.2,611.8,0.4,611.8,Time=180.9s | BaseRaw=612.2 | CurrentRaw=611.8 | Change=0.4 => Floor
data,,612.2,616.4,4.2,616.4,Time=181.0s | BaseRaw=612.2 | CurrentRaw=616.4 | Change=4.2 => Floor
data,,612.2,613.4,1.2,613.4,Time=181.1s | BaseRaw=612.2 | CurrentRaw=613.4 | Change=1.2 => Floor
data,,612.2,619.0,6.8,619.0,Time=181.2s | BaseRaw=612.2 | CurrentRaw=619.0 | Change=6.8 => Floor
data,,612.2,615.8,3.6,615.8,Time=181.3s | BaseRaw=612.2 | CurrentRaw=615.8 | Change=3.6 => Floor
data,,612.2,603.2,9.0,603.2,Time=181.4s | BaseRaw=612.2 | CurrentRaw=603.2 | Change=9.0 => Floor
data,,612.2,609.0,3.2,609.0,Time=181.5s | BaseRaw=612.2 | CurrentRaw=609.0 | Change=3.2 => Floor
data,,612.2,616.2,4.0,616.2,Time=181.6s | BaseRaw=612.2 | CurrentRaw=616.2 | Change=4.0 => Floor
data,,612.2,603.8,8.4,603.8,Time=181.7s | BaseRaw=612.2 | CurrentRaw=603.8 | Change=8.4 => Floor
data,,612.2,608.0,4.2,608.0,Time=181.8s | BaseRaw=612.2 | CurrentRaw=608.0 | Change=4.2 => Floor
data,,612.2,616.6,4.4,616.6,Time=181.9s | BaseRaw=612.2 | CurrentRaw=616.6 | Change=4.4 => Floor
data,,612.2,604.8,7.4,604.8,Time=182.0s | BaseRaw=612.2 | CurrentRaw=604.8 | Change=7.4 => Floor
data,,612.2,607.4,4.8,607.4,Time=182.1s | BaseRaw=612.2 | CurrentRaw=607.4 | Change=4.8 => Floor
data,,612.2,617.8,5.6,617.8,Time=182.2s | BaseRaw=612.2 | CurrentRaw=617.8 | Change=5.6 => Floor
data,,612.2,606.4,5.8,606.4,Time=182.3s | BaseRaw=612.2 | CurrentRaw=606.4 | Change=5.8 => Floor
data,,612.2,607.2,5.0,607.2,Time=182.4s | BaseRaw=612.2 | CurrentRaw=607.2 | Change=5.0 => Floor
data,,612.2,618.4,6.2,618.4,Time=182.5s | BaseRaw=612.2 | CurrentRaw=618.4 | Change=6.2 => Floor
data,,612.2,607.4,4.8,607.4,Time=182.6s | BaseRaw=612.2 | CurrentRaw=607.4 | Change=4.8 => Floor
data,,612.2,606.2,6.0,606.2,Time=182.7s | BaseRaw=612.2 | CurrentRaw=606.2 | Change=6.0 => Floor
data,,612.2,618.6,6.4,618.6,Time=182.8s | BaseRaw=612.2 | CurrentRaw=618.6 | Change=6.4 => Floor
data,,612.2,608.0,4.2,608.0,Time=182.9s | BaseRaw=612.2 | CurrentRaw=608.0 | Change=4.2 => Floor
data,,612.2,605.4,6.8,605.4,Time=183.0s | BaseRaw=612.2 | CurrentRaw=605.4 | Change=6.8 => Floor
data,,612.2,618.6,6.4,618.6,Time=183.1s | BaseRaw=612.2 | CurrentRaw=618.6 | Change=6.4 => Floor
data,,612.2,608.6,3.6,608.6,Time=183.2s | BaseRaw=612.2 | CurrentRaw=608.6 | Change=3.6 => Floor
data,,612.2,604.4,7.8,604.4,Time=183.3s | BaseRaw=612.2 | CurrentRaw=604.4 | Change=7.8 => Floor
data,,612.2,618.6,6.4,618.6,Time=183.4s | BaseRaw=612.2 | CurrentRaw=618.6 | Change=6.4 => Floor
data,,612.2,609.4,2.8,609.4,Time=183.5s | BaseRaw=612.2 | CurrentRaw=609.4 | Change=2.8 => Floor
data,,612.2,604.0,8.2,604.0,Time=183.6s | BaseRaw=612.2 | CurrentRaw=604.0 | Change=8.2 => Floor
data,,612.2,618.8,6.6,618.8,Time=183.7s | BaseRaw=612.2 | CurrentRaw=618.8 | Change=6.6 => Floor
data,,612.2,610.8,1.4,610.8,Time=183.8s | BaseRaw=612.2 | CurrentRaw=610.8 | Change=1.4 => Floor
data,,612.2,603.8,8.4,603.8,Time=183.9s | BaseRaw=612.2 | CurrentRaw=603.8 | Change=8.4 => Floor
data,,612.2,619.2,7.0,619.2,Time=184.0s | BaseRaw=612.2 | CurrentRaw=619.2 | Change=7.0 => Floor
data,,612.2,611.8,0.4,611.8,Time=184.1s | BaseRaw=612.2 | CurrentRaw=611.8 | Change=0.4 => Floor
data,,612.2,603.4,8.8,603.4,Time=184.2s | BaseRaw=612.2 | CurrentRaw=603.4 | Change=8.8 => Floor
data,,612.2,618.8,6.6,618.8,Time=184.3s | BaseRaw=612.2 | CurrentRaw=618.8 | Change=6.6 => Floor
data,,612.2,612.6,0.4,612.6,Time=184.4s | BaseRaw=612.2 | CurrentRaw=612.6 | Change=0.4 => Floor
data,,612.2,602.8,9.4,602.8,Time=184.5s | BaseRaw=612.2 | CurrentRaw=602.8 | Change=9.4 => Floor
data,,612.2,618.4,6.2,618.4,Time=184.6s | BaseRaw=612.2 | CurrentRaw=618.4 | Change=6.2 => Floor
data,,612.2,613.4,1.2,613.4,Time=184.7s | BaseRaw=612.2 | CurrentRaw=613.4 | Change=1.2 => Floor
data,,612.2,602.4,9.8,602.4,Time=184.8s | BaseRaw=612.2 | CurrentRaw=602.4 | Change=9.8 => Floor
data,,612.2,617.6,5.4,617.6,Time=184.9s | BaseRaw=612.2 | CurrentRaw=617.6 | Change=5.4 => Floor
data,,612.2,613.8,1.6,613.8,Time=185.0s | BaseRaw=612.2 | CurrentRaw=613.8 | Change=1.6 => Floor
data,,612.2,602.2,10.0,602.2,Time=185.1s | BaseRaw=612.2 | CurrentRaw=602.2 | Change=10.0 => Liquid
data,,612.2,608.2,4.0,608.2,Time=185.2s | BaseRaw=612.2 | CurrentRaw=608.2 | Change=4.0 => Floor
data,,612.2,617.8,5.6,617.8,Time=185.3s | BaseRaw=612.2 | CurrentRaw=617.8 | Change=5.6 => Floor
data,,612.2,602.8,9.4,602.8,Time=185.4s | BaseRaw=612.2 | CurrentRaw=602.8 | Change=9.4 => Floor
data,,612.2,607.8,4.4,607.8,Time=185.5s | BaseRaw=612.2 | CurrentRaw=607.8 | Change=4.4 => Floor
data,,612.2,618.2,6.0,618.2,Time=185.6s | BaseRaw=612.2 | CurrentRaw=618.2 | Change=6.0 => Floor
data,,612.2,612.0,0.2,612.0,Time=185.7s | BaseRaw=612.2 | CurrentRaw=612.0 | Change=0.2 => Floor
data,,612.2,603.8,8.4,603.8,Time=185.8s | BaseRaw=612.2 | CurrentRaw=603.8 | Change=8.4 => Floor
data,,612.2,618.2,6.0,618.2,Time=185.9s | BaseRaw=612.2 | CurrentRaw=618.2 | Change=6.0 => Floor
data,,612.2,612.8,0.6,612.8,Time=186.0s | BaseRaw=612.2 | CurrentRaw=612.8 | Change=0.6 => Floor
data,,612.2,603.4,8.8,603.4,Time=186.1s | BaseRaw=612.2 | CurrentRaw=603.4 | Change=8.8 => Floor
data,,612.2,617.8,5.6,617.8,Time=186.2s | BaseRaw=612.2 | CurrentRaw=617.8 | Change=5.6 => Floor
data,,612.2,613.4,1.2,613.4,Time=186.3s | BaseRaw=612.2 | CurrentRaw=613.4 | Change=1.2 => Floor
data,,612.2,603.0,9.2,603.0,Time=186.4s | BaseRaw=612.2 | CurrentRaw=603.0 | Change=9.2 => Floor
data,,612.2,617.2,5.0,617.2,Time=186.5s | BaseRaw=612.2 | CurrentRaw=617.2 | Change=5.0 => Floor
data,,612.2,614.0,1.8,614.0,Time=186.6s | BaseRaw=612.2 | CurrentRaw=614.0 | Change=1.8 => Floor
data,,612.2,603.2,9.0,603.2,Time=186.7s | BaseRaw=612.2 | CurrentRaw=603.2 | Change=9.0 => Floor
data,,612.2,616.8,4.6,616.8,Time=186.8s | BaseRaw=612.2 | CurrentRaw=616.8 | Change=4.6 => Floor
data,,612.2,614.4,2.2,614.4,Time=186.9s | BaseRaw=612.2 | CurrentRaw=614.4 | Change=2.2 => Floor
data,,612.2,603.0,9.2,603.0,Time=187.0s | BaseRaw=612.2 | CurrentRaw=603.0 | Change=9.2 => Floor
data,,612.2,616.2,4.0,616.2,Time=187.1s | BaseRaw=612.2 | CurrentRaw=616.2 | Change=4.0 => Floor
data,,612.2,614.4,2.2,614.4,Time=187.2s | BaseRaw=612.2 | CurrentRaw=614.4 | Change=2.2 => Floor
data,,612.2,602.6,9.6,602.6,Time=187.3s | BaseRaw=612.2 | CurrentRaw=602.6 | Change=9.6 => Floor
data,,612.2,615.2,3.0,615.2,Time=187.4s | BaseRaw=612.2 | CurrentRaw=615.2 | Change=3.0 => Floor
data,,612.2,614.2,2.0,614.2,Time=187.5s | BaseRaw=612.2 | CurrentRaw=614.2 | Change=2.0 => Floor
data,,612.2,602.0,10.2,602.0,Time=187.6s | BaseRaw=612.2 | CurrentRaw=602.0 | Change=10.2 => Liquid
data,,612.2,605.2,7.0,605.2,Time=187.7s | BaseRaw=612.2 | CurrentRaw=605.2 | Change=7.0 => Floor
data,,612.2,617.2,5.0,617.2,Time=187.8s | BaseRaw=612.2 | CurrentRaw=617.2 | Change=5.0 => Floor
data,,612.2,602.4,9.8,602.4,Time=187.9s | BaseRaw=612.2 | CurrentRaw=602.4 | Change=9.8 => Floor
data,,612.2,605.0,7.2,605.0,Time=188.0s | BaseRaw=612.2 | CurrentRaw=605.0 | Change=7.2 => Floor
data,,612.2,617.6,5.4,617.6,Time=188.1s | BaseRaw=612.2 | CurrentRaw=617.6 | Change=5.4 => Floor
data,,612.2,612.2,0.0,612.2,Time=188.2s | BaseRaw=612.2 | CurrentRaw=612.2 | Change=0.0 => Floor
data,,612.2,602.0,10.2,602.0,Time=188.3s | BaseRaw=612.2 | CurrentRaw=602.0 | Change=10.2 => Liquid
data,,612.2,610.0,2.2,610.0,Time=188.4s | BaseRaw=612.2 | CurrentRaw=610.0 | Change=2.2 => Floor
data,,612.2,617.6,5.4,617.6,Time=188.5s | BaseRaw=612.2 | CurrentRaw=617.6 | Change=5.4 => Floor
data,,612.2,602.2,10.0,602.2,Time=188.6s | BaseRaw=612.2 | CurrentRaw=602.2 | Change=10.0 => Liquid
data,,612.2,602.2,10.0,602.2,Time=188.7s | BaseRaw=612.2 | CurrentRaw=602.2 | Change=10.0 => Liquid
data,,612.2,599.2,13.0,599.2,Time=188.8s | BaseRaw=612.2 | CurrentRaw=599.2 | Change=13.0 => Liquid
data,,612.2,595.4,16.8,595.4,Time=188.9s | BaseRaw=612.2 | CurrentRaw=595.4 | Change=16.8 => Liquid
data,,612.2,589.6,22.6,589.6,Time=189.0s | BaseRaw=612.2 | CurrentRaw=589.6 | Change=22.6 => Liquid
data,,612.2,600.2,12.0,600.2,Time=189.1s | BaseRaw=612.2 | CurrentRaw=600.2 | Change=12.0 => Liquid
data,,612.2,613.8,1.6,613.8,Time=189.2s | BaseRaw=612.2 | CurrentRaw=613.8 | Change=1.6 => Floor
data,,612.2,617.6,5.4,617.6,Time=189.3s | BaseRaw=612.2 | CurrentRaw=617.6 | Change=5.4 => Floor
data,,612.2,614.8,2.6,614.8,Time=189.4s | BaseRaw=612.2 | CurrentRaw=614.8 | Change=2.6 => Floor
data,,612.2,621.0,8.8,621.0,Time=189.5s | BaseRaw=612.2 | CurrentRaw=621.0 | Change=8.8 => Floor
data,,612.2,616.6,4.4,616.6,Time=189.6s | BaseRaw=612.2 | CurrentRaw=616.6 | Change=4.4 => Floor
data,,612.2,604.0,8.2,604.0,Time=189.7s | BaseRaw=612.2 | CurrentRaw=604.0 | Change=8.2 => Floor
data,,612.2,611.4,0.8,611.4,Time=189.8s | BaseRaw=612.2 | CurrentRaw=611.4 | Change=0.8 => Floor
data,,612.2,616.4,4.2,616.4,Time=189.9s | BaseRaw=612.2 | CurrentRaw=616.4 | Change=4.2 => Floor
data,,612.2,604.0,8.2,604.0,Time=190.0s | BaseRaw=612.2 | CurrentRaw=604.0 | Change=8.2 => Floor
data,,612.2,610.8,1.4,610.8,Time=190.1s | BaseRaw=612.2 | CurrentRaw=610.8 | Change=1.4 => Floor
data,,612.2,616.2,4.0,616.2,Time=190.2s | BaseRaw=612.2 | CurrentRaw=616.2 | Change=4.0 => Floor
data,,612.2,604.2,8.0,604.2,Time=190.3s | BaseRaw=612.2 | CurrentRaw=604.2 | Change=8.0 => Floor
data,,612.2,610.4,1.8,610.4,Time=190.4s | BaseRaw=612.2 | CurrentRaw=610.4 | Change=1.8 => Floor
data,,612.2,616.4,4.2,616.4,Time=190.5s | BaseRaw=612.2 | CurrentRaw=616.4 | Change=4.2 => Floor
data,,612.2,604.2,8.0,604.2,Time=190.6s | BaseRaw=612.2 | CurrentRaw=604.2 | Change=8.0 => Floor
data,,612.2,610.2,2.0,610.2,Time=190.7s | BaseRaw=612.2 | CurrentRaw=610.2 | Change=2.0 => Floor
data,,612.2,616.4,4.2,616.4,Time=190.8s | BaseRaw=612.2 | CurrentRaw=616.4 | Change=4.2 => Floor
data,,612.2,604.4,7.8,604.4,Time=190.9s | BaseRaw=612.2 | CurrentRaw=604.4 | Change=7.8 => Floor
data,,612.2,609.8,2.4,609.8,Time=191.0s | BaseRaw=612.2 | CurrentRaw=609.8 | Change=2.4 => Floor
data,,612.2,616.4,4.2,616.4,Time=191.1s | BaseRaw=612.2 | CurrentRaw=616.4 | Change=4.2 => Floor
data,,612.2,604.4,7.8,604.4,Time=191.2s | BaseRaw=612.2 | CurrentRaw=604.4 | Change=7.8 => Floor
data,,612.2,609.2,3.0,609.2,Time=191.3s | BaseRaw=612.2 | CurrentRaw=609.2 | Change=3.0 => Floor
data,,612.2,616.2,4.0,616.2,Time=191.4s | BaseRaw=612.2 | CurrentRaw=616.2 | Change=4.0 => Floor
data,,612.2,604.4,7.8,604.4,Time=191.5s | BaseRaw=612.2 | CurrentRaw=604.4 | Change=7.8 => Floor
data,,612.2,608.8,3.4,608.8,Time=191.6s | BaseRaw=612.2 | CurrentRaw=608.8 | Change=3.4 => Floor
data,,612.2,616.0,3.8,616.0,Time=191.7s | BaseRaw=612.2 | CurrentRaw=616.0 | Change=3.8 => Floor
data,,612.2,604.2,8.0,604.2,Time=191.8s | BaseRaw=612.2 | CurrentRaw=604.2 | Change=8.0 => Floor
data,,612.2,608.6,3.6,608.6,Time=191.9s | BaseRaw=612.2 | CurrentRaw=608.6 | Change=3.6 => Floor
data,,612.2,616.0,3.8,616.0,Time=192.0s | BaseRaw=612.2 | CurrentRaw=616.0 | Change=3.8 => Floor
data,,612.2,604.4,7.8,604.4,Time=192.1s | BaseRaw=612.2 | CurrentRaw=604.4 | Change=7.8 => Floor
data,,612.2,608.6,3.6,608.6,Time=192.2s | BaseRaw=612.2 | CurrentRaw=608.6 | Change=3.6 => Floor
data,,612.2,616.4,4.2,616.4,Time=192.3s | BaseRaw=612.2 | CurrentRaw=616.4 | Change=4.2 => Floor
data,,612.2,604.6,7.6,604.6,Time=192.4s | BaseRaw=612.2 | CurrentRaw=604.6 | Change=7.6 => Floor
data,,612.2,608.2,4.0,608.2,Time=192.5s | BaseRaw=612.2 | CurrentRaw=608.2 | Change=4.0 => Floor
data,,612.2,616.4,4.2,616.4,Time=192.6s | BaseRaw=612.2 | CurrentRaw=616.4 | Change=4.2 => Floor
data,,612.2,604.8,7.4,604.8,Time=192.7s | BaseRaw=612.2 | CurrentRaw=604.8 | Change=7.4 => Floor
data,,612.2,608.0,4.2,608.0,Time=192.8s | BaseRaw=612.2 | CurrentRaw=608.0 | Change=4.2 => Floor
data,,612.2,616.4,4.2,616.4,Time=192.9s | BaseRaw=612.2 | CurrentRaw=616.4 | Change=4.2 => Floor
data,,612.2,605.2,7.0,605.2,Time=193.0s | BaseRaw=612.2 | CurrentRaw=605.2 | Change=7.0 => Floor
data,,612.2,608.2,4.0,608.2,Time=193.1s | BaseRaw=612.2 | CurrentRaw=608.2 | Change=4.0 => Floor
data,,612.2,616.6,4.4,616.6,Time=193.2s | BaseRaw=612.2 | CurrentRaw=616.6 | Change=4.4 => Floor
data,,612.2,605.4,6.8,605.4,Time=193.3s | BaseRaw=612.2 | CurrentRaw=605.4 | Change=6.8 => Floor
data,,612.2,608.2,4.0,608.2,Time=193.4s | BaseRaw=612.2 | CurrentRaw=608.2 | Change=4.0 => Floor
data,,612.2,616.8,4.6,616.8,Time=193.5s | BaseRaw=612.2 | CurrentRaw=616.8 | Change=4.6 => Floor
data,,612.2,605.6,6.6,605.6,Time=193.6s | BaseRaw=612.2 | CurrentRaw=605.6 | Change=6.6 => Floor
data,,612.2,608.0,4.2,608.0,Time=193.7s | BaseRaw=612.2 | CurrentRaw=608.0 | Change=4.2 => Floor
