record_type,time_s,raw_on,raw_off,net_raw,avg_on,avg_off,net_avg,baseline,change,label,raw_line
info,,,,,,,,,,,,"SYSTEM,Baseline collecting... Keep sensor on empty floor (5s)."
info,,,,,,,,,,,,"SYSTEM,START received"
baseline,,580,992.5,412.5,580.4,992.7,412.3,,,,"BASELINE,580,992.5,412.5,580.4,992.7,412.3"
baseline,,580,992.0,412.0,580.2,992.6,412.4,,,,"BASELINE,580,992.0,412.0,580.2,992.6,412.4"
baseline,,583,992.5,409.5,580.6,992.5,411.9,,,,"BASELINE,583,992.5,409.5,580.6,992.5,411.9"
baseline,,582,992.5,410.5,581.0,992.4,411.4,,,,"BASELINE,582,992.5,410.5,581.0,992.4,411.4"
baseline,,584,992.5,408.5,581.8,992.4,410.6,,,,"BASELINE,584,992.5,408.5,581.8,992.4,410.6"
baseline,,583,992.5,409.5,582.4,992.4,410.0,,,,"BASELINE,583,992.5,409.5,582.4,992.4,410.0"
baseline,,584,992.5,408.5,583.2,992.5,409.3,,,,"BASELINE,584,992.5,408.5,583.2,992.5,409.3"
baseline,,585,993.0,408.0,583.6,992.6,409.0,,,,"BASELINE,585,993.0,408.0,583.6,992.6,409.0"
baseline,,585,992.0,407.0,584.2,992.5,408.3,,,,"BASELINE,585,992.0,407.0,584.2,992.5,408.3"
baseline,,585,992.5,407.5,584.4,992.5,408.1,,,,"BASELINE,585,992.5,407.5,584.4,992.5,408.1"
baseline,,585,993.0,408.0,584.8,992.6,407.8,,,,"BASELINE,585,993.0,408.0,584.8,992.6,407.8"
baseline,,585,992.0,407.0,585.0,992.5,407.5,,,,"BASELINE,585,992.0,407.0,585.0,992.5,407.5"
baseline,,585,992.0,407.0,585.0,992.3,407.3,,,,"BASELINE,585,992.0,407.0,585.0,992.3,407.3"
baseline,,584,992.0,408.0,584.8,992.3,407.5,,,,"BASELINE,584,992.0,408.0,584.8,992.3,407.5"
baseline,,585,991.5,406.5,584.8,992.1,407.3,,,,"BASELINE,585,991.5,406.5,584.8,992.1,407.3"
baseline,,585,991.5,406.5,584.8,991.8,407.0,,,,"BASELINE,585,991.5,406.5,584.8,991.8,407.0"
baseline,,584,992.0,408.0,584.6,991.8,407.2,,,,"BASELINE,584,992.0,408.0,584.6,991.8,407.2"
baseline,,584,991.5,407.5,584.4,991.7,407.3,,,,"BASELINE,584,991.5,407.5,584.4,991.7,407.3"
baseline,,584,991.5,407.5,584.4,991.6,407.2,,,,"BASELINE,584,991.5,407.5,584.4,991.6,407.2"
baseline,,584,991.0,407.0,584.2,991.5,407.3,,,,"BASELINE,584,991.0,407.0,584.2,991.5,407.3"
baseline,,584,991.5,407.5,584.0,991.5,407.5,,,,"BASELINE,584,991.5,407.5,584.0,991.5,407.5"
baseline,,584,991.0,407.0,584.0,991.3,407.3,,,,"BASELINE,584,991.0,407.0,584.0,991.3,407.3"
baseline,,584,991.5,407.5,584.0,991.3,407.3,,,,"BASELINE,584,991.5,407.5,584.0,991.3,407.3"
baseline,,584,991.0,407.0,584.0,991.2,407.2,,,,"BASELINE,584,991.0,407.0,584.0,991.2,407.2"
baseline,,584,991.5,407.5,584.0,991.3,407.3,,,,"BASELINE,584,991.5,407.5,584.0,991.3,407.3"
baseline,,584,992.0,408.0,584.0,991.4,407.4,,,,"BASELINE,584,992.0,408.0,584.0,991.4,407.4"
baseline,,585,991.5,406.5,584.2,991.5,407.3,,,,"BASELINE,585,991.5,406.5,584.2,991.5,407.3"
baseline,,585,991.5,406.5,584.4,991.5,407.1,,,,"BASELINE,585,991.5,406.5,584.4,991.5,407.1"
baseline,,584,991.5,407.5,584.4,991.6,407.2,,,,"BASELINE,584,991.5,407.5,584.4,991.6,407.2"
baseline,,584,991.5,407.5,584.4,991.6,407.2,,,,"BASELINE,584,991.5,407.5,584.4,991.6,407.2"
baseline,,585,991.0,406.0,584.6,991.4,406.8,,,,"BASELINE,585,991.0,406.0,584.6,991.4,406.8"
baseline,,585,992.0,407.0,584.6,991.5,406.9,,,,"BASELINE,585,992.0,407.0,584.6,991.5,406.9"
baseline,,584,992.0,408.0,584.4,991.6,407.2,,,,"BASELINE,584,992.0,408.0,584.4,991.6,407.2"
baseline,,585,991.5,406.5,584.6,991.6,407.0,,,,"BASELINE,585,991.5,406.5,584.6,991.6,407.0"
baseline,,585,992.0,407.0,584.8,991.7,406.9,,,,"BASELINE,585,992.0,407.0,584.8,991.7,406.9"
baseline,,584,992.0,408.0,584.6,991.9,407.3,,,,"BASELINE,584,992.0,408.0,584.6,991.9,407.3"
baseline,,584,992.0,408.0,584.4,991.9,407.5,,,,"BASELINE,584,992.0,408.0,584.4,991.9,407.5"
baseline,,585,991.5,406.5,584.6,991.8,407.2,,,,"BASELINE,585,991.5,406.5,584.6,991.8,407.2"
baseline,,584,992.0,408.0,584.4,991.9,407.5,,,,"BASELINE,584,992.0,408.0,584.4,991.9,407.5"
baseline,,585,992.0,407.0,584.4,991.9,407.5,,,,"BASELINE,585,992.0,407.0,584.4,991.9,407.5"
baseline,,585,992.0,407.0,584.6,991.9,407.3,,,,"BASELINE,585,992.0,407.0,584.6,991.9,407.3"
baseline,,584,992.5,408.5,584.6,992.0,407.4,,,,"BASELINE,584,992.5,408.5,584.6,992.0,407.4"
baseline,,584,992.0,408.0,584.4,992.1,407.7,,,,"BASELINE,584,992.0,408.0,584.4,992.1,407.7"
baseline,,585,991.5,406.5,584.6,992.0,407.4,,,,"BASELINE,585,991.5,406.5,584.6,992.0,407.4"
baseline,,585,992.0,407.0,584.6,992.0,407.4,,,,"BASELINE,585,992.0,407.0,584.6,992.0,407.4"
baseline,,585,992.0,407.0,584.6,992.0,407.4,,,,"BASELINE,585,992.0,407.0,584.6,992.0,407.4"
baseline,,585,992.0,407.0,584.8,991.9,407.1,,,,"BASELINE,585,992.0,407.0,584.8,991.9,407.1"
baseline,,584,992.0,408.0,584.8,991.9,407.1,,,,"BASELINE,584,992.0,408.0,584.8,991.9,407.1"
info,,,,,,,,,,,,"SYSTEM,Baseline done,407.92"
data,0.0,585,992.0,407.0,584.8,992.0,407.2,407.9,0.7,Floor,"DATA,0.0,585,992.0,407.0,584.8,992.0,407.2,407.9,0.7,Floor"
data,0.1,585,992.0,407.0,584.8,992.0,407.2,407.9,0.7,Floor,"DATA,0.1,585,992.0,407.0,584.8,992.0,407.2,407.9,0.7,Floor"
data,0.2,585,992.0,407.0,584.8,992.0,407.2,407.9,0.7,Floor,"DATA,0.2,585,992.0,407.0,584.8,992.0,407.2,407.9,0.7,Floor"
data,0.3,585,992.0,407.0,585.0,992.0,407.0,407.9,0.9,Floor,"DATA,0.3,585,992.0,407.0,585.0,992.0,407.0,407.9,0.9,Floor"
data,0.4,585,992.5,407.5,585.0,992.1,407.1,407.9,0.8,Floor,"DATA,0.4,585,992.5,407.5,585.0,992.1,407.1,407.9,0.8,Floor"
data,0.5,585,992.5,407.5,585.0,992.2,407.2,407.9,0.7,Floor,"DATA,0.5,585,992.5,407.5,585.0,992.2,407.2,407.9,0.7,Floor"
data,0.6,585,992.0,407.0,585.0,992.2,407.2,407.9,0.7,Floor,"DATA,0.6,585,992.0,407.0,585.0,992.2,407.2,407.9,0.7,Floor"
data,0.7,585,992.0,407.0,585.0,992.2,407.2,407.9,0.7,Floor,"DATA,0.7,585,992.0,407.0,585.0,992.2,407.2,407.9,0.7,Floor"
data,0.8,586,992.0,406.0,585.2,992.2,407.0,407.9,0.9,Floor,"DATA,0.8,586,992.0,406.0,585.2,992.2,407.0,407.9,0.9,Floor"
data,0.9,585,993.0,408.0,585.2,992.3,407.1,407.9,0.8,Floor,"DATA,0.9,585,993.0,408.0,585.2,992.3,407.1,407.9,0.8,Floor"
data,1.0,585,992.5,407.5,585.2,992.3,407.1,407.9,0.8,Floor,"DATA,1.0,585,992.5,407.5,585.2,992.3,407.1,407.9,0.8,Floor"
data,1.1,584,992.5,408.5,585.0,992.4,407.4,407.9,0.5,Floor,"DATA,1.1,584,992.5,408.5,585.0,992.4,407.4,407.9,0.5,Floor"
data,1.2,585,992.5,407.5,585.0,992.5,407.5,407.9,0.4,Floor,"DATA,1.2,585,992.5,407.5,585.0,992.5,407.5,407.9,0.4,Floor"
data,1.3,585,992.5,407.5,584.8,992.6,407.8,407.9,0.1,Floor,"DATA,1.3,585,992.5,407.5,584.8,992.6,407.8,407.9,0.1,Floor"
data,1.4,585,992.5,407.5,584.8,992.5,407.7,407.9,0.2,Floor,"DATA,1.4,585,992.5,407.5,584.8,992.5,407.7,407.9,0.2,Floor"
data,1.5,585,992.0,407.0,584.8,992.4,407.6,407.9,0.3,Floor,"DATA,1.5,585,992.0,407.0,584.8,992.4,407.6,407.9,0.3,Floor"
data,1.6,584,992.0,408.0,584.8,992.3,407.5,407.9,0.4,Floor,"DATA,1.6,584,992.0,408.0,584.8,992.3,407.5,407.9,0.4,Floor"
data,1.7,584,992.5,408.5,584.6,992.3,407.7,407.9,0.2,Floor,"DATA,1.7,584,992.5,408.5,584.6,992.3,407.7,407.9,0.2,Floor"
data,1.8,583,992.0,409.0,584.2,992.2,408.0,407.9,0.1,Floor,"DATA,1.8,583,992.0,409.0,584.2,992.2,408.0,407.9,0.1,Floor"
data,1.9,583,992.5,409.5,583.8,992.2,408.4,407.9,0.5,Floor,"DATA,1.9,583,992.5,409.5,583.8,992.2,408.4,407.9,0.5,Floor"
data,2.0,581,992.0,411.0,583.0,992.2,409.2,407.9,1.3,Floor,"DATA,2.0,581,992.0,411.0,583.0,992.2,409.2,407.9,1.3,Floor"
data,2.1,580,992.5,412.5,582.2,992.3,410.1,407.9,2.2,Floor,"DATA,2.1,580,992.5,412.5,582.2,992.3,410.1,407.9,2.2,Floor"
data,2.2,578,992.5,414.5,581.0,992.3,411.3,407.9,3.4,Floor,"DATA,2.2,578,992.5,414.5,581.0,992.3,411.3,407.9,3.4,Floor"
data,2.3,579,992.5,413.5,580.2,992.4,412.2,407.9,4.3,Floor,"DATA,2.3,579,992.5,413.5,580.2,992.4,412.2,407.9,4.3,Floor"
data,2.4,579,992.5,413.5,579.4,992.4,413.0,407.9,5.1,Floor,"DATA,2.4,579,992.5,413.5,579.4,992.4,413.0,407.9,5.1,Floor"
data,2.5,578,992.5,414.5,578.8,992.5,413.7,407.9,5.8,Floor,"DATA,2.5,578,992.5,414.5,578.8,992.5,413.7,407.9,5.8,Floor"
data,2.6,578,992.0,414.0,578.4,992.4,414.0,407.9,6.1,Floor,"DATA,2.6,578,992.0,414.0,578.4,992.4,414.0,407.9,6.1,Floor"
data,2.7,579,992.0,413.0,578.6,992.3,413.7,407.9,5.8,Floor,"DATA,2.7,579,992.0,413.0,578.6,992.3,413.7,407.9,5.8,Floor"
data,2.8,577,992.0,415.0,578.2,992.2,414.0,407.9,6.1,Floor,"DATA,2.8,577,992.0,415.0,578.2,992.2,414.0,407.9,6.1,Floor"
data,2.9,578,992.0,414.0,578.0,992.1,414.1,407.9,6.2,Floor,"DATA,2.9,578,992.0,414.0,578.0,992.1,414.1,407.9,6.2,Floor"
data,3.0,578,992.0,414.0,578.0,992.0,414.0,407.9,6.1,Floor,"DATA,3.0,578,992.0,414.0,578.0,992.0,414.0,407.9,6.1,Floor"
data,3.1,578,992.5,414.5,578.0,992.1,414.1,407.9,6.2,Floor,"DATA,3.1,578,992.5,414.5,578.0,992.1,414.1,407.9,6.2,Floor"
data,3.2,578,992.5,414.5,577.8,992.2,414.4,407.9,6.5,Floor,"DATA,3.2,578,992.5,414.5,577.8,992.2,414.4,407.9,6.5,Floor"
data,3.3,579,992.5,413.5,578.2,992.3,414.1,407.9,6.2,Floor,"DATA,3.3,579,992.5,413.5,578.2,992.3,414.1,407.9,6.2,Floor"
data,3.4,578,992.5,414.5,578.2,992.4,414.2,407.9,6.3,Floor,"DATA,3.4,578,992.5,414.5,578.2,992.4,414.2,407.9,6.3,Floor"
data,3.5,578,992.0,414.0,578.2,992.4,414.2,407.9,6.3,Floor,"DATA,3.5,578,992.0,414.0,578.2,992.4,414.2,407.9,6.3,Floor"
data,3.6,578,992.0,414.0,578.2,992.3,414.1,407.9,6.2,Floor,"DATA,3.6,578,992.0,414.0,578.2,992.3,414.1,407.9,6.2,Floor"
data,3.7,579,992.0,413.0,578.4,992.2,413.8,407.9,5.9,Floor,"DATA,3.7,579,992.0,413.0,578.4,992.2,413.8,407.9,5.9,Floor"
data,3.8,579,992.5,413.5,578.4,992.2,413.8,407.9,5.9,Floor,"DATA,3.8,579,992.5,413.5,578.4,992.2,413.8,407.9,5.9,Floor"
data,3.9,579,992.5,413.5,578.6,992.2,413.6,407.9,5.7,Floor,"DATA,3.9,579,992.5,413.5,578.6,992.2,413.6,407.9,5.7,Floor"
data,4.0,578,992.0,414.0,578.6,992.2,413.6,407.9,5.7,Floor,"DATA,4.0,578,992.0,414.0,578.6,992.2,413.6,407.9,5.7,Floor"
data,4.1,579,993.0,414.0,578.8,992.4,413.6,407.9,5.7,Floor,"DATA,4.1,579,993.0,414.0,578.8,992.4,413.6,407.9,5.7,Floor"
data,4.2,580,992.5,412.5,579.0,992.5,413.5,407.9,5.6,Floor,"DATA,4.2,580,992.5,412.5,579.0,992.5,413.5,407.9,5.6,Floor"
data,4.3,579,992.0,413.0,579.0,992.4,413.4,407.9,5.5,Floor,"DATA,4.3,579,992.0,413.0,579.0,992.4,413.4,407.9,5.5,Floor"
data,4.4,580,992.5,412.5,579.2,992.4,413.2,407.9,5.3,Floor,"DATA,4.4,580,992.5,412.5,579.2,992.4,413.2,407.9,5.3,Floor"
data,4.5,581,992.5,411.5,579.8,992.5,412.7,407.9,4.8,Floor,"DATA,4.5,581,992.5,411.5,579.8,992.5,412.7,407.9,4.8,Floor"
data,4.6,581,992.0,411.0,580.2,992.3,412.1,407.9,4.2,Floor,"DATA,4.6,581,992.0,411.0,580.2,992.3,412.1,407.9,4.2,Floor"
data,4.7,581,992.0,411.0,580.4,992.2,411.8,407.9,3.9,Floor,"DATA,4.7,581,992.0,411.0,580.4,992.2,411.8,407.9,3.9,Floor"
data,4.8,580,992.0,412.0,580.6,992.2,411.6,407.9,3.7,Floor,"DATA,4.8,580,992.0,412.0,580.6,992.2,411.6,407.9,3.7,Floor"
data,4.9,580,992.5,412.5,580.6,992.2,411.6,407.9,3.7,Floor,"DATA,4.9,580,992.5,412.5,580.6,992.2,411.6,407.9,3.7,Floor"
data,5.0,579,993.0,414.0,580.2,992.3,412.1,407.9,4.2,Floor,"DATA,5.0,579,993.0,414.0,580.2,992.3,412.1,407.9,4.2,Floor"
data,5.1,583,993.0,410.0,580.6,992.5,411.9,407.9,4.0,Floor,"DATA,5.1,583,993.0,410.0,580.6,992.5,411.9,407.9,4.0,Floor"
data,5.2,584,993.0,409.0,581.2,992.7,411.5,407.9,3.6,Floor,"DATA,5.2,584,993.0,409.0,581.2,992.7,411.5,407.9,3.6,Floor"
data,5.3,588,993.0,405.0,582.8,992.9,410.1,407.9,2.2,Floor,"DATA,5.3,588,993.0,405.0,582.8,992.9,410.1,407.9,2.2,Floor"
data,5.4,587,993.5,406.5,584.2,993.1,408.9,407.9,1.0,Floor,"DATA,5.4,587,993.5,406.5,584.2,993.1,408.9,407.9,1.0,Floor"
data,5.5,580,993.5,413.5,584.4,993.2,408.8,407.9,0.9,Floor,"DATA,5.5,580,993.5,413.5,584.4,993.2,408.8,407.9,0.9,Floor"
data,5.6,574,994.0,420.0,582.6,993.4,410.8,407.9,2.9,Floor,"DATA,5.6,574,994.0,420.0,582.6,993.4,410.8,407.9,2.9,Floor"
data,5.7,578,994.0,416.0,581.4,993.6,412.2,407.9,4.3,Floor,"DATA,5.7,578,994.0,416.0,581.4,993.6,412.2,407.9,4.3,Floor"
data,5.8,580,994.0,414.0,579.8,993.8,414.0,407.9,6.1,Floor,"DATA,5.8,580,994.0,414.0,579.8,993.8,414.0,407.9,6.1,Floor"
data,5.9,584,994.0,410.0,579.2,993.9,414.7,407.9,6.8,Floor,"DATA,5.9,584,994.0,410.0,579.2,993.9,414.7,407.9,6.8,Floor"
data,6.0,587,993.5,406.5,580.6,993.9,413.3,407.9,5.4,Floor,"DATA,6.0,587,993.5,406.5,580.6,993.9,413.3,407.9,5.4,Floor"
data,6.1,588,993.0,405.0,583.4,993.7,410.3,407.9,2.4,Floor,"DATA,6.1,588,993.0,405.0,583.4,993.7,410.3,407.9,2.4,Floor"
data,6.2,587,993.5,406.5,585.2,993.6,408.4,407.9,0.5,Floor,"DATA,6.2,587,993.5,406.5,585.2,993.6,408.4,407.9,0.5,Floor"
data,6.3,583,993.0,410.0,585.8,993.4,407.6,407.9,0.3,Floor,"DATA,6.3,583,993.0,410.0,585.8,993.4,407.6,407.9,0.3,Floor"
data,6.4,584,994.0,410.0,585.8,993.4,407.6,407.9,0.3,Floor,"DATA,6.4,584,994.0,410.0,585.8,993.4,407.6,407.9,0.3,Floor"
data,6.5,581,993.0,412.0,584.6,993.3,408.7,407.9,0.8,Floor,"DATA,6.5,581,993.0,412.0,584.6,993.3,408.7,407.9,0.8,Floor"
data,6.6,581,993.5,412.5,583.2,993.4,410.2,407.9,2.3,Floor,"DATA,6.6,581,993.5,412.5,583.2,993.4,410.2,407.9,2.3,Floor"
data,6.7,581,994.0,413.0,582.0,993.5,411.5,407.9,3.6,Floor,"DATA,6.7,581,994.0,413.0,582.0,993.5,411.5,407.9,3.6,Floor"
data,6.8,581,994.0,413.0,581.6,993.7,412.1,407.9,4.2,Floor,"DATA,6.8,581,994.0,413.0,581.6,993.7,412.1,407.9,4.2,Floor"
data,6.9,581,994.0,413.0,581.0,993.7,412.7,407.9,4.8,Floor,"DATA,6.9,581,994.0,413.0,581.0,993.7,412.7,407.9,4.8,Floor"
data,7.0,581,994.5,413.5,581.0,994.0,413.0,407.9,5.1,Floor,"DATA,7.0,581,994.5,413.5,581.0,994.0,413.0,407.9,5.1,Floor"
data,7.1,581,993.5,412.5,581.0,994.0,413.0,407.9,5.1,Floor,"DATA,7.1,581,993.5,412.5,581.0,994.0,413.0,407.9,5.1,Floor"
data,7.2,581,994.0,413.0,581.0,994.0,413.0,407.9,5.1,Floor,"DATA,7.2,581,994.0,413.0,581.0,994.0,413.0,407.9,5.1,Floor"
data,7.3,581,994.0,413.0,581.0,994.0,413.0,407.9,5.1,Floor,"DATA,7.3,581,994.0,413.0,581.0,994.0,413.0,407.9,5.1,Floor"
data,7.4,581,994.0,413.0,581.0,994.0,413.0,407.9,5.1,Floor,"DATA,7.4,581,994.0,413.0,581.0,994.0,413.0,407.9,5.1,Floor"
data,7.5,581,994.0,413.0,581.0,993.9,412.9,407.9,5.0,Floor,"DATA,7.5,581,994.0,413.0,581.0,993.9,412.9,407.9,5.0,Floor"
data,7.6,581,994.0,413.0,581.0,994.0,413.0,407.9,5.1,Floor,"DATA,7.6,581,994.0,413.0,581.0,994.0,413.0,407.9,5.1,Floor"
data,7.7,581,994.0,413.0,581.0,994.0,413.0,407.9,5.1,Floor,"DATA,7.7,581,994.0,413.0,581.0,994.0,413.0,407.9,5.1,Floor"
data,7.8,581,994.0,413.0,581.0,994.0,413.0,407.9,5.1,Floor,"DATA,7.8,581,994.0,413.0,581.0,994.0,413.0,407.9,5.1,Floor"
data,7.9,581,993.5,412.5,581.0,993.9,412.9,407.9,5.0,Floor,"DATA,7.9,581,993.5,412.5,581.0,993.9,412.9,407.9,5.0,Floor"
data,8.0,580,994.5,414.5,580.8,994.0,413.2,407.9,5.3,Floor,"DATA,8.0,580,994.5,414.5,580.8,994.0,413.2,407.9,5.3,Floor"
data,8.1,580,994.0,414.0,580.6,994.0,413.4,407.9,5.5,Floor,"DATA,8.1,580,994.0,414.0,580.6,994.0,413.4,407.9,5.5,Floor"
data,8.2,579,994.0,415.0,580.2,994.0,413.8,407.9,5.9,Floor,"DATA,8.2,579,994.0,415.0,580.2,994.0,413.8,407.9,5.9,Floor"
data,8.3,580,993.5,413.5,580.0,993.9,413.9,407.9,6.0,Floor,"DATA,8.3,580,993.5,413.5,580.0,993.9,413.9,407.9,6.0,Floor"
data,8.4,581,994.0,413.0,580.0,994.0,414.0,407.9,6.1,Floor,"DATA,8.4,581,994.0,413.0,580.0,994.0,414.0,407.9,6.1,Floor"
data,8.5,582,994.0,412.0,580.4,993.9,413.5,407.9,5.6,Floor,"DATA,8.5,582,994.0,412.0,580.4,993.9,413.5,407.9,5.6,Floor"
data,8.6,581,993.5,412.5,580.6,993.8,413.2,407.9,5.3,Floor,"DATA,8.6,581,993.5,412.5,580.6,993.8,413.2,407.9,5.3,Floor"
data,8.7,581,994.0,413.0,581.0,993.8,412.8,407.9,4.9,Floor,"DATA,8.7,581,994.0,413.0,581.0,993.8,412.8,407.9,4.9,Floor"
data,8.8,581,994.0,413.0,581.2,993.9,412.7,407.9,4.8,Floor,"DATA,8.8,581,994.0,413.0,581.2,993.9,412.7,407.9,4.8,Floor"
data,8.9,582,994.0,412.0,581.4,993.9,412.5,407.9,4.6,Floor,"DATA,8.9,582,994.0,412.0,581.4,993.9,412.5,407.9,4.6,Floor"
data,9.0,582,994.0,412.0,581.4,993.9,412.5,407.9,4.6,Floor,"DATA,9.0,582,994.0,412.0,581.4,993.9,412.5,407.9,4.6,Floor"
data,9.1,581,993.5,412.5,581.4,993.9,412.5,407.9,4.6,Floor,"DATA,9.1,581,993.5,412.5,581.4,993.9,412.5,407.9,4.6,Floor"
data,9.2,582,993.5,411.5,581.6,993.8,412.2,407.9,4.3,Floor,"DATA,9.2,582,993.5,411.5,581.6,993.8,412.2,407.9,4.3,Floor"
data,9.3,583,993.0,410.0,582.0,993.6,411.6,407.9,3.7,Floor,"DATA,9.3,583,993.0,410.0,582.0,993.6,411.6,407.9,3.7,Floor"
data,9.4,582,994.0,412.0,582.0,993.6,411.6,407.9,3.7,Floor,"DATA,9.4,582,994.0,412.0,582.0,993.6,411.6,407.9,3.7,Floor"
data,9.5,582,993.5,411.5,582.0,993.5,411.5,407.9,3.6,Floor,"DATA,9.5,582,993.5,411.5,582.0,993.5,411.5,407.9,3.6,Floor"
data,9.6,582,994.0,412.0,582.2,993.6,411.4,407.9,3.5,Floor,"DATA,9.6,582,994.0,412.0,582.2,993.6,411.4,407.9,3.5,Floor"
data,9.7,582,993.5,411.5,582.2,993.6,411.4,407.9,3.5,Floor,"DATA,9.7,582,993.5,411.5,582.2,993.6,411.4,407.9,3.5,Floor"
data,9.8,582,993.5,411.5,582.0,993.7,411.7,407.9,3.8,Floor,"DATA,9.8,582,993.5,411.5,582.0,993.7,411.7,407.9,3.8,Floor"
data,9.9,581,993.5,412.5,581.8,993.6,411.8,407.9,3.9,Floor,"DATA,9.9,581,993.5,412.5,581.8,993.6,411.8,407.9,3.9,Floor"
data,10.0,580,993.5,413.5,581.4,993.6,412.2,407.9,4.3,Floor,"DATA,10.0,580,993.5,413.5,581.4,993.6,412.2,407.9,4.3,Floor"
data,10.1,582,993.5,411.5,581.4,993.5,412.1,407.9,4.2,Floor,"DATA,10.1,582,993.5,411.5,581.4,993.5,412.1,407.9,4.2,Floor"
data,10.2,582,994.0,412.0,581.4,993.6,412.2,407.9,4.3,Floor,"DATA,10.2,582,994.0,412.0,581.4,993.6,412.2,407.9,4.3,Floor"
data,10.3,582,993.5,411.5,581.4,993.6,412.2,407.9,4.3,Floor,"DATA,10.3,582,993.5,411.5,581.4,993.6,412.2,407.9,4.3,Floor"
data,10.4,581,994.0,413.0,581.4,993.7,412.3,407.9,4.4,Floor,"DATA,10.4,581,994.0,413.0,581.4,993.7,412.3,407.9,4.4,Floor"
data,10.5,581,993.5,412.5,581.6,993.7,412.1,407.9,4.2,Floor,"DATA,10.5,581,993.5,412.5,581.6,993.7,412.1,407.9,4.2,Floor"
data,10.6,581,993.5,412.5,581.4,993.7,412.3,407.9,4.4,Floor,"DATA,10.6,581,993.5,412.5,581.4,993.7,412.3,407.9,4.4,Floor"
data,10.7,582,993.5,411.5,581.4,993.6,412.2,407.9,4.3,Floor,"DATA,10.7,582,993.5,411.5,581.4,993.6,412.2,407.9,4.3,Floor"
data,10.8,581,994.0,413.0,581.2,993.7,412.5,407.9,4.6,Floor,"DATA,10.8,581,994.0,413.0,581.2,993.7,412.5,407.9,4.6,Floor"
data,10.9,586,993.5,407.5,582.2,993.6,411.4,407.9,3.5,Floor,"DATA,10.9,586,993.5,407.5,582.2,993.6,411.4,407.9,3.5,Floor"
data,11.0,592,993.0,401.0,584.4,993.5,409.1,407.9,1.2,Floor,"DATA,11.0,592,993.0,401.0,584.4,993.5,409.1,407.9,1.2,Floor"
data,11.1,589,993.0,404.0,586.0,993.4,407.4,407.9,0.5,Floor,"DATA,11.1,589,993.0,404.0,586.0,993.4,407.4,407.9,0.5,Floor"
data,11.2,593,993.0,400.0,588.2,993.3,405.1,407.9,2.8,Floor,"DATA,11.2,593,993.0,400.0,588.2,993.3,405.1,407.9,2.8,Floor"
data,11.3,602,993.0,391.0,592.4,993.1,400.7,407.9,7.2,Floor,"DATA,11.3,602,993.0,391.0,592.4,993.1,400.7,407.9,7.2,Floor"
data,11.4,601,992.5,391.5,595.4,992.9,397.5,407.9,10.4,Liquid,"DATA,11.4,601,992.5,391.5,595.4,992.9,397.5,407.9,10.4,Liquid"
data,11.5,597,992.5,395.5,596.4,992.8,396.4,407.9,11.5,Liquid,"DATA,11.5,597,992.5,395.5,596.4,992.8,396.4,407.9,11.5,Liquid"
data,11.6,593,992.5,399.5,597.2,992.7,395.5,407.9,12.4,Liquid,"DATA,11.6,593,992.5,399.5,597.2,992.7,395.5,407.9,12.4,Liquid"
data,11.7,590,993.0,403.0,596.6,992.7,396.1,407.9,11.8,Liquid,"DATA,11.7,590,993.0,403.0,596.6,992.7,396.1,407.9,11.8,Liquid"
data,11.8,588,992.5,404.5,593.8,992.6,398.8,407.9,9.1,Floor,"DATA,11.8,588,992.5,404.5,593.8,992.6,398.8,407.9,9.1,Floor"
data,11.9,586,993.0,407.0,590.8,992.7,401.9,407.9,6.0,Floor,"DATA,11.9,586,993.0,407.0,590.8,992.7,401.9,407.9,6.0,Floor"
data,12.0,586,992.0,406.0,588.6,992.6,404.0,407.9,3.9,Floor,"DATA,12.0,586,992.0,406.0,588.6,992.6,404.0,407.9,3.9,Floor"
data,12.1,583,993.0,410.0,586.6,992.7,406.1,407.9,1.8,Floor,"DATA,12.1,583,993.0,410.0,586.6,992.7,406.1,407.9,1.8,Floor"
data,12.2,582,992.5,410.5,585.0,992.6,407.6,407.9,0.3,Floor,"DATA,12.2,582,992.5,410.5,585.0,992.6,407.6,407.9,0.3,Floor"
data,12.3,581,992.0,411.0,583.6,992.5,408.9,407.9,1.0,Floor,"DATA,12.3,581,992.0,411.0,583.6,992.5,408.9,407.9,1.0,Floor"
data,12.4,577,993.0,416.0,581.8,992.5,410.7,407.9,2.8,Floor,"DATA,12.4,577,993.0,416.0,581.8,992.5,410.7,407.9,2.8,Floor"
data,12.5,577,992.5,415.5,580.0,992.6,412.6,407.9,4.7,Floor,"DATA,12.5,577,992.5,415.5,580.0,992.6,412.6,407.9,4.7,Floor"
data,12.6,578,993.0,415.0,579.0,992.6,413.6,407.9,5.7,Floor,"DATA,12.6,578,993.0,415.0,579.0,992.6,413.6,407.9,5.7,Floor"
data,12.7,579,992.5,413.5,578.4,992.6,414.2,407.9,6.3,Floor,"DATA,12.7,579,992.5,413.5,578.4,992.6,414.2,407.9,6.3,Floor"
data,12.8,578,992.5,414.5,577.8,992.7,414.9,407.9,7.0,Floor,"DATA,12.8,578,992.5,414.5,577.8,992.7,414.9,407.9,7.0,Floor"
data,12.9,577,992.5,415.5,577.8,992.6,414.8,407.9,6.9,Floor,"DATA,12.9,577,992.5,415.5,577.8,992.6,414.8,407.9,6.9,Floor"
data,13.0,579,992.0,413.0,578.2,992.5,414.3,407.9,6.4,Floor,"DATA,13.0,579,992.0,413.0,578.2,992.5,414.3,407.9,6.4,Floor"
data,13.1,578,993.0,415.0,578.2,992.5,414.3,407.9,6.4,Floor,"DATA,13.1,578,993.0,415.0,578.2,992.5,414.3,407.9,6.4,Floor"
data,13.2,579,993.0,414.0,578.2,992.6,414.4,407.9,6.5,Floor,"DATA,13.2,579,993.0,414.0,578.2,992.6,414.4,407.9,6.5,Floor"
data,13.3,579,992.5,413.5,578.4,992.6,414.2,407.9,6.3,Floor,"DATA,13.3,579,992.5,413.5,578.4,992.6,414.2,407.9,6.3,Floor"
data,13.4,579,992.5,413.5,578.8,992.6,413.8,407.9,5.9,Floor,"DATA,13.4,579,992.5,413.5,578.8,992.6,413.8,407.9,5.9,Floor"
data,13.5,579,992.5,413.5,578.8,992.7,413.9,407.9,6.0,Floor,"DATA,13.5,579,992.5,413.5,578.8,992.7,413.9,407.9,6.0,Floor"
data,13.6,578,993.0,415.0,578.8,992.7,413.9,407.9,6.0,Floor,"DATA,13.6,578,993.0,415.0,578.8,992.7,413.9,407.9,6.0,Floor"
data,13.7,578,992.5,414.5,578.6,992.6,414.0,407.9,6.1,Floor,"DATA,13.7,578,992.5,414.5,578.6,992.6,414.0,407.9,6.1,Floor"
data,13.8,578,992.5,414.5,578.4,992.6,414.2,407.9,6.3,Floor,"DATA,13.8,578,992.5,414.5,578.4,992.6,414.2,407.9,6.3,Floor"
data,13.9,578,993.0,415.0,578.2,992.7,414.5,407.9,6.6,Floor,"DATA,13.9,578,993.0,415.0,578.2,992.7,414.5,407.9,6.6,Floor"
data,14.0,578,992.5,414.5,578.0,992.7,414.7,407.9,6.8,Floor,"DATA,14.0,578,992.5,414.5,578.0,992.7,414.7,407.9,6.8,Floor"
data,14.1,578,993.0,415.0,578.0,992.7,414.7,407.9,6.8,Floor,"DATA,14.1,578,993.0,415.0,578.0,992.7,414.7,407.9,6.8,Floor"
data,14.2,578,992.0,414.0,578.0,992.6,414.6,407.9,6.7,Floor,"DATA,14.2,578,992.0,414.0,578.0,992.6,414.6,407.9,6.7,Floor"
data,14.3,577,992.5,415.5,577.8,992.6,414.8,407.9,6.9,Floor,"DATA,14.3,577,992.5,415.5,577.8,992.6,414.8,407.9,6.9,Floor"
data,14.4,578,992.5,414.5,577.8,992.5,414.7,407.9,6.8,Floor,"DATA,14.4,578,992.5,414.5,577.8,992.5,414.7,407.9,6.8,Floor"
data,14.5,578,992.5,414.5,577.8,992.5,414.7,407.9,6.8,Floor,"DATA,14.5,578,992.5,414.5,577.8,992.5,414.7,407.9,6.8,Floor"
data,14.6,578,992.5,414.5,577.8,992.4,414.6,407.9,6.7,Floor,"DATA,14.6,578,992.5,414.5,577.8,992.4,414.6,407.9,6.7,Floor"
data,14.7,579,992.0,413.0,578.0,992.4,414.4,407.9,6.5,Floor,"DATA,14.7,579,992.0,413.0,578.0,992.4,414.4,407.9,6.5,Floor"
data,14.8,578,993.0,415.0,578.2,992.5,414.3,407.9,6.4,Floor,"DATA,14.8,578,993.0,415.0,578.2,992.5,414.3,407.9,6.4,Floor"
data,14.9,578,992.5,414.5,578.2,992.5,414.3,407.9,6.4,Floor,"DATA,14.9,578,992.5,414.5,578.2,992.5,414.3,407.9,6.4,Floor"
data,15.0,579,993.0,414.0,578.4,992.6,414.2,407.9,6.3,Floor,"DATA,15.0,579,993.0,414.0,578.4,992.6,414.2,407.9,6.3,Floor"
data,15.1,579,992.5,413.5,578.6,992.6,414.0,407.9,6.1,Floor,"DATA,15.1,579,992.5,413.5,578.6,992.6,414.0,407.9,6.1,Floor"
data,15.2,578,992.5,414.5,578.4,992.7,414.3,407.9,6.4,Floor,"DATA,15.2,578,992.5,414.5,578.4,992.7,414.3,407.9,6.4,Floor"
data,15.3,579,992.5,413.5,578.6,992.6,414.0,407.9,6.1,Floor,"DATA,15.3,579,992.5,413.5,578.6,992.6,414.0,407.9,6.1,Floor"
data,15.4,579,992.5,413.5,578.8,992.6,413.8,407.9,5.9,Floor,"DATA,15.4,579,992.5,413.5,578.8,992.6,413.8,407.9,5.9,Floor"
data,15.5,578,992.5,414.5,578.6,992.5,413.9,407.9,6.0,Floor,"DATA,15.5,578,992.5,414.5,578.6,992.5,413.9,407.9,6.0,Floor"
data,15.6,580,992.5,412.5,578.8,992.5,413.7,407.9,5.8,Floor,"DATA,15.6,580,992.5,412.5,578.8,992.5,413.7,407.9,5.8,Floor"
data,15.7,579,993.0,414.0,579.0,992.6,413.6,407.9,5.7,Floor,"DATA,15.7,579,993.0,414.0,579.0,992.6,413.6,407.9,5.7,Floor"
data,15.8,580,992.0,412.0,579.2,992.5,413.3,407.9,5.4,Floor,"DATA,15.8,580,992.0,412.0,579.2,992.5,413.3,407.9,5.4,Floor"
data,15.9,579,992.5,413.5,579.2,992.5,413.3,407.9,5.4,Floor,"DATA,15.9,579,992.5,413.5,579.2,992.5,413.3,407.9,5.4,Floor"
data,16.0,580,992.5,412.5,579.6,992.5,412.9,407.9,5.0,Floor,"DATA,16.0,580,992.5,412.5,579.6,992.5,412.9,407.9,5.0,Floor"
data,16.1,580,992.5,412.5,579.6,992.5,412.9,407.9,5.0,Floor,"DATA,16.1,580,992.5,412.5,579.6,992.5,412.9,407.9,5.0,Floor"
data,16.2,580,993.0,413.0,579.8,992.5,412.7,407.9,4.8,Floor,"DATA,16.2,580,993.0,413.0,579.8,992.5,412.7,407.9,4.8,Floor"
data,16.3,580,992.5,412.5,579.8,992.6,412.8,407.9,4.9,Floor,"DATA,16.3,580,992.5,412.5,579.8,992.6,412.8,407.9,4.9,Floor"
data,16.4,580,993.0,413.0,580.0,992.7,412.7,407.9,4.8,Floor,"DATA,16.4,580,993.0,413.0,580.0,992.7,412.7,407.9,4.8,Floor"
data,16.5,579,992.5,413.5,579.8,992.7,412.9,407.9,5.0,Floor,"DATA,16.5,579,992.5,413.5,579.8,992.7,412.9,407.9,5.0,Floor"
data,16.6,577,992.5,415.5,579.2,992.7,413.5,407.9,5.6,Floor,"DATA,16.6,577,992.5,415.5,579.2,992.7,413.5,407.9,5.6,Floor"
data,16.7,579,993.0,414.0,579.0,992.7,413.7,407.9,5.8,Floor,"DATA,16.7,579,993.0,414.0,579.0,992.7,413.7,407.9,5.8,Floor"
data,16.8,580,993.0,413.0,579.0,992.8,413.8,407.9,5.9,Floor,"DATA,16.8,580,993.0,413.0,579.0,992.8,413.8,407.9,5.9,Floor"
data,16.9,579,993.0,414.0,578.8,992.8,414.0,407.9,6.1,Floor,"DATA,16.9,579,993.0,414.0,578.8,992.8,414.0,407.9,6.1,Floor"
data,17.0,581,993.5,412.5,579.2,993.0,413.8,407.9,5.9,Floor,"DATA,17.0,581,993.5,412.5,579.2,993.0,413.8,407.9,5.9,Floor"
data,17.1,580,993.5,413.5,579.8,993.2,413.4,407.9,5.5,Floor,"DATA,17.1,580,993.5,413.5,579.8,993.2,413.4,407.9,5.5,Floor"
data,17.2,592,993.5,401.5,582.4,993.3,410.9,407.9,3.0,Floor,"DATA,17.2,592,993.5,401.5,582.4,993.3,410.9,407.9,3.0,Floor"
data,17.3,596,993.5,397.5,585.6,993.4,407.8,407.9,0.1,Floor,"DATA,17.3,596,993.5,397.5,585.6,993.4,407.8,407.9,0.1,Floor"
data,17.4,598,993.5,395.5,589.4,993.5,404.1,407.9,3.8,Floor,"DATA,17.4,598,993.5,395.5,589.4,993.5,404.1,407.9,3.8,Floor"
data,17.5,597,993.5,396.5,592.6,993.5,400.9,407.9,7.0,Floor,"DATA,17.5,597,993.5,396.5,592.6,993.5,400.9,407.9,7.0,Floor"
data,17.6,596,993.0,397.0,595.8,993.4,397.6,407.9,10.3,Liquid,"DATA,17.6,596,993.0,397.0,595.8,993.4,397.6,407.9,10.3,Liquid"
data,17.7,598,993.5,395.5,597.0,993.4,396.4,407.9,11.5,Liquid,"DATA,17.7,598,993.5,395.5,597.0,993.4,396.4,407.9,11.5,Liquid"
data,17.8,598,993.5,395.5,597.4,993.4,396.0,407.9,11.9,Liquid,"DATA,17.8,598,993.5,395.5,597.4,993.4,396.0,407.9,11.9,Liquid"
data,17.9,596,993.5,397.5,597.0,993.4,396.4,407.9,11.5,Liquid,"DATA,17.9,596,993.5,397.5,597.0,993.4,396.4,407.9,11.5,Liquid"
data,18.0,596,993.5,397.5,596.8,993.4,396.6,407.9,11.3,Liquid,"DATA,18.0,596,993.5,397.5,596.8,993.4,396.6,407.9,11.3,Liquid"
data,18.1,596,993.0,397.0,596.8,993.4,396.6,407.9,11.3,Liquid,"DATA,18.1,596,993.0,397.0,596.8,993.4,396.6,407.9,11.3,Liquid"
data,18.2,596,993.5,397.5,596.4,993.4,397.0,407.9,10.9,Liquid,"DATA,18.2,596,993.5,397.5,596.4,993.4,397.0,407.9,10.9,Liquid"
data,18.3,593,993.5,400.5,595.4,993.4,398.0,407.9,9.9,Floor,"DATA,18.3,593,993.5,400.5,595.4,993.4,398.0,407.9,9.9,Floor"
data,18.4,596,993.0,397.0,595.4,993.3,397.9,407.9,10.0,Liquid,"DATA,18.4,596,993.0,397.0,595.4,993.3,397.9,407.9,10.0,Liquid"
data,18.5,596,993.0,397.0,595.4,993.2,397.8,407.9,10.1,Liquid,"DATA,18.5,596,993.0,397.0,595.4,993.2,397.8,407.9,10.1,Liquid"
data,18.6,596,993.5,397.5,595.4,993.3,397.9,407.9,10.0,Liquid,"DATA,18.6,596,993.5,397.5,595.4,993.3,397.9,407.9,10.0,Liquid"
data,18.7,595,993.5,398.5,595.2,993.3,398.1,407.9,9.8,Floor,"DATA,18.7,595,993.5,398.5,595.2,993.3,398.1,407.9,9.8,Floor"
data,18.8,595,993.0,398.0,595.6,993.2,397.6,407.9,10.3,Liquid,"DATA,18.8,595,993.0,398.0,595.6,993.2,397.6,407.9,10.3,Liquid"
data,18.9,595,993.0,398.0,595.4,993.2,397.8,407.9,10.1,Liquid,"DATA,18.9,595,993.0,398.0,595.4,993.2,397.8,407.9,10.1,Liquid"
data,19.0,595,993.5,398.5,595.2,993.3,398.1,407.9,9.8,Floor,"DATA,19.0,595,993.5,398.5,595.2,993.3,398.1,407.9,9.8,Floor"
data,19.1,595,993.5,398.5,595.0,993.3,398.3,407.9,9.6,Floor,"DATA,19.1,595,993.5,398.5,595.0,993.3,398.3,407.9,9.6,Floor"
data,19.2,594,993.5,399.5,594.8,993.3,398.5,407.9,9.4,Floor,"DATA,19.2,594,993.5,399.5,594.8,993.3,398.5,407.9,9.4,Floor"
data,19.3,595,993.0,398.0,594.8,993.3,398.5,407.9,9.4,Floor,"DATA,19.3,595,993.0,398.0,594.8,993.3,398.5,407.9,9.4,Floor"
data,19.4,595,993.5,398.5,594.8,993.4,398.6,407.9,9.3,Floor,"DATA,19.4,595,993.5,398.5,594.8,993.4,398.6,407.9,9.3,Floor"
data,19.5,594,993.0,399.0,594.6,993.3,398.7,407.9,9.2,Floor,"DATA,19.5,594,993.0,399.0,594.6,993.3,398.7,407.9,9.2,Floor"
data,19.6,594,993.5,399.5,594.4,993.3,398.9,407.9,9.0,Floor,"DATA,19.6,594,993.5,399.5,594.4,993.3,398.9,407.9,9.0,Floor"
data,19.7,594,993.5,399.5,594.4,993.3,398.9,407.9,9.0,Floor,"DATA,19.7,594,993.5,399.5,594.4,993.3,398.9,407.9,9.0,Floor"
data,19.8,595,993.5,398.5,594.4,993.4,399.0,407.9,8.9,Floor,"DATA,19.8,595,993.5,398.5,594.4,993.4,399.0,407.9,8.9,Floor"
data,19.9,594,993.5,399.5,594.2,993.4,399.2,407.9,8.7,Floor,"DATA,19.9,594,993.5,399.5,594.2,993.4,399.2,407.9,8.7,Floor"
data,20.0,595,993.0,398.0,594.4,993.4,399.0,407.9,8.9,Floor,"DATA,20.0,595,993.0,398.0,594.4,993.4,399.0,407.9,8.9,Floor"
data,20.1,594,993.5,399.5,594.4,993.4,399.0,407.9,8.9,Floor,"DATA,20.1,594,993.5,399.5,594.4,993.4,399.0,407.9,8.9,Floor"
data,20.2,595,993.0,398.0,594.6,993.3,398.7,407.9,9.2,Floor,"DATA,20.2,595,993.0,398.0,594.6,993.3,398.7,407.9,9.2,Floor"
data,20.3,595,993.0,398.0,594.6,993.2,398.6,407.9,9.3,Floor,"DATA,20.3,595,993.0,398.0,594.6,993.2,398.6,407.9,9.3,Floor"
data,20.4,595,993.0,398.0,594.8,993.1,398.3,407.9,9.6,Floor,"DATA,20.4,595,993.0,398.0,594.8,993.1,398.3,407.9,9.6,Floor"
data,20.5,596,993.0,397.0,595.0,993.1,398.1,407.9,9.8,Floor,"DATA,20.5,596,993.0,397.0,595.0,993.1,398.1,407.9,9.8,Floor"
data,20.6,595,993.5,398.5,595.2,993.1,397.9,407.9,10.0,Liquid,"DATA,20.6,595,993.5,398.5,595.2,993.1,397.9,407.9,10.0,Liquid"
data,20.7,595,993.5,398.5,595.2,993.2,398.0,407.9,9.9,Floor,"DATA,20.7,595,993.5,398.5,595.2,993.2,398.0,407.9,9.9,Floor"
data,20.8,596,993.0,397.0,595.4,993.2,397.8,407.9,10.1,Liquid,"DATA,20.8,596,993.0,397.0,595.4,993.2,397.8,407.9,10.1,Liquid"
data,20.9,596,993.0,397.0,595.6,993.2,397.6,407.9,10.3,Liquid,"DATA,20.9,596,993.0,397.0,595.6,993.2,397.6,407.9,10.3,Liquid"
data,21.0,595,993.0,398.0,595.4,993.2,397.8,407.9,10.1,Liquid,"DATA,21.0,595,993.0,398.0,595.4,993.2,397.8,407.9,10.1,Liquid"
data,21.1,596,993.5,397.5,595.6,993.2,397.6,407.9,10.3,Liquid,"DATA,21.1,596,993.5,397.5,595.6,993.2,397.6,407.9,10.3,Liquid"
data,21.2,596,993.5,397.5,595.8,993.2,397.4,407.9,10.5,Liquid,"DATA,21.2,596,993.5,397.5,595.8,993.2,397.4,407.9,10.5,Liquid"
data,21.3,596,993.0,397.0,595.8,993.2,397.4,407.9,10.5,Liquid,"DATA,21.3,596,993.0,397.0,595.8,993.2,397.4,407.9,10.5,Liquid"
data,21.4,595,993.5,398.5,595.6,993.3,397.7,407.9,10.2,Liquid,"DATA,21.4,595,993.5,398.5,595.6,993.3,397.7,407.9,10.2,Liquid"
data,21.5,596,993.0,397.0,595.8,993.3,397.5,407.9,10.4,Liquid,"DATA,21.5,596,993.0,397.0,595.8,993.3,397.5,407.9,10.4,Liquid"
data,21.6,596,993.5,397.5,595.8,993.3,397.5,407.9,10.4,Liquid,"DATA,21.6,596,993.5,397.5,595.8,993.3,397.5,407.9,10.4,Liquid"
data,21.7,596,993.5,397.5,595.8,993.3,397.5,407.9,10.4,Liquid,"DATA,21.7,596,993.5,397.5,595.8,993.3,397.5,407.9,10.4,Liquid"
data,21.8,596,993.5,397.5,595.8,993.4,397.6,407.9,10.3,Liquid,"DATA,21.8,596,993.5,397.5,595.8,993.4,397.6,407.9,10.3,Liquid"
data,21.9,596,993.5,397.5,596.0,993.4,397.4,407.9,10.5,Liquid,"DATA,21.9,596,993.5,397.5,596.0,993.4,397.4,407.9,10.5,Liquid"
data,22.0,597,993.5,396.5,596.2,993.5,397.3,407.9,10.6,Liquid,"DATA,22.0,597,993.5,396.5,596.2,993.5,397.3,407.9,10.6,Liquid"
data,22.1,597,993.0,396.0,596.4,993.4,397.0,407.9,10.9,Liquid,"DATA,22.1,597,993.0,396.0,596.4,993.4,397.0,407.9,10.9,Liquid"
data,22.2,597,993.0,396.0,596.6,993.3,396.7,407.9,11.2,Liquid,"DATA,22.2,597,993.0,396.0,596.6,993.3,396.7,407.9,11.2,Liquid"
data,22.3,596,993.5,397.5,596.6,993.3,396.7,407.9,11.2,Liquid,"DATA,22.3,596,993.5,397.5,596.6,993.3,396.7,407.9,11.2,Liquid"
data,22.4,596,993.5,397.5,596.6,993.3,396.7,407.9,11.2,Liquid,"DATA,22.4,596,993.5,397.5,596.6,993.3,396.7,407.9,11.2,Liquid"
data,22.5,600,993.0,393.0,597.2,993.2,396.0,407.9,11.9,Liquid,"DATA,22.5,600,993.0,393.0,597.2,993.2,396.0,407.9,11.9,Liquid"
data,22.6,594,992.5,398.5,596.6,993.1,396.5,407.9,11.4,Liquid,"DATA,22.6,594,992.5,398.5,596.6,993.1,396.5,407.9,11.4,Liquid"
data,22.7,585,992.0,407.0,594.2,992.9,398.7,407.9,9.2,Floor,"DATA,22.7,585,992.0,407.0,594.2,992.9,398.7,407.9,9.2,Floor"
data,22.8,578,992.0,414.0,590.6,992.6,402.0,407.9,5.9,Floor,"DATA,22.8,578,992.0,414.0,590.6,992.6,402.0,407.9,5.9,Floor"
data,22.9,578,992.0,414.0,587.0,992.3,405.3,407.9,2.6,Floor,"DATA,22.9,578,992.0,414.0,587.0,992.3,405.3,407.9,2.6,Floor"
data,23.0,578,992.0,414.0,582.6,992.1,409.5,407.9,1.6,Floor,"DATA,23.0,578,992.0,414.0,582.6,992.1,409.5,407.9,1.6,Floor"
data,23.1,575,992.5,417.5,578.8,992.1,413.3,407.9,5.4,Floor,"DATA,23.1,575,992.5,417.5,578.8,992.1,413.3,407.9,5.4,Floor"
data,23.2,575,992.5,417.5,576.8,992.2,415.4,407.9,7.5,Floor,"DATA,23.2,575,992.5,417.5,576.8,992.2,415.4,407.9,7.5,Floor"
data,23.3,576,992.5,416.5,576.4,992.3,415.9,407.9,8.0,Floor,"DATA,23.3,576,992.5,416.5,576.4,992.3,415.9,407.9,8.0,Floor"
data,23.4,574,992.0,418.0,575.6,992.3,416.7,407.9,8.8,Floor,"DATA,23.4,574,992.0,418.0,575.6,992.3,416.7,407.9,8.8,Floor"
data,23.5,573,992.5,419.5,574.6,992.4,417.8,407.9,9.9,Floor,"DATA,23.5,573,992.5,419.5,574.6,992.4,417.8,407.9,9.9,Floor"
data,23.6,573,992.0,419.0,574.2,992.3,418.1,407.9,10.2,Liquid,"DATA,23.6,573,992.0,419.0,574.2,992.3,418.1,407.9,10.2,Liquid"
data,23.7,573,992.0,419.0,573.8,992.2,418.4,407.9,10.5,Liquid,"DATA,23.7,573,992.0,419.0,573.8,992.2,418.4,407.9,10.5,Liquid"
data,23.8,573,992.5,419.5,573.2,992.2,419.0,407.9,11.1,Liquid,"DATA,23.8,573,992.5,419.5,573.2,992.2,419.0,407.9,11.1,Liquid"
data,23.9,571,993.0,422.0,572.6,992.4,419.8,407.9,11.9,Liquid,"DATA,23.9,571,993.0,422.0,572.6,992.4,419.8,407.9,11.9,Liquid"
data,24.0,571,992.0,421.0,572.2,992.3,420.1,407.9,12.2,Liquid,"DATA,24.0,571,992.0,421.0,572.2,992.3,420.1,407.9,12.2,Liquid"
data,24.1,566,992.5,426.5,570.8,992.4,421.6,407.9,13.7,Liquid,"DATA,24.1,566,992.5,426.5,570.8,992.4,421.6,407.9,13.7,Liquid"
data,24.2,567,993.0,426.0,569.6,992.6,423.0,407.9,15.1,Liquid,"DATA,24.2,567,993.0,426.0,569.6,992.6,423.0,407.9,15.1,Liquid"
data,24.3,566,993.0,427.0,568.2,992.7,424.5,407.9,16.6,Liquid,"DATA,24.3,566,993.0,427.0,568.2,992.7,424.5,407.9,16.6,Liquid"
data,24.4,568,993.0,425.0,567.6,992.7,425.1,407.9,17.2,Liquid,"DATA,24.4,568,993.0,425.0,567.6,992.7,425.1,407.9,17.2,Liquid"
data,24.5,570,992.5,422.5,567.4,992.8,425.4,407.9,17.5,Liquid,"DATA,24.5,570,992.5,422.5,567.4,992.8,425.4,407.9,17.5,Liquid"
data,24.6,569,992.5,423.5,568.0,992.8,424.8,407.9,16.9,Liquid,"DATA,24.6,569,992.5,423.5,568.0,992.8,424.8,407.9,16.9,Liquid"
data,24.7,573,992.0,419.0,569.2,992.6,423.4,407.9,15.5,Liquid,"DATA,24.7,573,992.0,419.0,569.2,992.6,423.4,407.9,15.5,Liquid"
data,24.8,571,992.5,421.5,570.2,992.5,422.3,407.9,14.4,Liquid,"DATA,24.8,571,992.5,421.5,570.2,992.5,422.3,407.9,14.4,Liquid"
data,24.9,570,992.5,422.5,570.6,992.4,421.8,407.9,13.9,Liquid,"DATA,24.9,570,992.5,422.5,570.6,992.4,421.8,407.9,13.9,Liquid"
data,25.0,570,992.0,422.0,570.6,992.3,421.7,407.9,13.8,Liquid,"DATA,25.0,570,992.0,422.0,570.6,992.3,421.7,407.9,13.8,Liquid"
data,25.1,572,991.5,419.5,571.2,992.1,420.9,407.9,13.0,Liquid,"DATA,25.1,572,991.5,419.5,571.2,992.1,420.9,407.9,13.0,Liquid"
data,25.2,570,991.5,421.5,570.6,992.0,421.4,407.9,13.5,Liquid,"DATA,25.2,570,991.5,421.5,570.6,992.0,421.4,407.9,13.5,Liquid"
data,25.3,572,992.5,420.5,570.8,992.0,421.2,407.9,13.3,Liquid,"DATA,25.3,572,992.5,420.5,570.8,992.0,421.2,407.9,13.3,Liquid"
data,25.4,571,992.0,421.0,571.0,991.9,420.9,407.9,13.0,Liquid,"DATA,25.4,571,992.0,421.0,571.0,991.9,420.9,407.9,13.0,Liquid"
data,25.5,576,991.5,415.5,572.2,991.8,419.6,407.9,11.7,Liquid,"DATA,25.5,576,991.5,415.5,572.2,991.8,419.6,407.9,11.7,Liquid"
data,25.6,573,992.0,419.0,572.4,991.9,419.5,407.9,11.6,Liquid,"DATA,25.6,573,992.0,419.0,572.4,991.9,419.5,407.9,11.6,Liquid"
data,25.7,574,992.0,418.0,573.2,992.0,418.8,407.9,10.9,Liquid,"DATA,25.7,574,992.0,418.0,573.2,992.0,418.8,407.9,10.9,Liquid"
data,25.8,574,993.0,419.0,573.6,992.1,418.5,407.9,10.6,Liquid,"DATA,25.8,574,993.0,419.0,573.6,992.1,418.5,407.9,10.6,Liquid"
data,25.9,571,993.0,422.0,573.6,992.3,418.7,407.9,10.8,Liquid,"DATA,25.9,571,993.0,422.0,573.6,992.3,418.7,407.9,10.8,Liquid"
data,26.0,574,992.5,418.5,573.2,992.5,419.3,407.9,11.4,Liquid,"DATA,26.0,574,992.5,418.5,573.2,992.5,419.3,407.9,11.4,Liquid"
data,26.1,572,992.5,420.5,573.0,992.6,419.6,407.9,11.7,Liquid,"DATA,26.1,572,992.5,420.5,573.0,992.6,419.6,407.9,11.7,Liquid"
data,26.2,574,992.0,418.0,573.0,992.6,419.6,407.9,11.7,Liquid,"DATA,26.2,574,992.0,418.0,573.0,992.6,419.6,407.9,11.7,Liquid"
data,26.3,573,992.5,419.5,572.8,992.5,419.7,407.9,11.8,Liquid,"DATA,26.3,573,992.5,419.5,572.8,992.5,419.7,407.9,11.8,Liquid"
data,26.4,573,992.5,419.5,573.2,992.4,419.2,407.9,11.3,Liquid,"DATA,26.4,573,992.5,419.5,573.2,992.4,419.2,407.9,11.3,Liquid"
data,26.5,574,992.5,418.5,573.2,992.4,419.2,407.9,11.3,Liquid,"DATA,26.5,574,992.5,418.5,573.2,992.4,419.2,407.9,11.3,Liquid"
data,26.6,573,992.5,419.5,573.4,992.4,419.0,407.9,11.1,Liquid,"DATA,26.6,573,992.5,419.5,573.4,992.4,419.0,407.9,11.1,Liquid"
data,26.7,573,992.5,419.5,573.2,992.5,419.3,407.9,11.4,Liquid,"DATA,26.7,573,992.5,419.5,573.2,992.5,419.3,407.9,11.4,Liquid"
data,26.8,575,992.0,417.0,573.6,992.4,418.8,407.9,10.9,Liquid,"DATA,26.8,575,992.0,417.0,573.6,992.4,418.8,407.9,10.9,Liquid"
data,26.9,575,992.0,417.0,574.0,992.3,418.3,407.9,10.4,Liquid,"DATA,26.9,575,992.0,417.0,574.0,992.3,418.3,407.9,10.4,Liquid"
data,27.0,574,992.5,418.5,574.0,992.3,418.3,407.9,10.4,Liquid,"DATA,27.0,574,992.5,418.5,574.0,992.3,418.3,407.9,10.4,Liquid"
data,27.1,573,993.0,420.0,574.0,992.4,418.4,407.9,10.5,Liquid,"DATA,27.1,573,993.0,420.0,574.0,992.4,418.4,407.9,10.5,Liquid"
data,27.2,574,992.0,418.0,574.2,992.3,418.1,407.9,10.2,Liquid,"DATA,27.2,574,992.0,418.0,574.2,992.3,418.1,407.9,10.2,Liquid"
data,27.3,574,992.0,418.0,574.0,992.3,418.3,407.9,10.4,Liquid,"DATA,27.3,574,992.0,418.0,574.0,992.3,418.3,407.9,10.4,Liquid"
data,27.4,572,992.5,420.5,573.4,992.4,419.0,407.9,11.1,Liquid,"DATA,27.4,572,992.5,420.5,573.4,992.4,419.0,407.9,11.1,Liquid"
data,27.5,573,992.5,419.5,573.2,992.4,419.2,407.9,11.3,Liquid,"DATA,27.5,573,992.5,419.5,573.2,992.4,419.2,407.9,11.3,Liquid"
data,27.6,571,992.5,421.5,572.8,992.3,419.5,407.9,11.6,Liquid,"DATA,27.6,571,992.5,421.5,572.8,992.3,419.5,407.9,11.6,Liquid"
data,27.7,571,993.0,422.0,572.2,992.5,420.3,407.9,12.4,Liquid,"DATA,27.7,571,993.0,422.0,572.2,992.5,420.3,407.9,12.4,Liquid"
data,27.8,574,992.5,418.5,572.2,992.6,420.4,407.9,12.5,Liquid,"DATA,27.8,574,992.5,418.5,572.2,992.6,420.4,407.9,12.5,Liquid"
data,27.9,577,993.0,416.0,573.2,992.7,419.5,407.9,11.6,Liquid,"DATA,27.9,577,993.0,416.0,573.2,992.7,419.5,407.9,11.6,Liquid"
data,28.0,581,992.0,411.0,574.8,992.6,417.8,407.9,9.9,Floor,"DATA,28.0,581,992.0,411.0,574.8,992.6,417.8,407.9,9.9,Floor"
data,28.1,578,992.5,414.5,576.2,992.6,416.4,407.9,8.5,Floor,"DATA,28.1,578,992.5,414.5,576.2,992.6,416.4,407.9,8.5,Floor"
data,28.2,579,992.0,413.0,577.8,992.4,414.6,407.9,6.7,Floor,"DATA,28.2,579,992.0,413.0,577.8,992.4,414.6,407.9,6.7,Floor"
data,28.3,578,993.5,415.5,578.6,992.6,414.0,407.9,6.1,Floor,"DATA,28.3,578,993.5,415.5,578.6,992.6,414.0,407.9,6.1,Floor"
data,28.4,574,993.0,419.0,578.0,992.6,414.6,407.9,6.7,Floor,"DATA,28.4,574,993.0,419.0,578.0,992.6,414.6,407.9,6.7,Floor"
data,28.5,572,992.5,420.5,576.2,992.7,416.5,407.9,8.6,Floor,"DATA,28.5,572,992.5,420.5,576.2,992.7,416.5,407.9,8.6,Floor"
data,28.6,571,993.5,422.5,574.8,992.9,418.1,407.9,10.2,Liquid,"DATA,28.6,571,993.5,422.5,574.8,992.9,418.1,407.9,10.2,Liquid"
data,28.7,575,993.0,418.0,574.0,993.1,419.1,407.9,11.2,Liquid,"DATA,28.7,575,993.0,418.0,574.0,993.1,419.1,407.9,11.2,Liquid"
data,28.8,577,992.5,415.5,573.8,992.9,419.1,407.9,11.2,Liquid,"DATA,28.8,577,992.5,415.5,573.8,992.9,419.1,407.9,11.2,Liquid"
data,28.9,578,992.0,414.0,574.6,992.7,418.1,407.9,10.2,Liquid,"DATA,28.9,578,992.0,414.0,574.6,992.7,418.1,407.9,10.2,Liquid"
data,29.0,577,992.0,415.0,575.6,992.6,417.0,407.9,9.1,Floor,"DATA,29.0,577,992.0,415.0,575.6,992.6,417.0,407.9,9.1,Floor"
data,29.1,576,993.0,417.0,576.6,992.5,415.9,407.9,8.0,Floor,"DATA,29.1,576,993.0,417.0,576.6,992.5,415.9,407.9,8.0,Floor"
data,29.2,576,993.0,417.0,576.8,992.5,415.7,407.9,7.8,Floor,"DATA,29.2,576,993.0,417.0,576.8,992.5,415.7,407.9,7.8,Floor"
data,29.3,577,992.5,415.5,576.8,992.5,415.7,407.9,7.8,Floor,"DATA,29.3,577,992.5,415.5,576.8,992.5,415.7,407.9,7.8,Floor"
data,29.4,575,993.0,418.0,576.2,992.7,416.5,407.9,8.6,Floor,"DATA,29.4,575,993.0,418.0,576.2,992.7,416.5,407.9,8.6,Floor"
data,29.5,574,992.5,418.5,575.6,992.8,417.2,407.9,9.3,Floor,"DATA,29.5,574,992.5,418.5,575.6,992.8,417.2,407.9,9.3,Floor"
data,29.6,575,992.5,417.5,575.4,992.7,417.3,407.9,9.4,Floor,"DATA,29.6,575,992.5,417.5,575.4,992.7,417.3,407.9,9.4,Floor"
data,29.7,574,992.5,418.5,575.0,992.6,417.6,407.9,9.7,Floor,"DATA,29.7,574,992.5,418.5,575.0,992.6,417.6,407.9,9.7,Floor"
data,29.8,573,993.0,420.0,574.2,992.7,418.5,407.9,10.6,Liquid,"DATA,29.8,573,993.0,420.0,574.2,992.7,418.5,407.9,10.6,Liquid"
data,29.9,574,992.5,418.5,574.0,992.6,418.6,407.9,10.7,Liquid,"DATA,29.9,574,992.5,418.5,574.0,992.6,418.6,407.9,10.7,Liquid"
data,30.0,575,992.5,417.5,574.2,992.6,418.4,407.9,10.5,Liquid,"DATA,30.0,575,992.5,417.5,574.2,992.6,418.4,407.9,10.5,Liquid"
data,30.1,575,992.5,417.5,574.2,992.6,418.4,407.9,10.5,Liquid,"DATA,30.1,575,992.5,417.5,574.2,992.6,418.4,407.9,10.5,Liquid"
data,30.2,575,992.5,417.5,574.4,992.6,418.2,407.9,10.3,Liquid,"DATA,30.2,575,992.5,417.5,574.4,992.6,418.2,407.9,10.3,Liquid"
data,30.3,575,992.5,417.5,574.8,992.5,417.7,407.9,9.8,Floor,"DATA,30.3,575,992.5,417.5,574.8,992.5,417.7,407.9,9.8,Floor"
data,30.4,576,992.0,416.0,575.2,992.4,417.2,407.9,9.3,Floor,"DATA,30.4,576,992.0,416.0,575.2,992.4,417.2,407.9,9.3,Floor"
data,30.5,575,992.5,417.5,575.2,992.4,417.2,407.9,9.3,Floor,"DATA,30.5,575,992.5,417.5,575.2,992.4,417.2,407.9,9.3,Floor"
data,30.6,576,992.5,416.5,575.4,992.4,417.0,407.9,9.1,Floor,"DATA,30.6,576,992.5,416.5,575.4,992.4,417.0,407.9,9.1,Floor"
data,30.7,575,992.5,417.5,575.4,992.4,417.0,407.9,9.1,Floor,"DATA,30.7,575,992.5,417.5,575.4,992.4,417.0,407.9,9.1,Floor"
data,30.8,576,992.5,416.5,575.6,992.4,416.8,407.9,8.9,Floor,"DATA,30.8,576,992.5,416.5,575.6,992.4,416.8,407.9,8.9,Floor"
data,30.9,575,992.0,417.0,575.4,992.4,417.0,407.9,9.1,Floor,"DATA,30.9,575,992.0,417.0,575.4,992.4,417.0,407.9,9.1,Floor"
data,31.0,575,993.0,418.0,575.4,992.5,417.1,407.9,9.2,Floor,"DATA,31.0,575,993.0,418.0,575.4,992.5,417.1,407.9,9.2,Floor"
data,31.1,576,992.0,416.0,575.4,992.4,417.0,407.9,9.1,Floor,"DATA,31.1,576,992.0,416.0,575.4,992.4,417.0,407.9,9.1,Floor"
data,31.2,575,993.0,418.0,575.4,992.5,417.1,407.9,9.2,Floor,"DATA,31.2,575,993.0,418.0,575.4,992.5,417.1,407.9,9.2,Floor"
data,31.3,576,992.5,416.5,575.4,992.5,417.1,407.9,9.2,Floor,"DATA,31.3,576,992.5,416.5,575.4,992.5,417.1,407.9,9.2,Floor"
data,31.4,575,992.5,417.5,575.4,992.6,417.2,407.9,9.3,Floor,"DATA,31.4,575,992.5,417.5,575.4,992.6,417.2,407.9,9.3,Floor"
data,31.5,575,993.5,418.5,575.4,992.7,417.3,407.9,9.4,Floor,"DATA,31.5,575,993.5,418.5,575.4,992.7,417.3,407.9,9.4,Floor"
data,31.6,576,992.0,416.0,575.4,992.7,417.3,407.9,9.4,Floor,"DATA,31.6,576,992.0,416.0,575.4,992.7,417.3,407.9,9.4,Floor"
data,31.7,575,992.5,417.5,575.4,992.6,417.2,407.9,9.3,Floor,"DATA,31.7,575,992.5,417.5,575.4,992.6,417.2,407.9,9.3,Floor"
data,31.8,575,992.5,417.5,575.2,992.6,417.4,407.9,9.5,Floor,"DATA,31.8,575,992.5,417.5,575.2,992.6,417.4,407.9,9.5,Floor"
data,31.9,575,992.5,417.5,575.2,992.6,417.4,407.9,9.5,Floor,"DATA,31.9,575,992.5,417.5,575.2,992.6,417.4,407.9,9.5,Floor"
data,32.0,575,992.0,417.0,575.2,992.3,417.1,407.9,9.2,Floor,"DATA,32.0,575,992.0,417.0,575.2,992.3,417.1,407.9,9.2,Floor"
data,32.1,574,993.0,419.0,574.8,992.5,417.7,407.9,9.8,Floor,"DATA,32.1,574,993.0,419.0,574.8,992.5,417.7,407.9,9.8,Floor"
data,32.2,575,992.5,417.5,574.8,992.5,417.7,407.9,9.8,Floor,"DATA,32.2,575,992.5,417.5,574.8,992.5,417.7,407.9,9.8,Floor"
data,32.3,574,993.0,419.0,574.6,992.6,418.0,407.9,10.1,Liquid,"DATA,32.3,574,993.0,419.0,574.6,992.6,418.0,407.9,10.1,Liquid"
data,32.4,574,992.5,418.5,574.4,992.6,418.2,407.9,10.3,Liquid,"DATA,32.4,574,992.5,418.5,574.4,992.6,418.2,407.9,10.3,Liquid"
data,32.5,574,992.5,418.5,574.2,992.7,418.5,407.9,10.6,Liquid,"DATA,32.5,574,992.5,418.5,574.2,992.7,418.5,407.9,10.6,Liquid"
data,32.6,574,992.5,418.5,574.2,992.6,418.4,407.9,10.5,Liquid,"DATA,32.6,574,992.5,418.5,574.2,992.6,418.4,407.9,10.5,Liquid"
data,32.7,574,992.0,418.0,574.0,992.5,418.5,407.9,10.6,Liquid,"DATA,32.7,574,992.0,418.0,574.0,992.5,418.5,407.9,10.6,Liquid"
data,32.8,574,992.5,418.5,574.0,992.4,418.4,407.9,10.5,Liquid,"DATA,32.8,574,992.5,418.5,574.0,992.4,418.4,407.9,10.5,Liquid"
data,32.9,573,993.5,420.5,573.8,992.6,418.8,407.9,10.9,Liquid,"DATA,32.9,573,993.5,420.5,573.8,992.6,418.8,407.9,10.9,Liquid"
data,33.0,571,993.0,422.0,573.2,992.7,419.5,407.9,11.6,Liquid,"DATA,33.0,571,993.0,422.0,573.2,992.7,419.5,407.9,11.6,Liquid"
data,33.1,571,993.5,422.5,572.6,992.9,420.3,407.9,12.4,Liquid,"DATA,33.1,571,993.5,422.5,572.6,992.9,420.3,407.9,12.4,Liquid"
data,33.2,569,992.5,423.5,571.6,993.0,421.4,407.9,13.5,Liquid,"DATA,33.2,569,992.5,423.5,571.6,993.0,421.4,407.9,13.5,Liquid"
data,33.3,566,993.0,427.0,570.0,993.1,423.1,407.9,15.2,Liquid,"DATA,33.3,566,993.0,427.0,570.0,993.1,423.1,407.9,15.2,Liquid"
data,33.4,575,992.5,417.5,570.4,992.9,422.5,407.9,14.6,Liquid,"DATA,33.4,575,992.5,417.5,570.4,992.9,422.5,407.9,14.6,Liquid"
data,33.5,572,992.5,420.5,570.6,992.8,422.2,407.9,14.3,Liquid,"DATA,33.5,572,992.5,420.5,570.6,992.8,422.2,407.9,14.3,Liquid"
data,33.6,572,992.5,420.5,570.8,992.6,421.8,407.9,13.9,Liquid,"DATA,33.6,572,992.5,420.5,570.8,992.6,421.8,407.9,13.9,Liquid"
data,33.7,574,993.0,419.0,571.8,992.7,420.9,407.9,13.0,Liquid,"DATA,33.7,574,993.0,419.0,571.8,992.7,420.9,407.9,13.0,Liquid"
data,33.8,573,992.5,419.5,573.2,992.6,419.4,407.9,11.5,Liquid,"DATA,33.8,573,992.5,419.5,573.2,992.6,419.4,407.9,11.5,Liquid"
data,33.9,573,992.0,419.0,572.8,992.5,419.7,407.9,11.8,Liquid,"DATA,33.9,573,992.0,419.0,572.8,992.5,419.7,407.9,11.8,Liquid"
data,34.0,573,992.0,419.0,573.0,992.4,419.4,407.9,11.5,Liquid,"DATA,34.0,573,992.0,419.0,573.0,992.4,419.4,407.9,11.5,Liquid"
data,34.1,574,993.5,419.5,573.4,992.6,419.2,407.9,11.3,Liquid,"DATA,34.1,574,993.5,419.5,573.4,992.6,419.2,407.9,11.3,Liquid"
data,34.2,570,993.0,423.0,572.6,992.6,420.0,407.9,12.1,Liquid,"DATA,34.2,570,993.0,423.0,572.6,992.6,420.0,407.9,12.1,Liquid"
data,34.3,573,992.5,419.5,572.6,992.6,420.0,407.9,12.1,Liquid,"DATA,34.3,573,992.5,419.5,572.6,992.6,420.0,407.9,12.1,Liquid"
data,34.4,574,992.5,418.5,572.8,992.7,419.9,407.9,12.0,Liquid,"DATA,34.4,574,992.5,418.5,572.8,992.7,419.9,407.9,12.0,Liquid"
data,34.5,574,992.0,418.0,573.0,992.7,419.7,407.9,11.8,Liquid,"DATA,34.5,574,992.0,418.0,573.0,992.7,419.7,407.9,11.8,Liquid"
data,34.6,574,992.5,418.5,573.0,992.5,419.5,407.9,11.6,Liquid,"DATA,34.6,574,992.5,418.5,573.0,992.5,419.5,407.9,11.6,Liquid"
data,34.7,573,992.5,419.5,573.6,992.4,418.8,407.9,10.9,Liquid,"DATA,34.7,573,992.5,419.5,573.6,992.4,418.8,407.9,10.9,Liquid"
data,34.8,573,992.5,419.5,573.6,992.4,418.8,407.9,10.9,Liquid,"DATA,34.8,573,992.5,419.5,573.6,992.4,418.8,407.9,10.9,Liquid"
data,34.9,576,992.5,416.5,574.0,992.4,418.4,407.9,10.5,Liquid,"DATA,34.9,576,992.5,416.5,574.0,992.4,418.4,407.9,10.5,Liquid"
data,35.0,574,992.0,418.0,574.0,992.4,418.4,407.9,10.5,Liquid,"DATA,35.0,574,992.0,418.0,574.0,992.4,418.4,407.9,10.5,Liquid"
data,35.1,574,993.0,419.0,574.0,992.5,418.5,407.9,10.6,Liquid,"DATA,35.1,574,993.0,419.0,574.0,992.5,418.5,407.9,10.6,Liquid"
data,35.2,574,992.5,418.5,574.2,992.5,418.3,407.9,10.4,Liquid,"DATA,35.2,574,992.5,418.5,574.2,992.5,418.3,407.9,10.4,Liquid"
data,35.3,573,993.0,420.0,574.2,992.6,418.4,407.9,10.5,Liquid,"DATA,35.3,573,993.0,420.0,574.2,992.6,418.4,407.9,10.5,Liquid"
data,35.4,574,992.5,418.5,573.8,992.6,418.8,407.9,10.9,Liquid,"DATA,35.4,574,992.5,418.5,573.8,992.6,418.8,407.9,10.9,Liquid"
data,35.5,575,992.0,417.0,574.0,992.6,418.6,407.9,10.7,Liquid,"DATA,35.5,575,992.0,417.0,574.0,992.6,418.6,407.9,10.7,Liquid"
data,35.6,574,992.5,418.5,574.0,992.5,418.5,407.9,10.6,Liquid,"DATA,35.6,574,992.5,418.5,574.0,992.5,418.5,407.9,10.6,Liquid"
data,35.7,574,992.5,418.5,574.0,992.5,418.5,407.9,10.6,Liquid,"DATA,35.7,574,992.5,418.5,574.0,992.5,418.5,407.9,10.6,Liquid"
data,35.8,574,992.5,418.5,574.2,992.4,418.2,407.9,10.3,Liquid,"DATA,35.8,574,992.5,418.5,574.2,992.4,418.2,407.9,10.3,Liquid"
data,35.9,574,992.5,418.5,574.2,992.4,418.2,407.9,10.3,Liquid,"DATA,35.9,574,992.5,418.5,574.2,992.4,418.2,407.9,10.3,Liquid"
data,36.0,574,992.5,418.5,574.0,992.5,418.5,407.9,10.6,Liquid,"DATA,36.0,574,992.5,418.5,574.0,992.5,418.5,407.9,10.6,Liquid"
data,36.1,574,992.5,418.5,574.0,992.5,418.5,407.9,10.6,Liquid,"DATA,36.1,574,992.5,418.5,574.0,992.5,418.5,407.9,10.6,Liquid"
data,36.2,575,992.5,417.5,574.2,992.5,418.3,407.9,10.4,Liquid,"DATA,36.2,575,992.5,417.5,574.2,992.5,418.3,407.9,10.4,Liquid"
data,36.3,573,992.5,419.5,574.0,992.5,418.5,407.9,10.6,Liquid,"DATA,36.3,573,992.5,419.5,574.0,992.5,418.5,407.9,10.6,Liquid"
data,36.4,573,992.5,419.5,573.8,992.5,418.7,407.9,10.8,Liquid,"DATA,36.4,573,992.5,419.5,573.8,992.5,418.7,407.9,10.8,Liquid"
data,36.5,573,993.0,420.0,573.6,992.6,419.0,407.9,11.1,Liquid,"DATA,36.5,573,993.0,420.0,573.6,992.6,419.0,407.9,11.1,Liquid"
data,36.6,574,992.5,418.5,573.6,992.6,419.0,407.9,11.1,Liquid,"DATA,36.6,574,992.5,418.5,573.6,992.6,419.0,407.9,11.1,Liquid"
data,36.7,574,992.0,418.0,573.4,992.5,419.1,407.9,11.2,Liquid,"DATA,36.7,574,992.0,418.0,573.4,992.5,419.1,407.9,11.2,Liquid"
data,36.8,575,992.0,417.0,573.8,992.4,418.6,407.9,10.7,Liquid,"DATA,36.8,575,992.0,417.0,573.8,992.4,418.6,407.9,10.7,Liquid"
data,36.9,574,992.5,418.5,574.0,992.4,418.4,407.9,10.5,Liquid,"DATA,36.9,574,992.5,418.5,574.0,992.4,418.4,407.9,10.5,Liquid"
data,37.0,574,993.0,419.0,574.2,992.4,418.2,407.9,10.3,Liquid,"DATA,37.0,574,993.0,419.0,574.2,992.4,418.2,407.9,10.3,Liquid"
data,37.1,574,992.5,418.5,574.2,992.4,418.2,407.9,10.3,Liquid,"DATA,37.1,574,992.5,418.5,574.2,992.4,418.2,407.9,10.3,Liquid"
data,37.2,574,992.5,418.5,574.2,992.5,418.3,407.9,10.4,Liquid,"DATA,37.2,574,992.5,418.5,574.2,992.5,418.3,407.9,10.4,Liquid"
data,37.3,575,992.5,417.5,574.2,992.6,418.4,407.9,10.5,Liquid,"DATA,37.3,575,992.5,417.5,574.2,992.6,418.4,407.9,10.5,Liquid"
data,37.4,575,992.5,417.5,574.4,992.6,418.2,407.9,10.3,Liquid,"DATA,37.4,575,992.5,417.5,574.4,992.6,418.2,407.9,10.3,Liquid"
data,37.5,574,992.0,418.0,574.4,992.4,418.0,407.9,10.1,Liquid,"DATA,37.5,574,992.0,418.0,574.4,992.4,418.0,407.9,10.1,Liquid"
data,37.6,573,993.0,420.0,574.2,992.5,418.3,407.9,10.4,Liquid,"DATA,37.6,573,993.0,420.0,574.2,992.5,418.3,407.9,10.4,Liquid"
data,37.7,574,993.0,419.0,574.2,992.6,418.4,407.9,10.5,Liquid,"DATA,37.7,574,993.0,419.0,574.2,992.6,418.4,407.9,10.5,Liquid"
data,37.8,575,992.0,417.0,574.2,992.5,418.3,407.9,10.4,Liquid,"DATA,37.8,575,992.0,417.0,574.2,992.5,418.3,407.9,10.4,Liquid"
data,37.9,575,991.5,416.5,574.2,992.3,418.1,407.9,10.2,Liquid,"DATA,37.9,575,991.5,416.5,574.2,992.3,418.1,407.9,10.2,Liquid"
data,38.0,574,992.5,418.5,574.2,992.4,418.2,407.9,10.3,Liquid,"DATA,38.0,574,992.5,418.5,574.2,992.4,418.2,407.9,10.3,Liquid"
data,38.1,574,992.5,418.5,574.4,992.3,417.9,407.9,10.0,Floor,"DATA,38.1,574,992.5,418.5,574.4,992.3,417.9,407.9,10.0,Floor"
data,38.2,573,993.0,420.0,574.2,992.3,418.1,407.9,10.2,Liquid,"DATA,38.2,573,993.0,420.0,574.2,992.3,418.1,407.9,10.2,Liquid"
data,38.3,573,992.5,419.5,573.8,992.4,418.6,407.9,10.7,Liquid,"DATA,38.3,573,992.5,419.5,573.8,992.4,418.6,407.9,10.7,Liquid"
data,38.4,572,992.5,420.5,573.2,992.6,419.4,407.9,11.5,Liquid,"DATA,38.4,572,992.5,420.5,573.2,992.6,419.4,407.9,11.5,Liquid"
data,38.5,577,992.0,415.0,573.8,992.5,418.7,407.9,10.8,Liquid,"DATA,38.5,577,992.0,415.0,573.8,992.5,418.7,407.9,10.8,Liquid"
data,38.6,576,992.5,416.5,574.2,992.5,418.3,407.9,10.4,Liquid,"DATA,38.6,576,992.5,416.5,574.2,992.5,418.3,407.9,10.4,Liquid"
data,38.7,579,992.5,413.5,575.4,992.4,417.0,407.9,9.1,Floor,"DATA,38.7,579,992.5,413.5,575.4,992.4,417.0,407.9,9.1,Floor"
data,38.8,579,992.5,413.5,576.6,992.4,415.8,407.9,7.9,Floor,"DATA,38.8,579,992.5,413.5,576.6,992.4,415.8,407.9,7.9,Floor"
data,38.9,580,993.5,413.5,578.2,992.6,414.4,407.9,6.5,Floor,"DATA,38.9,580,993.5,413.5,578.2,992.6,414.4,407.9,6.5,Floor"
data,39.0,574,993.0,419.0,577.6,992.8,415.2,407.9,7.3,Floor,"DATA,39.0,574,993.0,419.0,577.6,992.8,415.2,407.9,7.3,Floor"
data,39.1,567,994.0,427.0,575.8,993.1,417.3,407.9,9.4,Floor,"DATA,39.1,567,994.0,427.0,575.8,993.1,417.3,407.9,9.4,Floor"
data,39.2,568,993.5,425.5,573.6,993.3,419.7,407.9,11.8,Liquid,"DATA,39.2,568,993.5,425.5,573.6,993.3,419.7,407.9,11.8,Liquid"
data,39.3,578,993.0,415.0,573.4,993.4,420.0,407.9,12.1,Liquid,"DATA,39.3,578,993.0,415.0,573.4,993.4,420.0,407.9,12.1,Liquid"
data,39.4,577,993.5,416.5,572.8,993.4,420.6,407.9,12.7,Liquid,"DATA,39.4,577,993.5,416.5,572.8,993.4,420.6,407.9,12.7,Liquid"
data,39.5,579,994.0,415.0,573.8,993.6,419.8,407.9,11.9,Liquid,"DATA,39.5,579,994.0,415.0,573.8,993.6,419.8,407.9,11.9,Liquid"
data,39.6,575,994.0,419.0,575.4,993.6,418.2,407.9,10.3,Liquid,"DATA,39.6,575,994.0,419.0,575.4,993.6,418.2,407.9,10.3,Liquid"
data,39.7,576,993.5,417.5,577.0,993.6,416.6,407.9,8.7,Floor,"DATA,39.7,576,993.5,417.5,577.0,993.6,416.6,407.9,8.7,Floor"
data,39.8,577,993.5,416.5,576.8,993.7,416.9,407.9,9.0,Floor,"DATA,39.8,577,993.5,416.5,576.8,993.7,416.9,407.9,9.0,Floor"
data,39.9,578,993.5,415.5,577.0,993.7,416.7,407.9,8.8,Floor,"DATA,39.9,578,993.5,415.5,577.0,993.7,416.7,407.9,8.8,Floor"
data,40.0,580,994.0,414.0,577.2,993.7,416.5,407.9,8.6,Floor,"DATA,40.0,580,994.0,414.0,577.2,993.7,416.5,407.9,8.6,Floor"
data,40.1,579,993.0,414.0,578.0,993.5,415.5,407.9,7.6,Floor,"DATA,40.1,579,993.0,414.0,578.0,993.5,415.5,407.9,7.6,Floor"
data,40.2,577,993.5,416.5,578.2,993.5,415.3,407.9,7.4,Floor,"DATA,40.2,577,993.5,416.5,578.2,993.5,415.3,407.9,7.4,Floor"
data,40.3,577,993.5,416.5,578.2,993.5,415.3,407.9,7.4,Floor,"DATA,40.3,577,993.5,416.5,578.2,993.5,415.3,407.9,7.4,Floor"
data,40.4,574,993.5,419.5,577.4,993.5,416.1,407.9,8.2,Floor,"DATA,40.4,574,993.5,419.5,577.4,993.5,416.1,407.9,8.2,Floor"
data,40.5,569,993.5,424.5,575.2,993.4,418.2,407.9,10.3,Liquid,"DATA,40.5,569,993.5,424.5,575.2,993.4,418.2,407.9,10.3,Liquid"
data,40.6,571,994.0,423.0,573.6,993.6,420.0,407.9,12.1,Liquid,"DATA,40.6,571,994.0,423.0,573.6,993.6,420.0,407.9,12.1,Liquid"
data,40.7,569,994.0,425.0,572.0,993.7,421.7,407.9,13.8,Liquid,"DATA,40.7,569,994.0,425.0,572.0,993.7,421.7,407.9,13.8,Liquid"
data,40.8,577,993.5,416.5,572.0,993.7,421.7,407.9,13.8,Liquid,"DATA,40.8,577,993.5,416.5,572.0,993.7,421.7,407.9,13.8,Liquid"
data,40.9,574,993.0,419.0,572.0,993.6,421.6,407.9,13.7,Liquid,"DATA,40.9,574,993.0,419.0,572.0,993.6,421.6,407.9,13.7,Liquid"
data,41.0,575,992.5,417.5,573.2,993.4,420.2,407.9,12.3,Liquid,"DATA,41.0,575,992.5,417.5,573.2,993.4,420.2,407.9,12.3,Liquid"
data,41.1,578,993.5,415.5,574.6,993.3,418.7,407.9,10.8,Liquid,"DATA,41.1,578,993.5,415.5,574.6,993.3,418.7,407.9,10.8,Liquid"
data,41.2,578,993.5,415.5,576.4,993.2,416.8,407.9,8.9,Floor,"DATA,41.2,578,993.5,415.5,576.4,993.2,416.8,407.9,8.9,Floor"
data,41.3,579,993.0,414.0,576.8,993.1,416.3,407.9,8.4,Floor,"DATA,41.3,579,993.0,414.0,576.8,993.1,416.3,407.9,8.4,Floor"
data,41.4,581,993.0,412.0,578.2,993.1,414.9,407.9,7.0,Floor,"DATA,41.4,581,993.0,412.0,578.2,993.1,414.9,407.9,7.0,Floor"
data,41.5,580,993.0,413.0,579.2,993.2,414.0,407.9,6.1,Floor,"DATA,41.5,580,993.0,413.0,579.2,993.2,414.0,407.9,6.1,Floor"
data,41.6,580,993.0,413.0,579.6,993.1,413.5,407.9,5.6,Floor,"DATA,41.6,580,993.0,413.0,579.6,993.1,413.5,407.9,5.6,Floor"
data,41.7,580,993.5,413.5,580.0,993.1,413.1,407.9,5.2,Floor,"DATA,41.7,580,993.5,413.5,580.0,993.1,413.1,407.9,5.2,Floor"
data,41.8,581,993.0,412.0,580.4,993.1,412.7,407.9,4.8,Floor,"DATA,41.8,581,993.0,412.0,580.4,993.1,412.7,407.9,4.8,Floor"
data,41.9,580,993.5,413.5,580.2,993.2,413.0,407.9,5.1,Floor,"DATA,41.9,580,993.5,413.5,580.2,993.2,413.0,407.9,5.1,Floor"
data,42.0,578,993.0,415.0,579.8,993.2,413.4,407.9,5.5,Floor,"DATA,42.0,578,993.0,415.0,579.8,993.2,413.4,407.9,5.5,Floor"
data,42.1,577,994.0,417.0,579.2,993.4,414.2,407.9,6.3,Floor,"DATA,42.1,577,994.0,417.0,579.2,993.4,414.2,407.9,6.3,Floor"
data,42.2,579,993.0,414.0,579.0,993.3,414.3,407.9,6.4,Floor,"DATA,42.2,579,993.0,414.0,579.0,993.3,414.3,407.9,6.4,Floor"
data,42.3,578,994.0,416.0,578.4,993.5,415.1,407.9,7.2,Floor,"DATA,42.3,578,994.0,416.0,578.4,993.5,415.1,407.9,7.2,Floor"
data,42.4,577,993.5,416.5,577.8,993.5,415.7,407.9,7.8,Floor,"DATA,42.4,577,993.5,416.5,577.8,993.5,415.7,407.9,7.8,Floor"
data,42.5,577,993.5,416.5,577.6,993.6,416.0,407.9,8.1,Floor,"DATA,42.5,577,993.5,416.5,577.6,993.6,416.0,407.9,8.1,Floor"
data,42.6,576,993.5,417.5,577.4,993.5,416.1,407.9,8.2,Floor,"DATA,42.6,576,993.5,417.5,577.4,993.5,416.1,407.9,8.2,Floor"
data,42.7,577,993.5,416.5,577.0,993.6,416.6,407.9,8.7,Floor,"DATA,42.7,577,993.5,416.5,577.0,993.6,416.6,407.9,8.7,Floor"
data,42.8,576,994.0,418.0,576.6,993.6,417.0,407.9,9.1,Floor,"DATA,42.8,576,994.0,418.0,576.6,993.6,417.0,407.9,9.1,Floor"
data,42.9,577,993.0,416.0,576.6,993.5,416.9,407.9,9.0,Floor,"DATA,42.9,577,993.0,416.0,576.6,993.5,416.9,407.9,9.0,Floor"
data,43.0,577,993.5,416.5,576.6,993.5,416.9,407.9,9.0,Floor,"DATA,43.0,577,993.5,416.5,576.6,993.5,416.9,407.9,9.0,Floor"
data,43.1,576,994.0,418.0,576.6,993.6,417.0,407.9,9.1,Floor,"DATA,43.1,576,994.0,418.0,576.6,993.6,417.0,407.9,9.1,Floor"
data,43.2,578,993.0,415.0,576.8,993.5,416.7,407.9,8.8,Floor,"DATA,43.2,578,993.0,415.0,576.8,993.5,416.7,407.9,8.8,Floor"
data,43.3,577,993.5,416.5,577.0,993.4,416.4,407.9,8.5,Floor,"DATA,43.3,577,993.5,416.5,577.0,993.4,416.4,407.9,8.5,Floor"
data,43.4,577,994.0,417.0,577.0,993.6,416.6,407.9,8.7,Floor,"DATA,43.4,577,994.0,417.0,577.0,993.6,416.6,407.9,8.7,Floor"
data,43.5,579,993.0,414.0,577.4,993.5,416.1,407.9,8.2,Floor,"DATA,43.5,579,993.0,414.0,577.4,993.5,416.1,407.9,8.2,Floor"
data,43.6,578,993.5,415.5,577.8,993.4,415.6,407.9,7.7,Floor,"DATA,43.6,578,993.5,415.5,577.8,993.4,415.6,407.9,7.7,Floor"
data,43.7,578,993.0,415.0,577.8,993.4,415.6,407.9,7.7,Floor,"DATA,43.7,578,993.0,415.0,577.8,993.4,415.6,407.9,7.7,Floor"
data,43.8,577,994.0,417.0,577.8,993.5,415.7,407.9,7.8,Floor,"DATA,43.8,577,994.0,417.0,577.8,993.5,415.7,407.9,7.8,Floor"
data,43.9,577,994.0,417.0,577.8,993.5,415.7,407.9,7.8,Floor,"DATA,43.9,577,994.0,417.0,577.8,993.5,415.7,407.9,7.8,Floor"
data,44.0,589,993.0,404.0,579.8,993.5,413.7,407.9,5.8,Floor,"DATA,44.0,589,993.0,404.0,579.8,993.5,413.7,407.9,5.8,Floor"
data,44.1,597,993.0,396.0,583.6,993.4,409.8,407.9,1.9,Floor,"DATA,44.1,597,993.0,396.0,583.6,993.4,409.8,407.9,1.9,Floor"
data,44.2,590,992.5,402.5,586.0,993.3,407.3,407.9,0.6,Floor,"DATA,44.2,590,992.5,402.5,586.0,993.3,407.3,407.9,0.6,Floor"
data,44.3,570,993.5,423.5,584.6,993.2,408.6,407.9,0.7,Floor,"DATA,44.3,570,993.5,423.5,584.6,993.2,408.6,407.9,0.7,Floor"
data,44.4,564,993.0,429.0,582.0,993.0,411.0,407.9,3.1,Floor,"DATA,44.4,564,993.0,429.0,582.0,993.0,411.0,407.9,3.1,Floor"
data,44.5,566,993.0,427.0,577.4,993.0,415.6,407.9,7.7,Floor,"DATA,44.5,566,993.0,427.0,577.4,993.0,415.6,407.9,7.7,Floor"
data,44.6,568,993.5,425.5,571.6,993.1,421.5,407.9,13.6,Liquid,"DATA,44.6,568,993.5,425.5,571.6,993.1,421.5,407.9,13.6,Liquid"
data,44.7,567,993.5,426.5,567.0,993.3,426.3,407.9,18.4,Liquid,"DATA,44.7,567,993.5,426.5,567.0,993.3,426.3,407.9,18.4,Liquid"
data,44.8,568,992.5,424.5,566.6,993.1,426.5,407.9,18.6,Liquid,"DATA,44.8,568,992.5,424.5,566.6,993.1,426.5,407.9,18.6,Liquid"
data,44.9,570,992.5,422.5,567.8,993.0,425.2,407.9,17.3,Liquid,"DATA,44.9,570,992.5,422.5,567.8,993.0,425.2,407.9,17.3,Liquid"
data,45.0,569,992.5,423.5,568.4,992.9,424.5,407.9,16.6,Liquid,"DATA,45.0,569,992.5,423.5,568.4,992.9,424.5,407.9,16.6,Liquid"
data,45.1,570,993.0,423.0,568.8,992.8,424.0,407.9,16.1,Liquid,"DATA,45.1,570,993.0,423.0,568.8,992.8,424.0,407.9,16.1,Liquid"
data,45.2,570,993.0,423.0,569.4,992.7,423.3,407.9,15.4,Liquid,"DATA,45.2,570,993.0,423.0,569.4,992.7,423.3,407.9,15.4,Liquid"
data,45.3,569,993.0,424.0,569.6,992.8,423.2,407.9,15.3,Liquid,"DATA,45.3,569,993.0,424.0,569.6,992.8,423.2,407.9,15.3,Liquid"
data,45.4,570,992.5,422.5,569.6,992.8,423.2,407.9,15.3,Liquid,"DATA,45.4,570,992.5,422.5,569.6,992.8,423.2,407.9,15.3,Liquid"
data,45.5,571,992.0,421.0,570.0,992.7,422.7,407.9,14.8,Liquid,"DATA,45.5,571,992.0,421.0,570.0,992.7,422.7,407.9,14.8,Liquid"
data,45.6,569,992.5,423.5,569.8,992.6,422.8,407.9,14.9,Liquid,"DATA,45.6,569,992.5,423.5,569.8,992.6,422.8,407.9,14.9,Liquid"
data,45.7,570,992.5,422.5,569.8,992.5,422.7,407.9,14.8,Liquid,"DATA,45.7,570,992.5,422.5,569.8,992.5,422.7,407.9,14.8,Liquid"
data,45.8,570,992.5,422.5,570.0,992.4,422.4,407.9,14.5,Liquid,"DATA,45.8,570,992.5,422.5,570.0,992.4,422.4,407.9,14.5,Liquid"
data,45.9,570,993.0,423.0,570.0,992.5,422.5,407.9,14.6,Liquid,"DATA,45.9,570,993.0,423.0,570.0,992.5,422.5,407.9,14.6,Liquid"
data,46.0,571,992.0,421.0,570.0,992.5,422.5,407.9,14.6,Liquid,"DATA,46.0,571,992.0,421.0,570.0,992.5,422.5,407.9,14.6,Liquid"
data,46.1,571,992.5,421.5,570.4,992.5,422.1,407.9,14.2,Liquid,"DATA,46.1,571,992.5,421.5,570.4,992.5,422.1,407.9,14.2,Liquid"
data,46.2,571,992.5,421.5,570.6,992.5,421.9,407.9,14.0,Liquid,"DATA,46.2,571,992.5,421.5,570.6,992.5,421.9,407.9,14.0,Liquid"
data,46.3,570,993.0,423.0,570.6,992.6,422.0,407.9,14.1,Liquid,"DATA,46.3,570,993.0,423.0,570.6,992.6,422.0,407.9,14.1,Liquid"
data,46.4,569,993.0,424.0,570.4,992.6,422.2,407.9,14.3,Liquid,"DATA,46.4,569,993.0,424.0,570.4,992.6,422.2,407.9,14.3,Liquid"
data,46.5,570,993.0,423.0,570.2,992.8,422.6,407.9,14.7,Liquid,"DATA,46.5,570,993.0,423.0,570.2,992.8,422.6,407.9,14.7,Liquid"
data,46.6,570,992.5,422.5,570.0,992.8,422.8,407.9,14.9,Liquid,"DATA,46.6,570,992.5,422.5,570.0,992.8,422.8,407.9,14.9,Liquid"
data,46.7,569,993.0,424.0,569.6,992.9,423.3,407.9,15.4,Liquid,"DATA,46.7,569,993.0,424.0,569.6,992.9,423.3,407.9,15.4,Liquid"
data,46.8,569,993.5,424.5,569.4,993.0,423.6,407.9,15.7,Liquid,"DATA,46.8,569,993.5,424.5,569.4,993.0,423.6,407.9,15.7,Liquid"
data,46.9,569,993.5,424.5,569.4,993.1,423.7,407.9,15.8,Liquid,"DATA,46.9,569,993.5,424.5,569.4,993.1,423.7,407.9,15.8,Liquid"
data,47.0,570,993.0,423.0,569.4,993.1,423.7,407.9,15.8,Liquid,"DATA,47.0,570,993.0,423.0,569.4,993.1,423.7,407.9,15.8,Liquid"
data,47.1,569,992.5,423.5,569.2,993.1,423.9,407.9,16.0,Liquid,"DATA,47.1,569,992.5,423.5,569.2,993.1,423.9,407.9,16.0,Liquid"
data,47.2,569,992.5,423.5,569.2,993.0,423.8,407.9,15.9,Liquid,"DATA,47.2,569,992.5,423.5,569.2,993.0,423.8,407.9,15.9,Liquid"
data,47.3,569,993.0,424.0,569.2,992.9,423.7,407.9,15.8,Liquid,"DATA,47.3,569,993.0,424.0,569.2,992.9,423.7,407.9,15.8,Liquid"
data,47.4,569,993.0,424.0,569.2,992.8,423.6,407.9,15.7,Liquid,"DATA,47.4,569,993.0,424.0,569.2,992.8,423.6,407.9,15.7,Liquid"
data,47.5,570,992.5,422.5,569.2,992.7,423.5,407.9,15.6,Liquid,"DATA,47.5,570,992.5,422.5,569.2,992.7,423.5,407.9,15.6,Liquid"
data,47.6,571,992.5,421.5,569.6,992.7,423.1,407.9,15.2,Liquid,"DATA,47.6,571,992.5,421.5,569.6,992.7,423.1,407.9,15.2,Liquid"
data,47.7,571,992.5,421.5,570.0,992.7,422.7,407.9,14.8,Liquid,"DATA,47.7,571,992.5,421.5,570.0,992.7,422.7,407.9,14.8,Liquid"
data,47.8,571,992.0,421.0,570.4,992.5,422.1,407.9,14.2,Liquid,"DATA,47.8,571,992.0,421.0,570.4,992.5,422.1,407.9,14.2,Liquid"
data,47.9,569,992.5,423.5,570.4,992.4,422.0,407.9,14.1,Liquid,"DATA,47.9,569,992.5,423.5,570.4,992.4,422.0,407.9,14.1,Liquid"
data,48.0,570,993.0,423.0,570.4,992.5,422.1,407.9,14.2,Liquid,"DATA,48.0,570,993.0,423.0,570.4,992.5,422.1,407.9,14.2,Liquid"
data,48.1,570,993.0,423.0,570.2,992.6,422.4,407.9,14.5,Liquid,"DATA,48.1,570,993.0,423.0,570.2,992.6,422.4,407.9,14.5,Liquid"
data,48.2,571,992.5,421.5,570.2,992.6,422.4,407.9,14.5,Liquid,"DATA,48.2,571,992.5,421.5,570.2,992.6,422.4,407.9,14.5,Liquid"
data,48.3,572,992.5,420.5,570.4,992.7,422.3,407.9,14.4,Liquid,"DATA,48.3,572,992.5,420.5,570.4,992.7,422.3,407.9,14.4,Liquid"
data,48.4,572,992.5,420.5,571.0,992.7,421.7,407.9,13.8,Liquid,"DATA,48.4,572,992.5,420.5,571.0,992.7,421.7,407.9,13.8,Liquid"
data,48.5,572,993.0,421.0,571.4,992.7,421.3,407.9,13.4,Liquid,"DATA,48.5,572,993.0,421.0,571.4,992.7,421.3,407.9,13.4,Liquid"
data,48.6,572,993.5,421.5,571.8,992.8,421.0,407.9,13.1,Liquid,"DATA,48.6,572,993.5,421.5,571.8,992.8,421.0,407.9,13.1,Liquid"
data,48.7,569,993.0,424.0,571.4,992.9,421.5,407.9,13.6,Liquid,"DATA,48.7,569,993.0,424.0,571.4,992.9,421.5,407.9,13.6,Liquid"
data,48.8,569,993.0,424.0,570.8,993.0,422.2,407.9,14.3,Liquid,"DATA,48.8,569,993.0,424.0,570.8,993.0,422.2,407.9,14.3,Liquid"
data,48.9,568,993.0,425.0,570.0,993.1,423.1,407.9,15.2,Liquid,"DATA,48.9,568,993.0,425.0,570.0,993.1,423.1,407.9,15.2,Liquid"
data,49.0,557,993.5,436.5,567.0,993.2,426.2,407.9,18.3,Liquid,"DATA,49.0,557,993.5,436.5,567.0,993.2,426.2,407.9,18.3,Liquid"
data,49.1,497,995.5,498.5,552.0,993.6,441.6,407.9,33.7,Liquid,"DATA,49.1,497,995.5,498.5,552.0,993.6,441.6,407.9,33.7,Liquid"
data,49.2,438,996.5,558.5,525.8,994.3,468.5,407.9,60.6,Liquid,"DATA,49.2,438,996.5,558.5,525.8,994.3,468.5,407.9,60.6,Liquid"
data,49.3,446,996.0,550.0,501.2,994.9,493.7,407.9,85.8,Liquid,"DATA,49.3,446,996.0,550.0,501.2,994.9,493.7,407.9,85.8,Liquid"
data,49.4,455,995.5,540.5,478.6,995.4,516.8,407.9,108.9,Liquid,"DATA,49.4,455,995.5,540.5,478.6,995.4,516.8,407.9,108.9,Liquid"
data,49.5,611,992.0,381.0,489.4,995.1,505.7,407.9,97.8,Liquid,"DATA,49.5,611,992.0,381.0,489.4,995.1,505.7,407.9,97.8,Liquid"
data,49.6,591,992.5,401.5,508.2,994.5,486.3,407.9,78.4,Liquid,"DATA,49.6,591,992.5,401.5,508.2,994.5,486.3,407.9,78.4,Liquid"
data,49.7,581,992.5,411.5,536.8,993.7,456.9,407.9,49.0,Liquid,"DATA,49.7,581,992.5,411.5,536.8,993.7,456.9,407.9,49.0,Liquid"
data,49.8,580,993.0,413.0,563.6,993.1,429.5,407.9,21.6,Liquid,"DATA,49.8,580,993.0,413.0,563.6,993.1,429.5,407.9,21.6,Liquid"
data,49.9,577,993.5,416.5,588.0,992.7,404.7,407.9,3.2,Floor,"DATA,49.9,577,993.5,416.5,588.0,992.7,404.7,407.9,3.2,Floor"
data,50.0,579,992.5,413.5,581.6,992.8,411.2,407.9,3.3,Floor,"DATA,50.0,579,992.5,413.5,581.6,992.8,411.2,407.9,3.3,Floor"
data,50.1,579,993.0,414.0,579.2,992.9,413.7,407.9,5.8,Floor,"DATA,50.1,579,993.0,414.0,579.2,992.9,413.7,407.9,5.8,Floor"
data,50.2,578,992.5,414.5,578.6,992.9,414.3,407.9,6.4,Floor,"DATA,50.2,578,992.5,414.5,578.6,992.9,414.3,407.9,6.4,Floor"
data,50.3,580,993.5,413.5,578.6,993.0,414.4,407.9,6.5,Floor,"DATA,50.3,580,993.5,413.5,578.6,993.0,414.4,407.9,6.5,Floor"
data,50.4,582,992.5,410.5,579.6,992.8,413.2,407.9,5.3,Floor,"DATA,50.4,582,992.5,410.5,579.6,992.8,413.2,407.9,5.3,Floor"
data,50.5,582,994.0,412.0,580.2,993.1,412.9,407.9,5.0,Floor,"DATA,50.5,582,994.0,412.0,580.2,993.1,412.9,407.9,5.0,Floor"
data,50.6,582,993.5,411.5,580.8,993.2,412.4,407.9,4.5,Floor,"DATA,50.6,582,993.5,411.5,580.8,993.2,412.4,407.9,4.5,Floor"
data,50.7,583,993.5,410.5,581.8,993.4,411.6,407.9,3.7,Floor,"DATA,50.7,583,993.5,410.5,581.8,993.4,411.6,407.9,3.7,Floor"
data,50.8,584,993.5,409.5,582.6,993.4,410.8,407.9,2.9,Floor,"DATA,50.8,584,993.5,409.5,582.6,993.4,410.8,407.9,2.9,Floor"
data,50.9,583,993.5,410.5,582.8,993.6,410.8,407.9,2.9,Floor,"DATA,50.9,583,993.5,410.5,582.8,993.6,410.8,407.9,2.9,Floor"
data,51.0,586,993.0,407.0,583.6,993.4,409.8,407.9,1.9,Floor,"DATA,51.0,586,993.0,407.0,583.6,993.4,409.8,407.9,1.9,Floor"
data,51.1,585,993.0,408.0,584.2,993.3,409.1,407.9,1.2,Floor,"DATA,51.1,585,993.0,408.0,584.2,993.3,409.1,407.9,1.2,Floor"
data,51.2,586,993.5,407.5,584.8,993.3,408.5,407.9,0.6,Floor,"DATA,51.2,586,993.5,407.5,584.8,993.3,408.5,407.9,0.6,Floor"
data,51.3,586,993.5,407.5,585.2,993.3,408.1,407.9,0.2,Floor,"DATA,51.3,586,993.5,407.5,585.2,993.3,408.1,407.9,0.2,Floor"
data,51.4,584,993.5,409.5,585.4,993.3,407.9,407.9,0.0,Floor,"DATA,51.4,584,993.5,409.5,585.4,993.3,407.9,407.9,0.0,Floor"
data,51.5,586,992.5,406.5,585.4,993.2,407.8,407.9,0.1,Floor,"DATA,51.5,586,992.5,406.5,585.4,993.2,407.8,407.9,0.1,Floor"
data,51.6,583,994.0,411.0,585.0,993.4,408.4,407.9,0.5,Floor,"DATA,51.6,583,994.0,411.0,585.0,993.4,408.4,407.9,0.5,Floor"
data,51.7,584,993.0,409.0,584.6,993.3,408.7,407.9,0.8,Floor,"DATA,51.7,584,993.0,409.0,584.6,993.3,408.7,407.9,0.8,Floor"
data,51.8,584,993.0,409.0,584.2,993.2,409.0,407.9,1.1,Floor,"DATA,51.8,584,993.0,409.0,584.2,993.2,409.0,407.9,1.1,Floor"
data,51.9,583,994.0,411.0,584.0,993.3,409.3,407.9,1.4,Floor,"DATA,51.9,583,994.0,411.0,584.0,993.3,409.3,407.9,1.4,Floor"
data,52.0,584,993.5,409.5,583.6,993.5,409.9,407.9,2.0,Floor,"DATA,52.0,584,993.5,409.5,583.6,993.5,409.9,407.9,2.0,Floor"
data,52.1,584,993.5,409.5,583.8,993.4,409.6,407.9,1.7,Floor,"DATA,52.1,584,993.5,409.5,583.8,993.4,409.6,407.9,1.7,Floor"
data,52.2,584,993.5,409.5,583.8,993.5,409.7,407.9,1.8,Floor,"DATA,52.2,584,993.5,409.5,583.8,993.5,409.7,407.9,1.8,Floor"
data,52.3,584,993.5,409.5,583.8,993.6,409.8,407.9,1.9,Floor,"DATA,52.3,584,993.5,409.5,583.8,993.6,409.8,407.9,1.9,Floor"
data,52.4,584,993.0,409.0,584.0,993.4,409.4,407.9,1.5,Floor,"DATA,52.4,584,993.0,409.0,584.0,993.4,409.4,407.9,1.5,Floor"
data,52.5,584,993.5,409.5,584.0,993.4,409.4,407.9,1.5,Floor,"DATA,52.5,584,993.5,409.5,584.0,993.4,409.4,407.9,1.5,Floor"
data,52.6,584,993.0,409.0,584.0,993.3,409.3,407.9,1.4,Floor,"DATA,52.6,584,993.0,409.0,584.0,993.3,409.3,407.9,1.4,Floor"
data,52.7,585,993.5,408.5,584.2,993.3,409.1,407.9,1.2,Floor,"DATA,52.7,585,993.5,408.5,584.2,993.3,409.1,407.9,1.2,Floor"
data,52.8,584,993.5,409.5,584.2,993.3,409.1,407.9,1.2,Floor,"DATA,52.8,584,993.5,409.5,584.2,993.3,409.1,407.9,1.2,Floor"
data,52.9,585,993.0,408.0,584.4,993.3,408.9,407.9,1.0,Floor,"DATA,52.9,585,993.0,408.0,584.4,993.3,408.9,407.9,1.0,Floor"
data,53.0,584,993.0,409.0,584.4,993.2,408.8,407.9,0.9,Floor,"DATA,53.0,584,993.0,409.0,584.4,993.2,408.8,407.9,0.9,Floor"
data,53.1,585,993.0,408.0,584.6,993.2,408.6,407.9,0.7,Floor,"DATA,53.1,585,993.0,408.0,584.6,993.2,408.6,407.9,0.7,Floor"
data,53.2,586,993.0,407.0,584.8,993.1,408.3,407.9,0.4,Floor,"DATA,53.2,586,993.0,407.0,584.8,993.1,408.3,407.9,0.4,Floor"
data,53.3,585,993.5,408.5,585.0,993.1,408.1,407.9,0.2,Floor,"DATA,53.3,585,993.5,408.5,585.0,993.1,408.1,407.9,0.2,Floor"
data,53.4,586,992.5,406.5,585.2,993.0,407.8,407.9,0.1,Floor,"DATA,53.4,586,992.5,406.5,585.2,993.0,407.8,407.9,0.1,Floor"
data,53.5,585,993.5,408.5,585.4,993.1,407.7,407.9,0.2,Floor,"DATA,53.5,585,993.5,408.5,585.4,993.1,407.7,407.9,0.2,Floor"
data,53.6,586,993.0,407.0,585.6,993.1,407.5,407.9,0.4,Floor,"DATA,53.6,586,993.0,407.0,585.6,993.1,407.5,407.9,0.4,Floor"
data,53.7,585,993.5,408.5,585.4,993.2,407.8,407.9,0.1,Floor,"DATA,53.7,585,993.5,408.5,585.4,993.2,407.8,407.9,0.1,Floor"
data,53.8,585,993.5,408.5,585.4,993.2,407.8,407.9,0.1,Floor,"DATA,53.8,585,993.5,408.5,585.4,993.2,407.8,407.9,0.1,Floor"
data,53.9,585,993.0,408.0,585.2,993.3,408.1,407.9,0.2,Floor,"DATA,53.9,585,993.0,408.0,585.2,993.3,408.1,407.9,0.2,Floor"
data,54.0,584,994.0,410.0,585.0,993.4,408.4,407.9,0.5,Floor,"DATA,54.0,584,994.0,410.0,585.0,993.4,408.4,407.9,0.5,Floor"
data,54.1,585,994.0,409.0,584.8,993.6,408.8,407.9,0.9,Floor,"DATA,54.1,585,994.0,409.0,584.8,993.6,408.8,407.9,0.9,Floor"
data,54.2,585,993.5,408.5,584.8,993.6,408.8,407.9,0.9,Floor,"DATA,54.2,585,993.5,408.5,584.8,993.6,408.8,407.9,0.9,Floor"
data,54.3,584,993.5,409.5,584.6,993.6,409.0,407.9,1.1,Floor,"DATA,54.3,584,993.5,409.5,584.6,993.6,409.0,407.9,1.1,Floor"
data,54.4,586,993.5,407.5,584.8,993.7,408.9,407.9,1.0,Floor,"DATA,54.4,586,993.5,407.5,584.8,993.7,408.9,407.9,1.0,Floor"
data,54.5,587,993.5,406.5,585.4,993.6,408.2,407.9,0.3,Floor,"DATA,54.5,587,993.5,406.5,585.4,993.6,408.2,407.9,0.3,Floor"
data,54.6,583,993.0,410.0,585.0,993.4,408.4,407.9,0.5,Floor,"DATA,54.6,583,993.0,410.0,585.0,993.4,408.4,407.9,0.5,Floor"
data,54.7,579,994.0,415.0,583.8,993.5,409.7,407.9,1.8,Floor,"DATA,54.7,579,994.0,415.0,583.8,993.5,409.7,407.9,1.8,Floor"
data,54.8,578,994.5,416.5,582.6,993.7,411.1,407.9,3.2,Floor,"DATA,54.8,578,994.5,416.5,582.6,993.7,411.1,407.9,3.2,Floor"
data,54.9,577,993.5,416.5,580.8,993.7,412.9,407.9,5.0,Floor,"DATA,54.9,577,993.5,416.5,580.8,993.7,412.9,407.9,5.0,Floor"
data,55.0,577,994.0,417.0,578.8,993.8,415.0,407.9,7.1,Floor,"DATA,55.0,577,994.0,417.0,578.8,993.8,415.0,407.9,7.1,Floor"
data,55.1,579,994.0,415.0,578.0,994.0,416.0,407.9,8.1,Floor,"DATA,55.1,579,994.0,415.0,578.0,994.0,416.0,407.9,8.1,Floor"
data,55.2,577,994.0,417.0,577.6,994.0,416.4,407.9,8.5,Floor,"DATA,55.2,577,994.0,417.0,577.6,994.0,416.4,407.9,8.5,Floor"
data,55.3,576,994.5,418.5,577.2,994.0,416.8,407.9,8.9,Floor,"DATA,55.3,576,994.5,418.5,577.2,994.0,416.8,407.9,8.9,Floor"
data,55.4,577,994.0,417.0,577.2,994.1,416.9,407.9,9.0,Floor,"DATA,55.4,577,994.0,417.0,577.2,994.1,416.9,407.9,9.0,Floor"
data,55.5,575,994.5,419.5,576.8,994.2,417.4,407.9,9.5,Floor,"DATA,55.5,575,994.5,419.5,576.8,994.2,417.4,407.9,9.5,Floor"
data,55.6,575,994.0,419.0,576.0,994.2,418.2,407.9,10.3,Liquid,"DATA,55.6,575,994.0,419.0,576.0,994.2,418.2,407.9,10.3,Liquid"
data,55.7,575,994.5,419.5,575.6,994.3,418.7,407.9,10.8,Liquid,"DATA,55.7,575,994.5,419.5,575.6,994.3,418.7,407.9,10.8,Liquid"
data,55.8,575,994.0,419.0,575.4,994.2,418.8,407.9,10.9,Liquid,"DATA,55.8,575,994.0,419.0,575.4,994.2,418.8,407.9,10.9,Liquid"
data,55.9,576,994.0,418.0,575.2,994.2,419.0,407.9,11.1,Liquid,"DATA,55.9,576,994.0,418.0,575.2,994.2,419.0,407.9,11.1,Liquid"
data,56.0,576,994.0,418.0,575.4,994.1,418.7,407.9,10.8,Liquid,"DATA,56.0,576,994.0,418.0,575.4,994.1,418.7,407.9,10.8,Liquid"
data,56.1,574,994.5,420.5,575.2,994.2,419.0,407.9,11.1,Liquid,"DATA,56.1,574,994.5,420.5,575.2,994.2,419.0,407.9,11.1,Liquid"
data,56.2,573,994.5,421.5,574.8,994.2,419.4,407.9,11.5,Liquid,"DATA,56.2,573,994.5,421.5,574.8,994.2,419.4,407.9,11.5,Liquid"
data,56.3,573,994.5,421.5,574.4,994.3,419.9,407.9,12.0,Liquid,"DATA,56.3,573,994.5,421.5,574.4,994.3,419.9,407.9,12.0,Liquid"
data,56.4,574,994.0,420.0,574.0,994.3,420.3,407.9,12.4,Liquid,"DATA,56.4,574,994.0,420.0,574.0,994.3,420.3,407.9,12.4,Liquid"
data,56.5,574,994.0,420.0,573.6,994.3,420.7,407.9,12.8,Liquid,"DATA,56.5,574,994.0,420.0,573.6,994.3,420.7,407.9,12.8,Liquid"
data,56.6,574,993.5,419.5,573.6,994.1,420.5,407.9,12.6,Liquid,"DATA,56.6,574,993.5,419.5,573.6,994.1,420.5,407.9,12.6,Liquid"
data,56.7,574,993.5,419.5,573.8,993.9,420.1,407.9,12.2,Liquid,"DATA,56.7,574,993.5,419.5,573.8,993.9,420.1,407.9,12.2,Liquid"
data,56.8,574,994.0,420.0,574.0,993.8,419.8,407.9,11.9,Liquid,"DATA,56.8,574,994.0,420.0,574.0,993.8,419.8,407.9,11.9,Liquid"
data,56.9,573,994.5,421.5,573.8,993.9,420.1,407.9,12.2,Liquid,"DATA,56.9,573,994.5,421.5,573.8,993.9,420.1,407.9,12.2,Liquid"
data,57.0,573,994.5,421.5,573.6,994.0,420.4,407.9,12.5,Liquid,"DATA,57.0,573,994.5,421.5,573.6,994.0,420.4,407.9,12.5,Liquid"
data,57.1,573,993.5,420.5,573.4,994.0,420.6,407.9,12.7,Liquid,"DATA,57.1,573,993.5,420.5,573.4,994.0,420.6,407.9,12.7,Liquid"
data,57.2,573,994.0,421.0,573.2,994.1,420.9,407.9,13.0,Liquid,"DATA,57.2,573,994.0,421.0,573.2,994.1,420.9,407.9,13.0,Liquid"
data,57.3,573,994.0,421.0,573.0,994.1,421.1,407.9,13.2,Liquid,"DATA,57.3,573,994.0,421.0,573.0,994.1,421.1,407.9,13.2,Liquid"
data,57.4,572,994.0,422.0,572.8,994.0,421.2,407.9,13.3,Liquid,"DATA,57.4,572,994.0,422.0,572.8,994.0,421.2,407.9,13.3,Liquid"
data,57.5,574,994.5,420.5,573.0,994.0,421.0,407.9,13.1,Liquid,"DATA,57.5,574,994.5,420.5,573.0,994.0,421.0,407.9,13.1,Liquid"
data,57.6,574,994.0,420.0,573.2,994.1,420.9,407.9,13.0,Liquid,"DATA,57.6,574,994.0,420.0,573.2,994.1,420.9,407.9,13.0,Liquid"
data,57.7,574,993.5,419.5,573.4,994.0,420.6,407.9,12.7,Liquid,"DATA,57.7,574,993.5,419.5,573.4,994.0,420.6,407.9,12.7,Liquid"
data,57.8,573,994.5,421.5,573.4,994.1,420.7,407.9,12.8,Liquid,"DATA,57.8,573,994.5,421.5,573.4,994.1,420.7,407.9,12.8,Liquid"
data,57.9,573,994.5,421.5,573.6,994.2,420.6,407.9,12.7,Liquid,"DATA,57.9,573,994.5,421.5,573.6,994.2,420.6,407.9,12.7,Liquid"
data,58.0,573,994.5,421.5,573.4,994.2,420.8,407.9,12.9,Liquid,"DATA,58.0,573,994.5,421.5,573.4,994.2,420.8,407.9,12.9,Liquid"
data,58.1,574,994.0,420.0,573.4,994.2,420.8,407.9,12.9,Liquid,"DATA,58.1,574,994.0,420.0,573.4,994.2,420.8,407.9,12.9,Liquid"
data,58.2,574,994.0,420.0,573.4,994.3,420.9,407.9,13.0,Liquid,"DATA,58.2,574,994.0,420.0,573.4,994.3,420.9,407.9,13.0,Liquid"
data,58.3,573,994.0,421.0,573.4,994.2,420.8,407.9,12.9,Liquid,"DATA,58.3,573,994.0,421.0,573.4,994.2,420.8,407.9,12.9,Liquid"
data,58.4,573,994.5,421.5,573.4,994.2,420.8,407.9,12.9,Liquid,"DATA,58.4,573,994.5,421.5,573.4,994.2,420.8,407.9,12.9,Liquid"
data,58.5,573,994.5,421.5,573.4,994.2,420.8,407.9,12.9,Liquid,"DATA,58.5,573,994.5,421.5,573.4,994.2,420.8,407.9,12.9,Liquid"
data,58.6,573,994.5,421.5,573.2,994.3,421.1,407.9,13.2,Liquid,"DATA,58.6,573,994.5,421.5,573.2,994.3,421.1,407.9,13.2,Liquid"
data,58.7,573,994.0,421.0,573.0,994.3,421.3,407.9,13.4,Liquid,"DATA,58.7,573,994.0,421.0,573.0,994.3,421.3,407.9,13.4,Liquid"
data,58.8,573,994.0,421.0,573.0,994.3,421.3,407.9,13.4,Liquid,"DATA,58.8,573,994.0,421.0,573.0,994.3,421.3,407.9,13.4,Liquid"
data,58.9,573,993.5,420.5,573.0,994.1,421.1,407.9,13.2,Liquid,"DATA,58.9,573,993.5,420.5,573.0,994.1,421.1,407.9,13.2,Liquid"
data,59.0,573,994.0,421.0,573.0,994.0,421.0,407.9,13.1,Liquid,"DATA,59.0,573,994.0,421.0,573.0,994.0,421.0,407.9,13.1,Liquid"
data,59.1,573,994.5,421.5,573.0,994.0,421.0,407.9,13.1,Liquid,"DATA,59.1,573,994.5,421.5,573.0,994.0,421.0,407.9,13.1,Liquid"
data,59.2,574,994.5,420.5,573.2,994.1,420.9,407.9,13.0,Liquid,"DATA,59.2,574,994.5,420.5,573.2,994.1,420.9,407.9,13.0,Liquid"
data,59.3,574,994.5,420.5,573.4,994.2,420.8,407.9,12.9,Liquid,"DATA,59.3,574,994.5,420.5,573.4,994.2,420.8,407.9,12.9,Liquid"
data,59.4,574,994.0,420.0,573.6,994.3,420.7,407.9,12.8,Liquid,"DATA,59.4,574,994.0,420.0,573.6,994.3,420.7,407.9,12.8,Liquid"
data,59.5,573,994.0,421.0,573.6,994.3,420.7,407.9,12.8,Liquid,"DATA,59.5,573,994.0,421.0,573.6,994.3,420.7,407.9,12.8,Liquid"
data,59.6,573,994.0,421.0,573.6,994.2,420.6,407.9,12.7,Liquid,"DATA,59.6,573,994.0,421.0,573.6,994.2,420.6,407.9,12.7,Liquid"
data,59.7,573,995.0,422.0,573.4,994.3,420.9,407.9,13.0,Liquid,"DATA,59.7,573,995.0,422.0,573.4,994.3,420.9,407.9,13.0,Liquid"
data,59.8,574,994.5,420.5,573.4,994.3,420.9,407.9,13.0,Liquid,"DATA,59.8,574,994.5,420.5,573.4,994.3,420.9,407.9,13.0,Liquid"
data,59.9,570,994.0,424.0,572.6,994.3,421.7,407.9,13.8,Liquid,"DATA,59.9,570,994.0,424.0,572.6,994.3,421.7,407.9,13.8,Liquid"
data,60.0,575,994.0,419.0,573.0,994.3,421.3,407.9,13.4,Liquid,"DATA,60.0,575,994.0,419.0,573.0,994.3,421.3,407.9,13.4,Liquid"
data,60.1,575,994.5,419.5,573.4,994.4,421.0,407.9,13.1,Liquid,"DATA,60.1,575,994.5,419.5,573.4,994.4,421.0,407.9,13.1,Liquid"
data,60.2,577,994.5,417.5,574.2,994.3,420.1,407.9,12.2,Liquid,"DATA,60.2,577,994.5,417.5,574.2,994.3,420.1,407.9,12.2,Liquid"
data,60.3,578,994.5,416.5,575.0,994.3,419.3,407.9,11.4,Liquid,"DATA,60.3,578,994.5,416.5,575.0,994.3,419.3,407.9,11.4,Liquid"
data,60.4,576,995.0,419.0,576.2,994.5,418.3,407.9,10.4,Liquid,"DATA,60.4,576,995.0,419.0,576.2,994.5,418.3,407.9,10.4,Liquid"
data,60.5,572,995.0,423.0,575.6,994.7,419.1,407.9,11.2,Liquid,"DATA,60.5,572,995.0,423.0,575.6,994.7,419.1,407.9,11.2,Liquid"
data,60.6,569,995.0,426.0,574.4,994.8,420.4,407.9,12.5,Liquid,"DATA,60.6,569,995.0,426.0,574.4,994.8,420.4,407.9,12.5,Liquid"
data,60.7,568,995.0,427.0,572.6,994.9,422.3,407.9,14.4,Liquid,"DATA,60.7,568,995.0,427.0,572.6,994.9,422.3,407.9,14.4,Liquid"
data,60.8,569,995.5,426.5,570.8,995.1,424.3,407.9,16.4,Liquid,"DATA,60.8,569,995.5,426.5,570.8,995.1,424.3,407.9,16.4,Liquid"
data,60.9,569,996.0,427.0,569.4,995.3,425.9,407.9,18.0,Liquid,"DATA,60.9,569,996.0,427.0,569.4,995.3,425.9,407.9,18.0,Liquid"
data,61.0,568,995.5,427.5,568.6,995.4,426.8,407.9,18.9,Liquid,"DATA,61.0,568,995.5,427.5,568.6,995.4,426.8,407.9,18.9,Liquid"
data,61.1,569,995.0,426.0,568.6,995.4,426.8,407.9,18.9,Liquid,"DATA,61.1,569,995.0,426.0,568.6,995.4,426.8,407.9,18.9,Liquid"
data,61.2,567,995.5,428.5,568.4,995.5,427.1,407.9,19.2,Liquid,"DATA,61.2,567,995.5,428.5,568.4,995.5,427.1,407.9,19.2,Liquid"
data,61.3,568,995.5,427.5,568.2,995.5,427.3,407.9,19.4,Liquid,"DATA,61.3,568,995.5,427.5,568.2,995.5,427.3,407.9,19.4,Liquid"
data,61.4,568,996.0,428.0,568.0,995.5,427.5,407.9,19.6,Liquid,"DATA,61.4,568,996.0,428.0,568.0,995.5,427.5,407.9,19.6,Liquid"
data,61.5,567,995.5,428.5,567.8,995.5,427.7,407.9,19.8,Liquid,"DATA,61.5,567,995.5,428.5,567.8,995.5,427.7,407.9,19.8,Liquid"
data,61.6,568,995.5,427.5,567.6,995.6,428.0,407.9,20.1,Liquid,"DATA,61.6,568,995.5,427.5,567.6,995.6,428.0,407.9,20.1,Liquid"
data,61.7,569,995.5,426.5,568.0,995.6,427.6,407.9,19.7,Liquid,"DATA,61.7,569,995.5,426.5,568.0,995.6,427.6,407.9,19.7,Liquid"
data,61.8,569,995.5,426.5,568.2,995.6,427.4,407.9,19.5,Liquid,"DATA,61.8,569,995.5,426.5,568.2,995.6,427.4,407.9,19.5,Liquid"
data,61.9,569,995.5,426.5,568.4,995.5,427.1,407.9,19.2,Liquid,"DATA,61.9,569,995.5,426.5,568.4,995.5,427.1,407.9,19.2,Liquid"
data,62.0,569,995.5,426.5,568.8,995.5,426.7,407.9,18.8,Liquid,"DATA,62.0,569,995.5,426.5,568.8,995.5,426.7,407.9,18.8,Liquid"
data,62.1,569,995.5,426.5,569.0,995.5,426.5,407.9,18.6,Liquid,"DATA,62.1,569,995.5,426.5,569.0,995.5,426.5,407.9,18.6,Liquid"
data,62.2,570,996.0,426.0,569.2,995.6,426.4,407.9,18.5,Liquid,"DATA,62.2,570,996.0,426.0,569.2,995.6,426.4,407.9,18.5,Liquid"
data,62.3,570,995.5,425.5,569.4,995.6,426.2,407.9,18.3,Liquid,"DATA,62.3,570,995.5,425.5,569.4,995.6,426.2,407.9,18.3,Liquid"
data,62.4,571,995.5,424.5,569.8,995.6,425.8,407.9,17.9,Liquid,"DATA,62.4,571,995.5,424.5,569.8,995.6,425.8,407.9,17.9,Liquid"
data,62.5,571,995.0,424.0,570.2,995.5,425.3,407.9,17.4,Liquid,"DATA,62.5,571,995.0,424.0,570.2,995.5,425.3,407.9,17.4,Liquid"
data,62.6,570,995.5,425.5,570.4,995.5,425.1,407.9,17.2,Liquid,"DATA,62.6,570,995.5,425.5,570.4,995.5,425.1,407.9,17.2,Liquid"
data,62.7,570,995.5,425.5,570.4,995.4,425.0,407.9,17.1,Liquid,"DATA,62.7,570,995.5,425.5,570.4,995.4,425.0,407.9,17.1,Liquid"
data,62.8,569,995.5,426.5,570.2,995.4,425.2,407.9,17.3,Liquid,"DATA,62.8,569,995.5,426.5,570.2,995.4,425.2,407.9,17.3,Liquid"
data,62.9,569,995.5,426.5,569.8,995.4,425.6,407.9,17.7,Liquid,"DATA,62.9,569,995.5,426.5,569.8,995.4,425.6,407.9,17.7,Liquid"
data,63.0,569,995.5,426.5,569.4,995.5,426.1,407.9,18.2,Liquid,"DATA,63.0,569,995.5,426.5,569.4,995.5,426.1,407.9,18.2,Liquid"
data,63.1,569,995.5,426.5,569.2,995.5,426.3,407.9,18.4,Liquid,"DATA,63.1,569,995.5,426.5,569.2,995.5,426.3,407.9,18.4,Liquid"
data,63.2,570,995.0,425.0,569.2,995.4,426.2,407.9,18.3,Liquid,"DATA,63.2,570,995.0,425.0,569.2,995.4,426.2,407.9,18.3,Liquid"
data,63.3,570,995.5,425.5,569.4,995.4,426.0,407.9,18.1,Liquid,"DATA,63.3,570,995.5,425.5,569.4,995.4,426.0,407.9,18.1,Liquid"
data,63.4,570,995.5,425.5,569.6,995.4,425.8,407.9,17.9,Liquid,"DATA,63.4,570,995.5,425.5,569.6,995.4,425.8,407.9,17.9,Liquid"
data,63.5,570,995.5,425.5,569.8,995.4,425.6,407.9,17.7,Liquid,"DATA,63.5,570,995.5,425.5,569.8,995.4,425.6,407.9,17.7,Liquid"
data,63.6,570,995.5,425.5,570.0,995.4,425.4,407.9,17.5,Liquid,"DATA,63.6,570,995.5,425.5,570.0,995.4,425.4,407.9,17.5,Liquid"
data,63.7,570,996.0,426.0,570.0,995.6,425.6,407.9,17.7,Liquid,"DATA,63.7,570,996.0,426.0,570.0,995.6,425.6,407.9,17.7,Liquid"
data,63.8,570,995.5,425.5,570.0,995.6,425.6,407.9,17.7,Liquid,"DATA,63.8,570,995.5,425.5,570.0,995.6,425.6,407.9,17.7,Liquid"
data,63.9,571,995.5,424.5,570.2,995.6,425.4,407.9,17.5,Liquid,"DATA,63.9,571,995.5,424.5,570.2,995.6,425.4,407.9,17.5,Liquid"
data,64.0,570,995.5,425.5,570.2,995.6,425.4,407.9,17.5,Liquid,"DATA,64.0,570,995.5,425.5,570.2,995.6,425.4,407.9,17.5,Liquid"
data,64.1,570,995.0,425.0,570.2,995.5,425.3,407.9,17.4,Liquid,"DATA,64.1,570,995.0,425.0,570.2,995.5,425.3,407.9,17.4,Liquid"
data,64.2,569,996.0,427.0,570.0,995.5,425.5,407.9,17.6,Liquid,"DATA,64.2,569,996.0,427.0,570.0,995.5,425.5,407.9,17.6,Liquid"
data,64.3,569,995.5,426.5,569.8,995.5,425.7,407.9,17.8,Liquid,"DATA,64.3,569,995.5,426.5,569.8,995.5,425.7,407.9,17.8,Liquid"
data,64.4,568,995.5,427.5,569.2,995.5,426.3,407.9,18.4,Liquid,"DATA,64.4,568,995.5,427.5,569.2,995.5,426.3,407.9,18.4,Liquid"
data,64.5,569,995.5,426.5,569.0,995.5,426.5,407.9,18.6,Liquid,"DATA,64.5,569,995.5,426.5,569.0,995.5,426.5,407.9,18.6,Liquid"
data,64.6,569,995.0,426.0,568.8,995.5,426.7,407.9,18.8,Liquid,"DATA,64.6,569,995.0,426.0,568.8,995.5,426.7,407.9,18.8,Liquid"
data,64.7,569,995.0,426.0,568.8,995.3,426.5,407.9,18.6,Liquid,"DATA,64.7,569,995.0,426.0,568.8,995.3,426.5,407.9,18.6,Liquid"
data,64.8,569,995.5,426.5,568.8,995.3,426.5,407.9,18.6,Liquid,"DATA,64.8,569,995.5,426.5,568.8,995.3,426.5,407.9,18.6,Liquid"
data,64.9,568,995.5,427.5,568.8,995.3,426.5,407.9,18.6,Liquid,"DATA,64.9,568,995.5,427.5,568.8,995.3,426.5,407.9,18.6,Liquid"
data,65.0,568,995.5,427.5,568.6,995.3,426.7,407.9,18.8,Liquid,"DATA,65.0,568,995.5,427.5,568.6,995.3,426.7,407.9,18.8,Liquid"
data,65.1,568,996.0,428.0,568.4,995.5,427.1,407.9,19.2,Liquid,"DATA,65.1,568,996.0,428.0,568.4,995.5,427.1,407.9,19.2,Liquid"
data,65.2,568,995.0,427.0,568.2,995.5,427.3,407.9,19.4,Liquid,"DATA,65.2,568,995.0,427.0,568.2,995.5,427.3,407.9,19.4,Liquid"
data,65.3,569,995.0,426.0,568.2,995.4,427.2,407.9,19.3,Liquid,"DATA,65.3,569,995.0,426.0,568.2,995.4,427.2,407.9,19.3,Liquid"
data,65.4,568,995.5,427.5,568.2,995.4,427.2,407.9,19.3,Liquid,"DATA,65.4,568,995.5,427.5,568.2,995.4,427.2,407.9,19.3,Liquid"
data,65.5,568,995.5,427.5,568.2,995.4,427.2,407.9,19.3,Liquid,"DATA,65.5,568,995.5,427.5,568.2,995.4,427.2,407.9,19.3,Liquid"
data,65.6,568,995.5,427.5,568.2,995.3,427.1,407.9,19.2,Liquid,"DATA,65.6,568,995.5,427.5,568.2,995.3,427.1,407.9,19.2,Liquid"
data,65.7,568,995.5,427.5,568.2,995.4,427.2,407.9,19.3,Liquid,"DATA,65.7,568,995.5,427.5,568.2,995.4,427.2,407.9,19.3,Liquid"
data,65.8,568,996.5,428.5,568.0,995.7,427.7,407.9,19.8,Liquid,"DATA,65.8,568,996.5,428.5,568.0,995.7,427.7,407.9,19.8,Liquid"
data,65.9,567,996.0,429.0,567.8,995.8,428.0,407.9,20.1,Liquid,"DATA,65.9,567,996.0,429.0,567.8,995.8,428.0,407.9,20.1,Liquid"
data,66.0,568,995.0,427.0,567.8,995.7,427.9,407.9,20.0,Liquid,"DATA,66.0,568,995.0,427.0,567.8,995.7,427.9,407.9,20.0,Liquid"
data,66.1,568,995.5,427.5,567.8,995.7,427.9,407.9,20.0,Liquid,"DATA,66.1,568,995.5,427.5,567.8,995.7,427.9,407.9,20.0,Liquid"
data,66.2,565,996.0,431.0,567.2,995.8,428.6,407.9,20.7,Liquid,"DATA,66.2,565,996.0,431.0,567.2,995.8,428.6,407.9,20.7,Liquid"
data,66.3,574,995.5,421.5,568.4,995.6,427.2,407.9,19.3,Liquid,"DATA,66.3,574,995.5,421.5,568.4,995.6,427.2,407.9,19.3,Liquid"
data,66.4,584,995.5,411.5,571.8,995.5,423.7,407.9,15.8,Liquid,"DATA,66.4,584,995.5,411.5,571.8,995.5,423.7,407.9,15.8,Liquid"
data,66.5,589,995.0,406.0,576.0,995.5,419.5,407.9,11.6,Liquid,"DATA,66.5,589,995.0,406.0,576.0,995.5,419.5,407.9,11.6,Liquid"
data,66.6,592,995.5,403.5,580.8,995.5,414.7,407.9,6.8,Floor,"DATA,66.6,592,995.5,403.5,580.8,995.5,414.7,407.9,6.8,Floor"
data,66.7,587,996.0,409.0,585.2,995.5,410.3,407.9,2.4,Floor,"DATA,66.7,587,996.0,409.0,585.2,995.5,410.3,407.9,2.4,Floor"
data,66.8,581,995.0,414.0,586.6,995.4,408.8,407.9,0.9,Floor,"DATA,66.8,581,995.0,414.0,586.6,995.4,408.8,407.9,0.9,Floor"
data,66.9,582,995.0,413.0,586.2,995.3,409.1,407.9,1.2,Floor,"DATA,66.9,582,995.0,413.0,586.2,995.3,409.1,407.9,1.2,Floor"
data,67.0,580,996.0,416.0,584.4,995.5,411.1,407.9,3.2,Floor,"DATA,67.0,580,996.0,416.0,584.4,995.5,411.1,407.9,3.2,Floor"
data,67.1,580,995.5,415.5,582.0,995.5,413.5,407.9,5.6,Floor,"DATA,67.1,580,995.5,415.5,582.0,995.5,413.5,407.9,5.6,Floor"
data,67.2,579,995.5,416.5,580.4,995.4,415.0,407.9,7.1,Floor,"DATA,67.2,579,995.5,416.5,580.4,995.4,415.0,407.9,7.1,Floor"
data,67.3,579,996.0,417.0,580.0,995.6,415.6,407.9,7.7,Floor,"DATA,67.3,579,996.0,417.0,580.0,995.6,415.6,407.9,7.7,Floor"
data,67.4,578,995.5,417.5,579.2,995.7,416.5,407.9,8.6,Floor,"DATA,67.4,578,995.5,417.5,579.2,995.7,416.5,407.9,8.6,Floor"
data,67.5,578,995.5,417.5,578.8,995.6,416.8,407.9,8.9,Floor,"DATA,67.5,578,995.5,417.5,578.8,995.6,416.8,407.9,8.9,Floor"
data,67.6,578,995.5,417.5,578.4,995.6,417.2,407.9,9.3,Floor,"DATA,67.6,578,995.5,417.5,578.4,995.6,417.2,407.9,9.3,Floor"
data,67.7,577,996.0,419.0,578.0,995.7,417.7,407.9,9.8,Floor,"DATA,67.7,577,996.0,419.0,578.0,995.7,417.7,407.9,9.8,Floor"
data,67.8,579,995.5,416.5,578.0,995.6,417.6,407.9,9.7,Floor,"DATA,67.8,579,995.5,416.5,578.0,995.6,417.6,407.9,9.7,Floor"
data,67.9,578,996.0,418.0,578.0,995.7,417.7,407.9,9.8,Floor,"DATA,67.9,578,996.0,418.0,578.0,995.7,417.7,407.9,9.8,Floor"
data,68.0,579,995.5,416.5,578.2,995.7,417.5,407.9,9.6,Floor,"DATA,68.0,579,995.5,416.5,578.2,995.7,417.5,407.9,9.6,Floor"
data,68.1,578,995.5,417.5,578.2,995.7,417.5,407.9,9.6,Floor,"DATA,68.1,578,995.5,417.5,578.2,995.7,417.5,407.9,9.6,Floor"
data,68.2,578,996.0,418.0,578.4,995.7,417.3,407.9,9.4,Floor,"DATA,68.2,578,996.0,418.0,578.4,995.7,417.3,407.9,9.4,Floor"
data,68.3,578,995.5,417.5,578.2,995.7,417.5,407.9,9.6,Floor,"DATA,68.3,578,995.5,417.5,578.2,995.7,417.5,407.9,9.6,Floor"
data,68.4,578,996.0,418.0,578.2,995.7,417.5,407.9,9.6,Floor,"DATA,68.4,578,996.0,418.0,578.2,995.7,417.5,407.9,9.6,Floor"
data,68.5,578,996.0,418.0,578.0,995.8,417.8,407.9,9.9,Floor,"DATA,68.5,578,996.0,418.0,578.0,995.8,417.8,407.9,9.9,Floor"
data,68.6,578,996.0,418.0,578.0,995.9,417.9,407.9,10.0,Floor,"DATA,68.6,578,996.0,418.0,578.0,995.9,417.9,407.9,10.0,Floor"
data,68.7,578,995.5,417.5,578.0,995.8,417.8,407.9,9.9,Floor,"DATA,68.7,578,995.5,417.5,578.0,995.8,417.8,407.9,9.9,Floor"
data,68.8,578,996.0,418.0,578.0,995.9,417.9,407.9,10.0,Floor,"DATA,68.8,578,996.0,418.0,578.0,995.9,417.9,407.9,10.0,Floor"
data,68.9,578,995.5,417.5,578.0,995.8,417.8,407.9,9.9,Floor,"DATA,68.9,578,995.5,417.5,578.0,995.8,417.8,407.9,9.9,Floor"
data,69.0,577,996.0,419.0,577.8,995.8,418.0,407.9,10.1,Liquid,"DATA,69.0,577,996.0,419.0,577.8,995.8,418.0,407.9,10.1,Liquid"
data,69.1,578,995.0,417.0,577.8,995.6,417.8,407.9,9.9,Floor,"DATA,69.1,578,995.0,417.0,577.8,995.6,417.8,407.9,9.9,Floor"
data,69.2,578,996.0,418.0,577.8,995.7,417.9,407.9,10.0,Floor,"DATA,69.2,578,996.0,418.0,577.8,995.7,417.9,407.9,10.0,Floor"
data,69.3,578,996.0,418.0,577.8,995.7,417.9,407.9,10.0,Floor,"DATA,69.3,578,996.0,418.0,577.8,995.7,417.9,407.9,10.0,Floor"
data,69.4,577,995.0,418.0,577.6,995.6,418.0,407.9,10.1,Liquid,"DATA,69.4,577,995.0,418.0,577.6,995.6,418.0,407.9,10.1,Liquid"
data,69.5,577,996.0,419.0,577.6,995.6,418.0,407.9,10.1,Liquid,"DATA,69.5,577,996.0,419.0,577.6,995.6,418.0,407.9,10.1,Liquid"
data,69.6,577,996.0,419.0,577.4,995.8,418.4,407.9,10.5,Liquid,"DATA,69.6,577,996.0,419.0,577.4,995.8,418.4,407.9,10.5,Liquid"
data,69.7,577,995.5,418.5,577.2,995.7,418.5,407.9,10.6,Liquid,"DATA,69.7,577,995.5,418.5,577.2,995.7,418.5,407.9,10.6,Liquid"
data,69.8,577,995.5,418.5,577.0,995.6,418.6,407.9,10.7,Liquid,"DATA,69.8,577,995.5,418.5,577.0,995.6,418.6,407.9,10.7,Liquid"
data,69.9,578,995.5,417.5,577.2,995.7,418.5,407.9,10.6,Liquid,"DATA,69.9,578,995.5,417.5,577.2,995.7,418.5,407.9,10.6,Liquid"
data,70.0,577,996.0,419.0,577.2,995.7,418.5,407.9,10.6,Liquid,"DATA,70.0,577,996.0,419.0,577.2,995.7,418.5,407.9,10.6,Liquid"
data,70.1,576,996.0,420.0,577.0,995.7,418.7,407.9,10.8,Liquid,"DATA,70.1,576,996.0,420.0,577.0,995.7,418.7,407.9,10.8,Liquid"
data,70.2,576,996.0,420.0,576.8,995.8,419.0,407.9,11.1,Liquid,"DATA,70.2,576,996.0,420.0,576.8,995.8,419.0,407.9,11.1,Liquid"
data,70.3,577,996.0,419.0,576.8,995.9,419.1,407.9,11.2,Liquid,"DATA,70.3,577,996.0,419.0,576.8,995.9,419.1,407.9,11.2,Liquid"
data,70.4,577,995.5,418.5,576.6,995.9,419.3,407.9,11.4,Liquid,"DATA,70.4,577,995.5,418.5,576.6,995.9,419.3,407.9,11.4,Liquid"
data,70.5,577,995.5,418.5,576.6,995.8,419.2,407.9,11.3,Liquid,"DATA,70.5,577,995.5,418.5,576.6,995.8,419.2,407.9,11.3,Liquid"
data,70.6,577,995.5,418.5,576.8,995.7,418.9,407.9,11.0,Liquid,"DATA,70.6,577,995.5,418.5,576.8,995.7,418.9,407.9,11.0,Liquid"
data,70.7,577,996.0,419.0,577.0,995.7,418.7,407.9,10.8,Liquid,"DATA,70.7,577,996.0,419.0,577.0,995.7,418.7,407.9,10.8,Liquid"
data,70.8,576,995.5,419.5,576.8,995.6,418.8,407.9,10.9,Liquid,"DATA,70.8,576,995.5,419.5,576.8,995.6,418.8,407.9,10.9,Liquid"
data,70.9,576,995.0,419.0,576.6,995.5,418.9,407.9,11.0,Liquid,"DATA,70.9,576,995.0,419.0,576.6,995.5,418.9,407.9,11.0,Liquid"
data,71.0,577,995.0,418.0,576.6,995.4,418.8,407.9,10.9,Liquid,"DATA,71.0,577,995.0,418.0,576.6,995.4,418.8,407.9,10.9,Liquid"
data,71.1,577,995.5,418.5,576.6,995.4,418.8,407.9,10.9,Liquid,"DATA,71.1,577,995.5,418.5,576.6,995.4,418.8,407.9,10.9,Liquid"
data,71.2,577,995.5,418.5,576.6,995.3,418.7,407.9,10.8,Liquid,"DATA,71.2,577,995.5,418.5,576.6,995.3,418.7,407.9,10.8,Liquid"
data,71.3,576,995.5,419.5,576.6,995.3,418.7,407.9,10.8,Liquid,"DATA,71.3,576,995.5,419.5,576.6,995.3,418.7,407.9,10.8,Liquid"
data,71.4,576,996.0,420.0,576.6,995.5,418.9,407.9,11.0,Liquid,"DATA,71.4,576,996.0,420.0,576.6,995.5,418.9,407.9,11.0,Liquid"
data,71.5,577,995.5,418.5,576.6,995.6,419.0,407.9,11.1,Liquid,"DATA,71.5,577,995.5,418.5,576.6,995.6,419.0,407.9,11.1,Liquid"
data,71.6,576,996.0,420.0,576.4,995.7,419.3,407.9,11.4,Liquid,"DATA,71.6,576,996.0,420.0,576.4,995.7,419.3,407.9,11.4,Liquid"
data,71.7,576,995.5,419.5,576.2,995.7,419.5,407.9,11.6,Liquid,"DATA,71.7,576,995.5,419.5,576.2,995.7,419.5,407.9,11.6,Liquid"
data,71.8,577,995.0,418.0,576.4,995.6,419.2,407.9,11.3,Liquid,"DATA,71.8,577,995.0,418.0,576.4,995.6,419.2,407.9,11.3,Liquid"
data,71.9,575,995.5,420.5,576.2,995.5,419.3,407.9,11.4,Liquid,"DATA,71.9,575,995.5,420.5,576.2,995.5,419.3,407.9,11.4,Liquid"
data,72.0,574,996.0,422.0,575.6,995.6,420.0,407.9,12.1,Liquid,"DATA,72.0,574,996.0,422.0,575.6,995.6,420.0,407.9,12.1,Liquid"
data,72.1,576,996.0,420.0,575.6,995.6,420.0,407.9,12.1,Liquid,"DATA,72.1,576,996.0,420.0,575.6,995.6,420.0,407.9,12.1,Liquid"
data,72.2,578,995.5,417.5,576.0,995.6,419.6,407.9,11.7,Liquid,"DATA,72.2,578,995.5,417.5,576.0,995.6,419.6,407.9,11.7,Liquid"
data,72.3,576,995.5,419.5,575.8,995.7,419.9,407.9,12.0,Liquid,"DATA,72.3,576,995.5,419.5,575.8,995.7,419.9,407.9,12.0,Liquid"
data,72.4,577,995.5,418.5,576.2,995.7,419.5,407.9,11.6,Liquid,"DATA,72.4,577,995.5,418.5,576.2,995.7,419.5,407.9,11.6,Liquid"
data,72.5,576,995.5,419.5,576.6,995.6,419.0,407.9,11.1,Liquid,"DATA,72.5,576,995.5,419.5,576.6,995.6,419.0,407.9,11.1,Liquid"
data,72.6,575,996.0,421.0,576.4,995.6,419.2,407.9,11.3,Liquid,"DATA,72.6,575,996.0,421.0,576.4,995.6,419.2,407.9,11.3,Liquid"
data,72.7,577,995.5,418.5,576.2,995.6,419.4,407.9,11.5,Liquid,"DATA,72.7,577,995.5,418.5,576.2,995.6,419.4,407.9,11.5,Liquid"
data,72.8,577,995.5,418.5,576.4,995.6,419.2,407.9,11.3,Liquid,"DATA,72.8,577,995.5,418.5,576.4,995.6,419.2,407.9,11.3,Liquid"
data,72.9,577,995.5,418.5,576.4,995.6,419.2,407.9,11.3,Liquid,"DATA,72.9,577,995.5,418.5,576.4,995.6,419.2,407.9,11.3,Liquid"
data,73.0,579,995.5,416.5,577.0,995.6,418.6,407.9,10.7,Liquid,"DATA,73.0,579,995.5,416.5,577.0,995.6,418.6,407.9,10.7,Liquid"
data,73.1,582,995.5,413.5,578.4,995.5,417.1,407.9,9.2,Floor,"DATA,73.1,582,995.5,413.5,578.4,995.5,417.1,407.9,9.2,Floor"
data,73.2,581,996.0,415.0,579.2,995.6,416.4,407.9,8.5,Floor,"DATA,73.2,581,996.0,415.0,579.2,995.6,416.4,407.9,8.5,Floor"
data,73.3,580,995.5,415.5,579.8,995.6,415.8,407.9,7.9,Floor,"DATA,73.3,580,995.5,415.5,579.8,995.6,415.8,407.9,7.9,Floor"
data,73.4,581,996.0,415.0,580.6,995.7,415.1,407.9,7.2,Floor,"DATA,73.4,581,996.0,415.0,580.6,995.7,415.1,407.9,7.2,Floor"
data,73.5,583,994.5,411.5,581.4,995.5,414.1,407.9,6.2,Floor,"DATA,73.5,583,994.5,411.5,581.4,995.5,414.1,407.9,6.2,Floor"
data,73.6,578,994.5,416.5,580.6,995.3,414.7,407.9,6.8,Floor,"DATA,73.6,578,994.5,416.5,580.6,995.3,414.7,407.9,6.8,Floor"
data,73.7,544,992.5,448.5,573.2,994.6,421.4,407.9,13.5,Liquid,"DATA,73.7,544,992.5,448.5,573.2,994.6,421.4,407.9,13.5,Liquid"
data,73.8,516,992.5,476.5,560.4,994.0,433.6,407.9,25.7,Liquid,"DATA,73.8,516,992.5,476.5,560.4,994.0,433.6,407.9,25.7,Liquid"
data,73.9,499,992.5,493.5,544.0,993.3,449.3,407.9,41.4,Liquid,"DATA,73.9,499,992.5,493.5,544.0,993.3,449.3,407.9,41.4,Liquid"
data,74.0,493,994.0,501.0,526.0,993.2,467.2,407.9,59.3,Liquid,"DATA,74.0,493,994.0,501.0,526.0,993.2,467.2,407.9,59.3,Liquid"
data,74.1,490,993.5,503.5,508.4,993.0,484.6,407.9,76.7,Liquid,"DATA,74.1,490,993.5,503.5,508.4,993.0,484.6,407.9,76.7,Liquid"
data,74.2,492,993.5,501.5,498.0,993.2,495.2,407.9,87.3,Liquid,"DATA,74.2,492,993.5,501.5,498.0,993.2,495.2,407.9,87.3,Liquid"
data,74.3,492,993.0,501.0,493.2,993.3,500.1,407.9,92.2,Liquid,"DATA,74.3,492,993.0,501.0,493.2,993.3,500.1,407.9,92.2,Liquid"
data,74.4,489,993.5,504.5,491.2,993.5,502.3,407.9,94.4,Liquid,"DATA,74.4,489,993.5,504.5,491.2,993.5,502.3,407.9,94.4,Liquid"
data,74.5,493,994.0,501.0,491.2,993.5,502.3,407.9,94.4,Liquid,"DATA,74.5,493,994.0,501.0,491.2,993.5,502.3,407.9,94.4,Liquid"
data,74.6,491,994.5,503.5,491.4,993.7,502.3,407.9,94.4,Liquid,"DATA,74.6,491,994.5,503.5,491.4,993.7,502.3,407.9,94.4,Liquid"
data,74.7,490,994.0,504.0,491.0,993.8,502.8,407.9,94.9,Liquid,"DATA,74.7,490,994.0,504.0,491.0,993.8,502.8,407.9,94.9,Liquid"
data,74.8,491,993.5,502.5,490.8,993.9,503.1,407.9,95.2,Liquid,"DATA,74.8,491,993.5,502.5,490.8,993.9,503.1,407.9,95.2,Liquid"
data,74.9,490,993.5,503.5,491.0,993.9,502.9,407.9,95.0,Liquid,"DATA,74.9,490,993.5,503.5,491.0,993.9,502.9,407.9,95.0,Liquid"
data,75.0,489,993.5,504.5,490.2,993.8,503.6,407.9,95.7,Liquid,"DATA,75.0,489,993.5,504.5,490.2,993.8,503.6,407.9,95.7,Liquid"
data,75.1,491,993.5,502.5,490.2,993.6,503.4,407.9,95.5,Liquid,"DATA,75.1,491,993.5,502.5,490.2,993.6,503.4,407.9,95.5,Liquid"
data,75.2,488,994.0,506.0,489.8,993.6,503.8,407.9,95.9,Liquid,"DATA,75.2,488,994.0,506.0,489.8,993.6,503.8,407.9,95.9,Liquid"
data,75.3,488,994.0,506.0,489.2,993.7,504.5,407.9,96.6,Liquid,"DATA,75.3,488,994.0,506.0,489.2,993.7,504.5,407.9,96.6,Liquid"
data,75.4,488,993.5,505.5,488.8,993.7,504.9,407.9,97.0,Liquid,"DATA,75.4,488,993.5,505.5,488.8,993.7,504.9,407.9,97.0,Liquid"
data,75.5,487,993.0,506.0,488.4,993.6,505.2,407.9,97.3,Liquid,"DATA,75.5,487,993.0,506.0,488.4,993.6,505.2,407.9,97.3,Liquid"
data,75.6,487,993.5,506.5,487.6,993.6,506.0,407.9,98.1,Liquid,"DATA,75.6,487,993.5,506.5,487.6,993.6,506.0,407.9,98.1,Liquid"
data,75.7,487,993.5,506.5,487.4,993.5,506.1,407.9,98.2,Liquid,"DATA,75.7,487,993.5,506.5,487.4,993.5,506.1,407.9,98.2,Liquid"
data,75.8,485,994.0,509.0,486.8,993.5,506.7,407.9,98.8,Liquid,"DATA,75.8,485,994.0,509.0,486.8,993.5,506.7,407.9,98.8,Liquid"
data,75.9,491,993.5,502.5,487.4,993.5,506.1,407.9,98.2,Liquid,"DATA,75.9,491,993.5,502.5,487.4,993.5,506.1,407.9,98.2,Liquid"
data,76.0,487,993.5,506.5,487.4,993.6,506.2,407.9,98.3,Liquid,"DATA,76.0,487,993.5,506.5,487.4,993.6,506.2,407.9,98.3,Liquid"
data,76.1,489,993.0,504.0,487.8,993.5,505.7,407.9,97.8,Liquid,"DATA,76.1,489,993.0,504.0,487.8,993.5,505.7,407.9,97.8,Liquid"
data,76.2,488,993.5,505.5,488.0,993.5,505.5,407.9,97.6,Liquid,"DATA,76.2,488,993.5,505.5,488.0,993.5,505.5,407.9,97.6,Liquid"
data,76.3,486,994.0,508.0,488.2,993.5,505.3,407.9,97.4,Liquid,"DATA,76.3,486,994.0,508.0,488.2,993.5,505.3,407.9,97.4,Liquid"
data,76.4,488,993.5,505.5,487.6,993.5,505.9,407.9,98.0,Liquid,"DATA,76.4,488,993.5,505.5,487.6,993.5,505.9,407.9,98.0,Liquid"
data,76.5,487,993.5,506.5,487.6,993.5,505.9,407.9,98.0,Liquid,"DATA,76.5,487,993.5,506.5,487.6,993.5,505.9,407.9,98.0,Liquid"
data,76.6,487,993.5,506.5,487.2,993.6,506.4,407.9,98.5,Liquid,"DATA,76.6,487,993.5,506.5,487.2,993.6,506.4,407.9,98.5,Liquid"
data,76.7,487,993.0,506.0,487.0,993.5,506.5,407.9,98.6,Liquid,"DATA,76.7,487,993.0,506.0,487.0,993.5,506.5,407.9,98.6,Liquid"
data,76.8,487,993.5,506.5,487.2,993.4,506.2,407.9,98.3,Liquid,"DATA,76.8,487,993.5,506.5,487.2,993.4,506.2,407.9,98.3,Liquid"
data,76.9,488,994.0,506.0,487.2,993.5,506.3,407.9,98.4,Liquid,"DATA,76.9,488,994.0,506.0,487.2,993.5,506.3,407.9,98.4,Liquid"
data,77.0,488,993.5,505.5,487.4,993.5,506.1,407.9,98.2,Liquid,"DATA,77.0,488,993.5,505.5,487.4,993.5,506.1,407.9,98.2,Liquid"
data,77.1,488,994.0,506.0,487.6,993.6,506.0,407.9,98.1,Liquid,"DATA,77.1,488,994.0,506.0,487.6,993.6,506.0,407.9,98.1,Liquid"
data,77.2,489,993.0,504.0,488.0,993.6,505.6,407.9,97.7,Liquid,"DATA,77.2,489,993.0,504.0,488.0,993.6,505.6,407.9,97.7,Liquid"
data,77.3,488,993.0,505.0,488.2,993.5,505.3,407.9,97.4,Liquid,"DATA,77.3,488,993.0,505.0,488.2,993.5,505.3,407.9,97.4,Liquid"
data,77.4,487,993.5,506.5,488.0,993.4,505.4,407.9,97.5,Liquid,"DATA,77.4,487,993.5,506.5,488.0,993.4,505.4,407.9,97.5,Liquid"
data,77.5,488,994.0,506.0,488.0,993.5,505.5,407.9,97.6,Liquid,"DATA,77.5,488,994.0,506.0,488.0,993.5,505.5,407.9,97.6,Liquid"
data,77.6,488,993.5,505.5,488.0,993.4,505.4,407.9,97.5,Liquid,"DATA,77.6,488,993.5,505.5,488.0,993.4,505.4,407.9,97.5,Liquid"
data,77.7,489,993.5,504.5,488.0,993.5,505.5,407.9,97.6,Liquid,"DATA,77.7,489,993.5,504.5,488.0,993.5,505.5,407.9,97.6,Liquid"
data,77.8,490,993.5,503.5,488.4,993.6,505.2,407.9,97.3,Liquid,"DATA,77.8,490,993.5,503.5,488.4,993.6,505.2,407.9,97.3,Liquid"
data,77.9,489,993.5,504.5,488.8,993.6,504.8,407.9,96.9,Liquid,"DATA,77.9,489,993.5,504.5,488.8,993.6,504.8,407.9,96.9,Liquid"
data,78.0,489,993.5,504.5,489.0,993.5,504.5,407.9,96.6,Liquid,"DATA,78.0,489,993.5,504.5,489.0,993.5,504.5,407.9,96.6,Liquid"
data,78.1,486,993.5,507.5,488.6,993.5,504.9,407.9,97.0,Liquid,"DATA,78.1,486,993.5,507.5,488.6,993.5,504.9,407.9,97.0,Liquid"
data,78.2,491,994.0,503.0,489.0,993.6,504.6,407.9,96.7,Liquid,"DATA,78.2,491,994.0,503.0,489.0,993.6,504.6,407.9,96.7,Liquid"
data,78.3,497,994.0,497.0,490.4,993.7,503.3,407.9,95.4,Liquid,"DATA,78.3,497,994.0,497.0,490.4,993.7,503.3,407.9,95.4,Liquid"
data,78.4,502,994.0,492.0,493.0,993.8,500.8,407.9,92.9,Liquid,"DATA,78.4,502,994.0,492.0,493.0,993.8,500.8,407.9,92.9,Liquid"
data,78.5,523,995.5,472.5,499.8,994.2,494.4,407.9,86.5,Liquid,"DATA,78.5,523,995.5,472.5,499.8,994.2,494.4,407.9,86.5,Liquid"
data,78.6,573,996.5,423.5,517.2,994.8,477.6,407.9,69.7,Liquid,"DATA,78.6,573,996.5,423.5,517.2,994.8,477.6,407.9,69.7,Liquid"
data,78.7,587,998.0,411.0,536.4,995.6,459.2,407.9,51.3,Liquid,"DATA,78.7,587,998.0,411.0,536.4,995.6,459.2,407.9,51.3,Liquid"
data,78.8,590,998.5,408.5,555.0,996.5,441.5,407.9,33.6,Liquid,"DATA,78.8,590,998.5,408.5,555.0,996.5,441.5,407.9,33.6,Liquid"
data,78.9,589,998.0,409.0,572.4,997.3,424.9,407.9,17.0,Liquid,"DATA,78.9,589,998.0,409.0,572.4,997.3,424.9,407.9,17.0,Liquid"
data,79.0,589,998.0,409.0,585.6,997.8,412.2,407.9,4.3,Floor,"DATA,79.0,589,998.0,409.0,585.6,997.8,412.2,407.9,4.3,Floor"
data,79.1,588,998.5,410.5,588.6,998.2,409.6,407.9,1.7,Floor,"DATA,79.1,588,998.5,410.5,588.6,998.2,409.6,407.9,1.7,Floor"
data,79.2,585,998.5,413.5,588.2,998.3,410.1,407.9,2.2,Floor,"DATA,79.2,585,998.5,413.5,588.2,998.3,410.1,407.9,2.2,Floor"
data,79.3,586,999.0,413.0,587.4,998.4,411.0,407.9,3.1,Floor,"DATA,79.3,586,999.0,413.0,587.4,998.4,411.0,407.9,3.1,Floor"
data,79.4,583,998.5,415.5,586.2,998.5,412.3,407.9,4.4,Floor,"DATA,79.4,583,998.5,415.5,586.2,998.5,412.3,407.9,4.4,Floor"
data,79.5,585,998.5,413.5,585.4,998.6,413.2,407.9,5.3,Floor,"DATA,79.5,585,998.5,413.5,585.4,998.6,413.2,407.9,5.3,Floor"
data,79.6,587,998.5,411.5,585.2,998.6,413.4,407.9,5.5,Floor,"DATA,79.6,587,998.5,411.5,585.2,998.6,413.4,407.9,5.5,Floor"
data,79.7,585,998.5,413.5,585.2,998.6,413.4,407.9,5.5,Floor,"DATA,79.7,585,998.5,413.5,585.2,998.6,413.4,407.9,5.5,Floor"
data,79.8,583,998.5,415.5,584.6,998.5,413.9,407.9,6.0,Floor,"DATA,79.8,583,998.5,415.5,584.6,998.5,413.9,407.9,6.0,Floor"
data,79.9,583,998.5,415.5,584.6,998.5,413.9,407.9,6.0,Floor,"DATA,79.9,583,998.5,415.5,584.6,998.5,413.9,407.9,6.0,Floor"
data,80.0,581,999.0,418.0,583.8,998.6,414.8,407.9,6.9,Floor,"DATA,80.0,581,999.0,418.0,583.8,998.6,414.8,407.9,6.9,Floor"
data,80.1,585,998.0,413.0,583.4,998.5,415.1,407.9,7.2,Floor,"DATA,80.1,585,998.0,413.0,583.4,998.5,415.1,407.9,7.2,Floor"
data,80.2,582,999.0,417.0,582.8,998.6,415.8,407.9,7.9,Floor,"DATA,80.2,582,999.0,417.0,582.8,998.6,415.8,407.9,7.9,Floor"
data,80.3,582,998.5,416.5,582.6,998.6,416.0,407.9,8.1,Floor,"DATA,80.3,582,998.5,416.5,582.6,998.6,416.0,407.9,8.1,Floor"
data,80.4,582,998.5,416.5,582.4,998.6,416.2,407.9,8.3,Floor,"DATA,80.4,582,998.5,416.5,582.4,998.6,416.2,407.9,8.3,Floor"
data,80.5,581,998.5,417.5,582.4,998.5,416.1,407.9,8.2,Floor,"DATA,80.5,581,998.5,417.5,582.4,998.5,416.1,407.9,8.2,Floor"
data,80.6,581,998.5,417.5,581.6,998.6,417.0,407.9,9.1,Floor,"DATA,80.6,581,998.5,417.5,581.6,998.6,417.0,407.9,9.1,Floor"
data,80.7,581,998.5,417.5,581.4,998.5,417.1,407.9,9.2,Floor,"DATA,80.7,581,998.5,417.5,581.4,998.5,417.1,407.9,9.2,Floor"
data,80.8,581,999.5,418.5,581.2,998.7,417.5,407.9,9.6,Floor,"DATA,80.8,581,999.5,418.5,581.2,998.7,417.5,407.9,9.6,Floor"
data,80.9,580,998.5,418.5,580.8,998.7,417.9,407.9,10.0,Floor,"DATA,80.9,580,998.5,418.5,580.8,998.7,417.9,407.9,10.0,Floor"
data,81.0,580,999.0,419.0,580.6,998.8,418.2,407.9,10.3,Liquid,"DATA,81.0,580,999.0,419.0,580.6,998.8,418.2,407.9,10.3,Liquid"
data,81.1,580,998.5,418.5,580.4,998.8,418.4,407.9,10.5,Liquid,"DATA,81.1,580,998.5,418.5,580.4,998.8,418.4,407.9,10.5,Liquid"
data,81.2,580,999.0,419.0,580.2,998.9,418.7,407.9,10.8,Liquid,"DATA,81.2,580,999.0,419.0,580.2,998.9,418.7,407.9,10.8,Liquid"
data,81.3,578,998.5,420.5,579.6,998.7,419.1,407.9,11.2,Liquid,"DATA,81.3,578,998.5,420.5,579.6,998.7,419.1,407.9,11.2,Liquid"
data,81.4,580,998.5,418.5,579.6,998.7,419.1,407.9,11.2,Liquid,"DATA,81.4,580,998.5,418.5,579.6,998.7,419.1,407.9,11.2,Liquid"
data,81.5,580,998.5,418.5,579.6,998.6,419.0,407.9,11.1,Liquid,"DATA,81.5,580,998.5,418.5,579.6,998.6,419.0,407.9,11.1,Liquid"
data,81.6,580,998.5,418.5,579.6,998.6,419.0,407.9,11.1,Liquid,"DATA,81.6,580,998.5,418.5,579.6,998.6,419.0,407.9,11.1,Liquid"
data,81.7,579,999.0,420.0,579.4,998.6,419.2,407.9,11.3,Liquid,"DATA,81.7,579,999.0,420.0,579.4,998.6,419.2,407.9,11.3,Liquid"
data,81.8,579,999.0,420.0,579.6,998.7,419.1,407.9,11.2,Liquid,"DATA,81.8,579,999.0,420.0,579.6,998.7,419.1,407.9,11.2,Liquid"
data,81.9,579,998.5,419.5,579.4,998.7,419.3,407.9,11.4,Liquid,"DATA,81.9,579,998.5,419.5,579.4,998.7,419.3,407.9,11.4,Liquid"
data,82.0,579,998.5,419.5,579.2,998.7,419.5,407.9,11.6,Liquid,"DATA,82.0,579,998.5,419.5,579.2,998.7,419.5,407.9,11.6,Liquid"
data,82.1,580,998.5,418.5,579.2,998.7,419.5,407.9,11.6,Liquid,"DATA,82.1,580,998.5,418.5,579.2,998.7,419.5,407.9,11.6,Liquid"
data,82.2,580,998.5,418.5,579.4,998.6,419.2,407.9,11.3,Liquid,"DATA,82.2,580,998.5,418.5,579.4,998.6,419.2,407.9,11.3,Liquid"
data,82.3,580,998.0,418.0,579.6,998.4,418.8,407.9,10.9,Liquid,"DATA,82.3,580,998.0,418.0,579.6,998.4,418.8,407.9,10.9,Liquid"
data,82.4,580,998.5,418.5,579.8,998.4,418.6,407.9,10.7,Liquid,"DATA,82.4,580,998.5,418.5,579.8,998.4,418.6,407.9,10.7,Liquid"
data,82.5,578,999.0,421.0,579.6,998.5,418.9,407.9,11.0,Liquid,"DATA,82.5,578,999.0,421.0,579.6,998.5,418.9,407.9,11.0,Liquid"
data,82.6,579,998.5,419.5,579.4,998.5,419.1,407.9,11.2,Liquid,"DATA,82.6,579,998.5,419.5,579.4,998.5,419.1,407.9,11.2,Liquid"
data,82.7,580,998.5,418.5,579.4,998.5,419.1,407.9,11.2,Liquid,"DATA,82.7,580,998.5,418.5,579.4,998.5,419.1,407.9,11.2,Liquid"
data,82.8,580,998.5,418.5,579.4,998.6,419.2,407.9,11.3,Liquid,"DATA,82.8,580,998.5,418.5,579.4,998.6,419.2,407.9,11.3,Liquid"
data,82.9,579,998.0,419.0,579.2,998.5,419.3,407.9,11.4,Liquid,"DATA,82.9,579,998.0,419.0,579.2,998.5,419.3,407.9,11.4,Liquid"
data,83.0,579,998.5,419.5,579.4,998.4,419.0,407.9,11.1,Liquid,"DATA,83.0,579,998.5,419.5,579.4,998.4,419.0,407.9,11.1,Liquid"
data,83.1,579,998.5,419.5,579.4,998.4,419.0,407.9,11.1,Liquid,"DATA,83.1,579,998.5,419.5,579.4,998.4,419.0,407.9,11.1,Liquid"
data,83.2,579,999.0,420.0,579.2,998.5,419.3,407.9,11.4,Liquid,"DATA,83.2,579,999.0,420.0,579.2,998.5,419.3,407.9,11.4,Liquid"
data,83.3,579,999.0,420.0,579.0,998.6,419.6,407.9,11.7,Liquid,"DATA,83.3,579,999.0,420.0,579.0,998.6,419.6,407.9,11.7,Liquid"
data,83.4,579,998.0,419.0,579.0,998.6,419.6,407.9,11.7,Liquid,"DATA,83.4,579,998.0,419.0,579.0,998.6,419.6,407.9,11.7,Liquid"
data,83.5,579,998.5,419.5,579.0,998.6,419.6,407.9,11.7,Liquid,"DATA,83.5,579,998.5,419.5,579.0,998.6,419.6,407.9,11.7,Liquid"
data,83.6,578,999.0,421.0,578.8,998.7,419.9,407.9,12.0,Liquid,"DATA,83.6,578,999.0,421.0,578.8,998.7,419.9,407.9,12.0,Liquid"
data,83.7,579,999.0,420.0,578.8,998.7,419.9,407.9,12.0,Liquid,"DATA,83.7,579,999.0,420.0,578.8,998.7,419.9,407.9,12.0,Liquid"
data,83.8,579,998.5,419.5,578.8,998.6,419.8,407.9,11.9,Liquid,"DATA,83.8,579,998.5,419.5,578.8,998.6,419.8,407.9,11.9,Liquid"
data,83.9,578,998.5,420.5,578.6,998.7,420.1,407.9,12.2,Liquid,"DATA,83.9,578,998.5,420.5,578.6,998.7,420.1,407.9,12.2,Liquid"
data,84.0,579,998.0,419.0,578.6,998.6,420.0,407.9,12.1,Liquid,"DATA,84.0,579,998.0,419.0,578.6,998.6,420.0,407.9,12.1,Liquid"
data,84.1,579,999.0,420.0,578.8,998.6,419.8,407.9,11.9,Liquid,"DATA,84.1,579,999.0,420.0,578.8,998.6,419.8,407.9,11.9,Liquid"
data,84.2,578,999.0,421.0,578.6,998.6,420.0,407.9,12.1,Liquid,"DATA,84.2,578,999.0,421.0,578.6,998.6,420.0,407.9,12.1,Liquid"
