record_type,time_s,raw_on,raw_off,net_raw,avg_on,avg_off,net_avg,baseline,change,label,raw_line
info,,,,,,,,,,,,"SYSTEM,Baseline collecting... Keep sensor on empty floor (5s)."
info,,,,,,,,,,,,"SYSTEM,START received"
baseline,,508,1023.0,515.0,508.6,1023.0,514.4,,,,"BASELINE,508,1023.0,515.0,508.6,1023.0,514.4"
baseline,,509,1023.0,514.0,508.6,1023.0,514.4,,,,"BASELINE,509,1023.0,514.0,508.6,1023.0,514.4"
baseline,,509,1023.0,514.0,508.8,1023.0,514.2,,,,"BASELINE,509,1023.0,514.0,508.8,1023.0,514.2"
baseline,,508,1023.0,515.0,508.6,1023.0,514.4,,,,"BASELINE,508,1023.0,515.0,508.6,1023.0,514.4"
baseline,,508,1023.0,515.0,508.4,1023.0,514.6,,,,"BASELINE,508,1023.0,515.0,508.4,1023.0,514.6"
baseline,,507,1023.0,516.0,508.2,1023.0,514.8,,,,"BASELINE,507,1023.0,516.0,508.2,1023.0,514.8"
baseline,,507,1023.0,516.0,507.8,1023.0,515.2,,,,"BASELINE,507,1023.0,516.0,507.8,1023.0,515.2"
baseline,,507,1023.0,516.0,507.4,1023.0,515.6,,,,"BASELINE,507,1023.0,516.0,507.4,1023.0,515.6"
baseline,,507,1023.0,516.0,507.2,1023.0,515.8,,,,"BASELINE,507,1023.0,516.0,507.2,1023.0,515.8"
baseline,,506,1023.0,517.0,506.8,1023.0,516.2,,,,"BASELINE,506,1023.0,517.0,506.8,1023.0,516.2"
baseline,,507,1023.0,516.0,506.8,1023.0,516.2,,,,"BASELINE,507,1023.0,516.0,506.8,1023.0,516.2"
baseline,,506,1023.0,517.0,506.6,1023.0,516.4,,,,"BASELINE,506,1023.0,517.0,506.6,1023.0,516.4"
baseline,,507,1023.0,516.0,506.6,1023.0,516.4,,,,"BASELINE,507,1023.0,516.0,506.6,1023.0,516.4"
baseline,,508,1023.0,515.0,506.8,1023.0,516.2,,,,"BASELINE,508,1023.0,515.0,506.8,1023.0,516.2"
baseline,,507,1023.0,516.0,507.0,1023.0,516.0,,,,"BASELINE,507,1023.0,516.0,507.0,1023.0,516.0"
baseline,,507,1023.0,516.0,507.0,1023.0,516.0,,,,"BASELINE,507,1023.0,516.0,507.0,1023.0,516.0"
baseline,,506,1023.0,517.0,507.0,1023.0,516.0,,,,"BASELINE,506,1023.0,517.0,507.0,1023.0,516.0"
baseline,,507,1023.0,516.0,507.0,1023.0,516.0,,,,"BASELINE,507,1023.0,516.0,507.0,1023.0,516.0"
baseline,,507,1023.0,516.0,506.8,1023.0,516.2,,,,"BASELINE,507,1023.0,516.0,506.8,1023.0,516.2"
baseline,,506,1023.0,517.0,506.6,1023.0,516.4,,,,"BASELINE,506,1023.0,517.0,506.6,1023.0,516.4"
baseline,,506,1023.0,517.0,506.4,1023.0,516.6,,,,"BASELINE,506,1023.0,517.0,506.4,1023.0,516.6"
baseline,,506,1023.0,517.0,506.4,1023.0,516.6,,,,"BASELINE,506,1023.0,517.0,506.4,1023.0,516.6"
baseline,,506,1023.0,517.0,506.2,1023.0,516.8,,,,"BASELINE,506,1023.0,517.0,506.2,1023.0,516.8"
baseline,,506,1023.0,517.0,506.0,1023.0,517.0,,,,"BASELINE,506,1023.0,517.0,506.0,1023.0,517.0"
baseline,,506,1023.0,517.0,506.0,1023.0,517.0,,,,"BASELINE,506,1023.0,517.0,506.0,1023.0,517.0"
baseline,,507,1023.0,516.0,506.2,1023.0,516.8,,,,"BASELINE,507,1023.0,516.0,506.2,1023.0,516.8"
baseline,,507,1023.0,516.0,506.4,1023.0,516.6,,,,"BASELINE,507,1023.0,516.0,506.4,1023.0,516.6"
baseline,,507,1023.0,516.0,506.6,1023.0,516.4,,,,"BASELINE,507,1023.0,516.0,506.6,1023.0,516.4"
baseline,,507,1023.0,516.0,506.8,1023.0,516.2,,,,"BASELINE,507,1023.0,516.0,506.8,1023.0,516.2"
baseline,,506,1023.0,517.0,506.8,1023.0,516.2,,,,"BASELINE,506,1023.0,517.0,506.8,1023.0,516.2"
baseline,,505,1023.0,518.0,506.4,1023.0,516.6,,,,"BASELINE,505,1023.0,518.0,506.4,1023.0,516.6"
baseline,,505,1023.0,518.0,506.0,1023.0,517.0,,,,"BASELINE,505,1023.0,518.0,506.0,1023.0,517.0"
baseline,,506,1023.0,517.0,505.8,1023.0,517.2,,,,"BASELINE,506,1023.0,517.0,505.8,1023.0,517.2"
baseline,,506,1023.0,517.0,505.6,1023.0,517.4,,,,"BASELINE,506,1023.0,517.0,505.6,1023.0,517.4"
baseline,,506,1023.0,517.0,505.6,1023.0,517.4,,,,"BASELINE,506,1023.0,517.0,505.6,1023.0,517.4"
info,,,,,,,,,,,,[SYSTEM] Camera index 1 opened via DEFAULT: 1280x720.
info,,,,,,,,,,,,[SYSTEM] Camera preview started: index 1
baseline,,506,1023.0,517.0,505.8,1023.0,517.2,,,,"BASELINE,506,1023.0,517.0,505.8,1023.0,517.2"
baseline,,506,1023.0,517.0,506.0,1023.0,517.0,,,,"BASELINE,506,1023.0,517.0,506.0,1023.0,517.0"
baseline,,505,1023.0,518.0,505.8,1023.0,517.2,,,,"BASELINE,505,1023.0,518.0,505.8,1023.0,517.2"
baseline,,506,1023.0,517.0,505.8,1023.0,517.2,,,,"BASELINE,506,1023.0,517.0,505.8,1023.0,517.2"
baseline,,505,1023.0,518.0,505.6,1023.0,517.4,,,,"BASELINE,505,1023.0,518.0,505.6,1023.0,517.4"
baseline,,506,1023.0,517.0,505.6,1023.0,517.4,,,,"BASELINE,506,1023.0,517.0,505.6,1023.0,517.4"
baseline,,505,1023.0,518.0,505.4,1023.0,517.6,,,,"BASELINE,505,1023.0,518.0,505.4,1023.0,517.6"
baseline,,506,1023.0,517.0,505.6,1023.0,517.4,,,,"BASELINE,506,1023.0,517.0,505.6,1023.0,517.4"
baseline,,506,1023.0,517.0,505.6,1023.0,517.4,,,,"BASELINE,506,1023.0,517.0,505.6,1023.0,517.4"
baseline,,506,1023.0,517.0,505.8,1023.0,517.2,,,,"BASELINE,506,1023.0,517.0,505.8,1023.0,517.2"
baseline,,505,1023.0,518.0,505.6,1023.0,517.4,,,,"BASELINE,505,1023.0,518.0,505.6,1023.0,517.4"
baseline,,505,1023.0,518.0,505.6,1023.0,517.4,,,,"BASELINE,505,1023.0,518.0,505.6,1023.0,517.4"
baseline,,505,1023.0,518.0,505.4,1023.0,517.6,,,,"BASELINE,505,1023.0,518.0,505.4,1023.0,517.6"
info,,,,,,,,,,,,"SYSTEM,Baseline done,516.43"
data,0.0,505,1023.0,518.0,505.0,1023.0,518.0,516.4,1.6,Floor,"DATA,0.0,505,1023.0,518.0,505.0,1023.0,518.0,516.4,1.6,Floor"
data,0.1,506,1023.0,517.0,505.2,1023.0,517.8,516.4,1.4,Floor,"DATA,0.1,506,1023.0,517.0,505.2,1023.0,517.8,516.4,1.4,Floor"
data,0.2,505,1023.0,518.0,505.2,1023.0,517.8,516.4,1.4,Floor,"DATA,0.2,505,1023.0,518.0,505.2,1023.0,517.8,516.4,1.4,Floor"
data,0.3,505,1023.0,518.0,505.2,1023.0,517.8,516.4,1.4,Floor,"DATA,0.3,505,1023.0,518.0,505.2,1023.0,517.8,516.4,1.4,Floor"
data,0.4,504,1023.0,519.0,505.0,1023.0,518.0,516.4,1.6,Floor,"DATA,0.4,504,1023.0,519.0,505.0,1023.0,518.0,516.4,1.6,Floor"
data,0.5,504,1023.0,519.0,504.8,1023.0,518.2,516.4,1.8,Floor,"DATA,0.5,504,1023.0,519.0,504.8,1023.0,518.2,516.4,1.8,Floor"
data,0.6,504,1023.0,519.0,504.4,1023.0,518.6,516.4,2.2,Floor,"DATA,0.6,504,1023.0,519.0,504.4,1023.0,518.6,516.4,2.2,Floor"
data,0.7,504,1023.0,519.0,504.2,1023.0,518.8,516.4,2.4,Floor,"DATA,0.7,504,1023.0,519.0,504.2,1023.0,518.8,516.4,2.4,Floor"
data,0.8,501,1023.0,522.0,503.4,1023.0,519.6,516.4,3.2,Floor,"DATA,0.8,501,1023.0,522.0,503.4,1023.0,519.6,516.4,3.2,Floor"
data,0.9,502,1023.0,521.0,503.0,1023.0,520.0,516.4,3.6,Floor,"DATA,0.9,502,1023.0,521.0,503.0,1023.0,520.0,516.4,3.6,Floor"
data,1.0,502,1023.0,521.0,502.6,1023.0,520.4,516.4,4.0,Floor,"DATA,1.0,502,1023.0,521.0,502.6,1023.0,520.4,516.4,4.0,Floor"
data,1.1,502,1023.0,521.0,502.2,1023.0,520.8,516.4,4.4,Floor,"DATA,1.1,502,1023.0,521.0,502.2,1023.0,520.8,516.4,4.4,Floor"
data,1.2,500,1023.0,523.0,501.4,1023.0,521.6,516.4,5.2,Floor,"DATA,1.2,500,1023.0,523.0,501.4,1023.0,521.6,516.4,5.2,Floor"
data,1.3,500,1023.0,523.0,501.2,1023.0,521.8,516.4,5.4,Floor,"DATA,1.3,500,1023.0,523.0,501.2,1023.0,521.8,516.4,5.4,Floor"
data,1.4,499,1023.0,524.0,500.6,1023.0,522.4,516.4,6.0,Floor,"DATA,1.4,499,1023.0,524.0,500.6,1023.0,522.4,516.4,6.0,Floor"
data,1.5,499,1023.0,524.0,500.0,1023.0,523.0,516.4,6.6,Floor,"DATA,1.5,499,1023.0,524.0,500.0,1023.0,523.0,516.4,6.6,Floor"
data,1.6,499,1023.0,524.0,499.4,1023.0,523.6,516.4,7.2,Floor,"DATA,1.6,499,1023.0,524.0,499.4,1023.0,523.6,516.4,7.2,Floor"
data,1.7,499,1023.0,524.0,499.2,1023.0,523.8,516.4,7.4,Floor,"DATA,1.7,499,1023.0,524.0,499.2,1023.0,523.8,516.4,7.4,Floor"
data,1.8,498,1023.0,525.0,498.8,1023.0,524.2,516.4,7.8,Floor,"DATA,1.8,498,1023.0,525.0,498.8,1023.0,524.2,516.4,7.8,Floor"
data,1.9,497,1023.0,526.0,498.4,1023.0,524.6,516.4,8.2,Floor,"DATA,1.9,497,1023.0,526.0,498.4,1023.0,524.6,516.4,8.2,Floor"
data,2.0,498,1023.0,525.0,498.2,1023.0,524.8,516.4,8.4,Floor,"DATA,2.0,498,1023.0,525.0,498.2,1023.0,524.8,516.4,8.4,Floor"
data,2.1,496,1023.0,527.0,497.6,1023.0,525.4,516.4,9.0,Floor,"DATA,2.1,496,1023.0,527.0,497.6,1023.0,525.4,516.4,9.0,Floor"
data,2.2,497,1023.0,526.0,497.2,1023.0,525.8,516.4,9.4,Floor,"DATA,2.2,497,1023.0,526.0,497.2,1023.0,525.8,516.4,9.4,Floor"
data,2.3,496,1023.0,527.0,496.8,1023.0,526.2,516.4,9.8,Floor,"DATA,2.3,496,1023.0,527.0,496.8,1023.0,526.2,516.4,9.8,Floor"
data,2.4,494,1023.0,529.0,496.2,1023.0,526.8,516.4,10.4,Liquid,"DATA,2.4,494,1023.0,529.0,496.2,1023.0,526.8,516.4,10.4,Liquid"
data,2.5,494,1023.0,529.0,495.4,1023.0,527.6,516.4,11.2,Liquid,"DATA,2.5,494,1023.0,529.0,495.4,1023.0,527.6,516.4,11.2,Liquid"
data,2.6,494,1023.0,529.0,495.0,1023.0,528.0,516.4,11.6,Liquid,"DATA,2.6,494,1023.0,529.0,495.0,1023.0,528.0,516.4,11.6,Liquid"
data,2.7,495,1023.0,528.0,494.6,1023.0,528.4,516.4,12.0,Liquid,"DATA,2.7,495,1023.0,528.0,494.6,1023.0,528.4,516.4,12.0,Liquid"
data,2.8,494,1023.0,529.0,494.2,1023.0,528.8,516.4,12.4,Liquid,"DATA,2.8,494,1023.0,529.0,494.2,1023.0,528.8,516.4,12.4,Liquid"
data,2.9,494,1023.0,529.0,494.2,1023.0,528.8,516.4,12.4,Liquid,"DATA,2.9,494,1023.0,529.0,494.2,1023.0,528.8,516.4,12.4,Liquid"
data,3.0,494,1023.0,529.0,494.2,1023.0,528.8,516.4,12.4,Liquid,"DATA,3.0,494,1023.0,529.0,494.2,1023.0,528.8,516.4,12.4,Liquid"
data,3.1,493,1023.0,530.0,494.0,1023.0,529.0,516.4,12.6,Liquid,"DATA,3.1,493,1023.0,530.0,494.0,1023.0,529.0,516.4,12.6,Liquid"
data,3.2,494,1023.0,529.0,493.8,1023.0,529.2,516.4,12.8,Liquid,"DATA,3.2,494,1023.0,529.0,493.8,1023.0,529.2,516.4,12.8,Liquid"
data,3.3,493,1023.0,530.0,493.6,1023.0,529.4,516.4,13.0,Liquid,"DATA,3.3,493,1023.0,530.0,493.6,1023.0,529.4,516.4,13.0,Liquid"
data,3.4,493,1023.0,530.0,493.4,1023.0,529.6,516.4,13.2,Liquid,"DATA,3.4,493,1023.0,530.0,493.4,1023.0,529.6,516.4,13.2,Liquid"
data,3.5,491,1023.0,532.0,492.8,1023.0,530.2,516.4,13.8,Liquid,"DATA,3.5,491,1023.0,532.0,492.8,1023.0,530.2,516.4,13.8,Liquid"
data,3.6,492,1023.0,531.0,492.6,1023.0,530.4,516.4,14.0,Liquid,"DATA,3.6,492,1023.0,531.0,492.6,1023.0,530.4,516.4,14.0,Liquid"
data,3.7,493,1023.0,530.0,492.4,1023.0,530.6,516.4,14.2,Liquid,"DATA,3.7,493,1023.0,530.0,492.4,1023.0,530.6,516.4,14.2,Liquid"
data,3.8,492,1023.0,531.0,492.2,1023.0,530.8,516.4,14.4,Liquid,"DATA,3.8,492,1023.0,531.0,492.2,1023.0,530.8,516.4,14.4,Liquid"
data,3.9,492,1023.0,531.0,492.0,1023.0,531.0,516.4,14.6,Liquid,"DATA,3.9,492,1023.0,531.0,492.0,1023.0,531.0,516.4,14.6,Liquid"
data,4.0,491,1023.0,532.0,492.0,1023.0,531.0,516.4,14.6,Liquid,"DATA,4.0,491,1023.0,532.0,492.0,1023.0,531.0,516.4,14.6,Liquid"
data,4.1,492,1023.0,531.0,492.0,1023.0,531.0,516.4,14.6,Liquid,"DATA,4.1,492,1023.0,531.0,492.0,1023.0,531.0,516.4,14.6,Liquid"
data,4.2,492,1023.0,531.0,491.8,1023.0,531.2,516.4,14.8,Liquid,"DATA,4.2,492,1023.0,531.0,491.8,1023.0,531.2,516.4,14.8,Liquid"
data,4.3,492,1023.0,531.0,491.8,1023.0,531.2,516.4,14.8,Liquid,"DATA,4.3,492,1023.0,531.0,491.8,1023.0,531.2,516.4,14.8,Liquid"
data,4.4,491,1023.0,532.0,491.6,1023.0,531.4,516.4,15.0,Liquid,"DATA,4.4,491,1023.0,532.0,491.6,1023.0,531.4,516.4,15.0,Liquid"
data,4.5,491,1023.0,532.0,491.6,1023.0,531.4,516.4,15.0,Liquid,"DATA,4.5,491,1023.0,532.0,491.6,1023.0,531.4,516.4,15.0,Liquid"
data,4.6,491,1023.0,532.0,491.4,1023.0,531.6,516.4,15.2,Liquid,"DATA,4.6,491,1023.0,532.0,491.4,1023.0,531.6,516.4,15.2,Liquid"
data,4.7,491,1023.0,532.0,491.2,1023.0,531.8,516.4,15.4,Liquid,"DATA,4.7,491,1023.0,532.0,491.2,1023.0,531.8,516.4,15.4,Liquid"
data,4.8,490,1023.0,533.0,490.8,1023.0,532.2,516.4,15.8,Liquid,"DATA,4.8,490,1023.0,533.0,490.8,1023.0,532.2,516.4,15.8,Liquid"
data,4.9,490,1023.0,533.0,490.6,1023.0,532.4,516.4,16.0,Liquid,"DATA,4.9,490,1023.0,533.0,490.6,1023.0,532.4,516.4,16.0,Liquid"
data,5.0,491,1023.0,532.0,490.6,1023.0,532.4,516.4,16.0,Liquid,"DATA,5.0,491,1023.0,532.0,490.6,1023.0,532.4,516.4,16.0,Liquid"
data,5.1,488,1023.0,535.0,490.0,1023.0,533.0,516.4,16.6,Liquid,"DATA,5.1,488,1023.0,535.0,490.0,1023.0,533.0,516.4,16.6,Liquid"
data,5.2,489,1023.0,534.0,489.6,1023.0,533.4,516.4,17.0,Liquid,"DATA,5.2,489,1023.0,534.0,489.6,1023.0,533.4,516.4,17.0,Liquid"
data,5.3,492,1023.0,531.0,490.0,1023.0,533.0,516.4,16.6,Liquid,"DATA,5.3,492,1023.0,531.0,490.0,1023.0,533.0,516.4,16.6,Liquid"
data,5.4,490,1023.0,533.0,490.0,1023.0,533.0,516.4,16.6,Liquid,"DATA,5.4,490,1023.0,533.0,490.0,1023.0,533.0,516.4,16.6,Liquid"
data,5.5,491,1023.0,532.0,490.0,1023.0,533.0,516.4,16.6,Liquid,"DATA,5.5,491,1023.0,532.0,490.0,1023.0,533.0,516.4,16.6,Liquid"
data,5.6,490,1023.0,533.0,490.4,1023.0,532.6,516.4,16.2,Liquid,"DATA,5.6,490,1023.0,533.0,490.4,1023.0,532.6,516.4,16.2,Liquid"
data,5.7,488,1023.0,535.0,490.2,1023.0,532.8,516.4,16.4,Liquid,"DATA,5.7,488,1023.0,535.0,490.2,1023.0,532.8,516.4,16.4,Liquid"
data,5.8,486,1023.0,537.0,489.0,1023.0,534.0,516.4,17.6,Liquid,"DATA,5.8,486,1023.0,537.0,489.0,1023.0,534.0,516.4,17.6,Liquid"
data,5.9,486,1023.0,537.0,488.2,1023.0,534.8,516.4,18.4,Liquid,"DATA,5.9,486,1023.0,537.0,488.2,1023.0,534.8,516.4,18.4,Liquid"
data,6.0,491,1023.0,532.0,488.2,1023.0,534.8,516.4,18.4,Liquid,"DATA,6.0,491,1023.0,532.0,488.2,1023.0,534.8,516.4,18.4,Liquid"
data,6.1,498,1023.0,525.0,489.8,1023.0,533.2,516.4,16.8,Liquid,"DATA,6.1,498,1023.0,525.0,489.8,1023.0,533.2,516.4,16.8,Liquid"
data,6.2,505,1023.0,518.0,493.2,1023.0,529.8,516.4,13.4,Liquid,"DATA,6.2,505,1023.0,518.0,493.2,1023.0,529.8,516.4,13.4,Liquid"
data,6.3,507,1023.0,516.0,497.4,1023.0,525.6,516.4,9.2,Floor,"DATA,6.3,507,1023.0,516.0,497.4,1023.0,525.6,516.4,9.2,Floor"
data,6.4,508,1023.0,515.0,501.8,1023.0,521.2,516.4,4.8,Floor,"DATA,6.4,508,1023.0,515.0,501.8,1023.0,521.2,516.4,4.8,Floor"
data,6.5,507,1023.0,516.0,505.0,1023.0,518.0,516.4,1.6,Floor,"DATA,6.5,507,1023.0,516.0,505.0,1023.0,518.0,516.4,1.6,Floor"
data,6.6,507,1023.0,516.0,506.8,1023.0,516.2,516.4,0.2,Floor,"DATA,6.6,507,1023.0,516.0,506.8,1023.0,516.2,516.4,0.2,Floor"
data,6.7,506,1023.0,517.0,507.0,1023.0,516.0,516.4,0.4,Floor,"DATA,6.7,506,1023.0,517.0,507.0,1023.0,516.0,516.4,0.4,Floor"
data,6.8,507,1023.0,516.0,507.0,1023.0,516.0,516.4,0.4,Floor,"DATA,6.8,507,1023.0,516.0,507.0,1023.0,516.0,516.4,0.4,Floor"
data,6.9,510,1023.0,513.0,507.4,1023.0,515.6,516.4,0.8,Floor,"DATA,6.9,510,1023.0,513.0,507.4,1023.0,515.6,516.4,0.8,Floor"
data,7.0,493,1023.0,530.0,504.6,1023.0,518.4,516.4,2.0,Floor,"DATA,7.0,493,1023.0,530.0,504.6,1023.0,518.4,516.4,2.0,Floor"
data,7.1,494,1023.0,529.0,502.0,1023.0,521.0,516.4,4.6,Floor,"DATA,7.1,494,1023.0,529.0,502.0,1023.0,521.0,516.4,4.6,Floor"
data,7.2,495,1023.0,528.0,499.8,1023.0,523.2,516.4,6.8,Floor,"DATA,7.2,495,1023.0,528.0,499.8,1023.0,523.2,516.4,6.8,Floor"
data,7.3,496,1023.0,527.0,497.6,1023.0,525.4,516.4,9.0,Floor,"DATA,7.3,496,1023.0,527.0,497.6,1023.0,525.4,516.4,9.0,Floor"
data,7.4,497,1023.0,526.0,495.0,1023.0,528.0,516.4,11.6,Liquid,"DATA,7.4,497,1023.0,526.0,495.0,1023.0,528.0,516.4,11.6,Liquid"
data,7.5,499,1023.0,524.0,496.2,1023.0,526.8,516.4,10.4,Liquid,"DATA,7.5,499,1023.0,524.0,496.2,1023.0,526.8,516.4,10.4,Liquid"
data,7.6,501,1023.0,522.0,497.6,1023.0,525.4,516.4,9.0,Floor,"DATA,7.6,501,1023.0,522.0,497.6,1023.0,525.4,516.4,9.0,Floor"
data,7.7,501,1023.0,522.0,498.8,1023.0,524.2,516.4,7.8,Floor,"DATA,7.7,501,1023.0,522.0,498.8,1023.0,524.2,516.4,7.8,Floor"
data,7.8,502,1023.0,521.0,500.0,1023.0,523.0,516.4,6.6,Floor,"DATA,7.8,502,1023.0,521.0,500.0,1023.0,523.0,516.4,6.6,Floor"
data,7.9,504,1023.0,519.0,501.4,1023.0,521.6,516.4,5.2,Floor,"DATA,7.9,504,1023.0,519.0,501.4,1023.0,521.6,516.4,5.2,Floor"
data,8.0,506,1023.0,517.0,502.8,1023.0,520.2,516.4,3.8,Floor,"DATA,8.0,506,1023.0,517.0,502.8,1023.0,520.2,516.4,3.8,Floor"
data,8.1,505,1023.0,518.0,503.6,1023.0,519.4,516.4,3.0,Floor,"DATA,8.1,505,1023.0,518.0,503.6,1023.0,519.4,516.4,3.0,Floor"
data,8.2,506,1023.0,517.0,504.6,1023.0,518.4,516.4,2.0,Floor,"DATA,8.2,506,1023.0,517.0,504.6,1023.0,518.4,516.4,2.0,Floor"
data,8.3,508,1023.0,515.0,505.8,1023.0,517.2,516.4,0.8,Floor,"DATA,8.3,508,1023.0,515.0,505.8,1023.0,517.2,516.4,0.8,Floor"
data,8.4,508,1023.0,515.0,506.6,1023.0,516.4,516.4,0.0,Floor,"DATA,8.4,508,1023.0,515.0,506.6,1023.0,516.4,516.4,0.0,Floor"
data,8.5,482,1023.0,541.0,501.8,1023.0,521.2,516.4,4.8,Floor,"DATA,8.5,482,1023.0,541.0,501.8,1023.0,521.2,516.4,4.8,Floor"
data,8.6,482,1023.0,541.0,497.2,1023.0,525.8,516.4,9.4,Floor,"DATA,8.6,482,1023.0,541.0,497.2,1023.0,525.8,516.4,9.4,Floor"
data,8.7,480,1023.0,543.0,492.0,1023.0,531.0,516.4,14.6,Liquid,"DATA,8.7,480,1023.0,543.0,492.0,1023.0,531.0,516.4,14.6,Liquid"
data,8.8,482,1023.0,541.0,486.8,1023.0,536.2,516.4,19.8,Liquid,"DATA,8.8,482,1023.0,541.0,486.8,1023.0,536.2,516.4,19.8,Liquid"
data,8.9,482,1023.0,541.0,481.6,1023.0,541.4,516.4,25.0,Liquid,"DATA,8.9,482,1023.0,541.0,481.6,1023.0,541.4,516.4,25.0,Liquid"
data,9.0,480,1023.0,543.0,481.2,1023.0,541.8,516.4,25.4,Liquid,"DATA,9.0,480,1023.0,543.0,481.2,1023.0,541.8,516.4,25.4,Liquid"
data,9.1,480,1023.0,543.0,480.8,1023.0,542.2,516.4,25.8,Liquid,"DATA,9.1,480,1023.0,543.0,480.8,1023.0,542.2,516.4,25.8,Liquid"
data,9.2,479,1023.0,544.0,480.6,1023.0,542.4,516.4,26.0,Liquid,"DATA,9.2,479,1023.0,544.0,480.6,1023.0,542.4,516.4,26.0,Liquid"
data,9.3,479,1023.0,544.0,480.0,1023.0,543.0,516.4,26.6,Liquid,"DATA,9.3,479,1023.0,544.0,480.0,1023.0,543.0,516.4,26.6,Liquid"
data,9.4,479,1023.0,544.0,479.4,1023.0,543.6,516.4,27.2,Liquid,"DATA,9.4,479,1023.0,544.0,479.4,1023.0,543.6,516.4,27.2,Liquid"
data,9.5,479,1023.0,544.0,479.2,1023.0,543.8,516.4,27.4,Liquid,"DATA,9.5,479,1023.0,544.0,479.2,1023.0,543.8,516.4,27.4,Liquid"
data,9.6,479,1023.0,544.0,479.0,1023.0,544.0,516.4,27.6,Liquid,"DATA,9.6,479,1023.0,544.0,479.0,1023.0,544.0,516.4,27.6,Liquid"
data,9.7,479,1023.0,544.0,479.0,1023.0,544.0,516.4,27.6,Liquid,"DATA,9.7,479,1023.0,544.0,479.0,1023.0,544.0,516.4,27.6,Liquid"
data,9.8,479,1023.0,544.0,479.0,1023.0,544.0,516.4,27.6,Liquid,"DATA,9.8,479,1023.0,544.0,479.0,1023.0,544.0,516.4,27.6,Liquid"
data,9.9,479,1023.0,544.0,479.0,1023.0,544.0,516.4,27.6,Liquid,"DATA,9.9,479,1023.0,544.0,479.0,1023.0,544.0,516.4,27.6,Liquid"
data,10.0,480,1023.0,543.0,479.2,1023.0,543.8,516.4,27.4,Liquid,"DATA,10.0,480,1023.0,543.0,479.2,1023.0,543.8,516.4,27.4,Liquid"
data,10.1,481,1023.0,542.0,479.6,1023.0,543.4,516.4,27.0,Liquid,"DATA,10.1,481,1023.0,542.0,479.6,1023.0,543.4,516.4,27.0,Liquid"
data,10.2,481,1023.0,542.0,480.0,1023.0,543.0,516.4,26.6,Liquid,"DATA,10.2,481,1023.0,542.0,480.0,1023.0,543.0,516.4,26.6,Liquid"
data,10.3,480,1023.0,543.0,480.2,1023.0,542.8,516.4,26.4,Liquid,"DATA,10.3,480,1023.0,543.0,480.2,1023.0,542.8,516.4,26.4,Liquid"
data,10.4,477,1023.0,546.0,479.8,1023.0,543.2,516.4,26.8,Liquid,"DATA,10.4,477,1023.0,546.0,479.8,1023.0,543.2,516.4,26.8,Liquid"
data,10.5,477,1023.0,546.0,479.2,1023.0,543.8,516.4,27.4,Liquid,"DATA,10.5,477,1023.0,546.0,479.2,1023.0,543.8,516.4,27.4,Liquid"
data,10.6,477,1023.0,546.0,478.4,1023.0,544.6,516.4,28.2,Liquid,"DATA,10.6,477,1023.0,546.0,478.4,1023.0,544.6,516.4,28.2,Liquid"
data,10.7,479,1023.0,544.0,478.0,1023.0,545.0,516.4,28.6,Liquid,"DATA,10.7,479,1023.0,544.0,478.0,1023.0,545.0,516.4,28.6,Liquid"
data,10.8,480,1023.0,543.0,478.0,1023.0,545.0,516.4,28.6,Liquid,"DATA,10.8,480,1023.0,543.0,478.0,1023.0,545.0,516.4,28.6,Liquid"
data,10.9,479,1023.0,544.0,478.4,1023.0,544.6,516.4,28.2,Liquid,"DATA,10.9,479,1023.0,544.0,478.4,1023.0,544.6,516.4,28.2,Liquid"
data,11.0,479,1023.0,544.0,478.8,1023.0,544.2,516.4,27.8,Liquid,"DATA,11.0,479,1023.0,544.0,478.8,1023.0,544.2,516.4,27.8,Liquid"
data,11.1,478,1023.0,545.0,479.0,1023.0,544.0,516.4,27.6,Liquid,"DATA,11.1,478,1023.0,545.0,479.0,1023.0,544.0,516.4,27.6,Liquid"
data,11.2,478,1023.0,545.0,478.8,1023.0,544.2,516.4,27.8,Liquid,"DATA,11.2,478,1023.0,545.0,478.8,1023.0,544.2,516.4,27.8,Liquid"
data,11.3,478,1023.0,545.0,478.4,1023.0,544.6,516.4,28.2,Liquid,"DATA,11.3,478,1023.0,545.0,478.4,1023.0,544.6,516.4,28.2,Liquid"
data,11.4,478,1023.0,545.0,478.2,1023.0,544.8,516.4,28.4,Liquid,"DATA,11.4,478,1023.0,545.0,478.2,1023.0,544.8,516.4,28.4,Liquid"
data,11.5,481,1023.0,542.0,478.6,1023.0,544.4,516.4,28.0,Liquid,"DATA,11.5,481,1023.0,542.0,478.6,1023.0,544.4,516.4,28.0,Liquid"
data,11.6,485,1023.0,538.0,480.0,1023.0,543.0,516.4,26.6,Liquid,"DATA,11.6,485,1023.0,538.0,480.0,1023.0,543.0,516.4,26.6,Liquid"
data,11.7,488,1023.0,535.0,482.0,1023.0,541.0,516.4,24.6,Liquid,"DATA,11.7,488,1023.0,535.0,482.0,1023.0,541.0,516.4,24.6,Liquid"
data,11.8,487,1023.0,536.0,483.8,1023.0,539.2,516.4,22.8,Liquid,"DATA,11.8,487,1023.0,536.0,483.8,1023.0,539.2,516.4,22.8,Liquid"
data,11.9,479,1023.0,544.0,484.0,1023.0,539.0,516.4,22.6,Liquid,"DATA,11.9,479,1023.0,544.0,484.0,1023.0,539.0,516.4,22.6,Liquid"
data,12.0,473,1023.0,550.0,482.4,1023.0,540.6,516.4,24.2,Liquid,"DATA,12.0,473,1023.0,550.0,482.4,1023.0,540.6,516.4,24.2,Liquid"
data,12.1,470,1023.0,553.0,479.4,1023.0,543.6,516.4,27.2,Liquid,"DATA,12.1,470,1023.0,553.0,479.4,1023.0,543.6,516.4,27.2,Liquid"
data,12.2,469,1023.0,554.0,475.6,1023.0,547.4,516.4,31.0,Liquid,"DATA,12.2,469,1023.0,554.0,475.6,1023.0,547.4,516.4,31.0,Liquid"
data,12.3,470,1023.0,553.0,472.2,1023.0,550.8,516.4,34.4,Liquid,"DATA,12.3,470,1023.0,553.0,472.2,1023.0,550.8,516.4,34.4,Liquid"
data,12.4,469,1023.0,554.0,470.2,1023.0,552.8,516.4,36.4,Liquid,"DATA,12.4,469,1023.0,554.0,470.2,1023.0,552.8,516.4,36.4,Liquid"
data,12.5,467,1023.0,556.0,469.0,1023.0,554.0,516.4,37.6,Liquid,"DATA,12.5,467,1023.0,556.0,469.0,1023.0,554.0,516.4,37.6,Liquid"
data,12.6,467,1023.0,556.0,468.4,1023.0,554.6,516.4,38.2,Liquid,"DATA,12.6,467,1023.0,556.0,468.4,1023.0,554.6,516.4,38.2,Liquid"
data,12.7,466,1023.0,557.0,467.8,1023.0,555.2,516.4,38.8,Liquid,"DATA,12.7,466,1023.0,557.0,467.8,1023.0,555.2,516.4,38.8,Liquid"
data,12.8,467,1023.0,556.0,467.2,1023.0,555.8,516.4,39.4,Liquid,"DATA,12.8,467,1023.0,556.0,467.2,1023.0,555.8,516.4,39.4,Liquid"
data,12.9,466,1023.0,557.0,466.6,1023.0,556.4,516.4,40.0,Liquid,"DATA,12.9,466,1023.0,557.0,466.6,1023.0,556.4,516.4,40.0,Liquid"
data,13.0,467,1023.0,556.0,466.6,1023.0,556.4,516.4,40.0,Liquid,"DATA,13.0,467,1023.0,556.0,466.6,1023.0,556.4,516.4,40.0,Liquid"
data,13.1,467,1023.0,556.0,466.6,1023.0,556.4,516.4,40.0,Liquid,"DATA,13.1,467,1023.0,556.0,466.6,1023.0,556.4,516.4,40.0,Liquid"
data,13.2,467,1023.0,556.0,466.8,1023.0,556.2,516.4,39.8,Liquid,"DATA,13.2,467,1023.0,556.0,466.8,1023.0,556.2,516.4,39.8,Liquid"
data,13.3,467,1023.0,556.0,466.8,1023.0,556.2,516.4,39.8,Liquid,"DATA,13.3,467,1023.0,556.0,466.8,1023.0,556.2,516.4,39.8,Liquid"
data,13.4,467,1023.0,556.0,467.0,1023.0,556.0,516.4,39.6,Liquid,"DATA,13.4,467,1023.0,556.0,467.0,1023.0,556.0,516.4,39.6,Liquid"
data,13.5,468,1023.0,555.0,467.2,1023.0,555.8,516.4,39.4,Liquid,"DATA,13.5,468,1023.0,555.0,467.2,1023.0,555.8,516.4,39.4,Liquid"
data,13.6,467,1023.0,556.0,467.2,1023.0,555.8,516.4,39.4,Liquid,"DATA,13.6,467,1023.0,556.0,467.2,1023.0,555.8,516.4,39.4,Liquid"
data,13.7,467,1023.0,556.0,467.2,1023.0,555.8,516.4,39.4,Liquid,"DATA,13.7,467,1023.0,556.0,467.2,1023.0,555.8,516.4,39.4,Liquid"
data,13.8,467,1023.0,556.0,467.2,1023.0,555.8,516.4,39.4,Liquid,"DATA,13.8,467,1023.0,556.0,467.2,1023.0,555.8,516.4,39.4,Liquid"
data,13.9,467,1023.0,556.0,467.2,1023.0,555.8,516.4,39.4,Liquid,"DATA,13.9,467,1023.0,556.0,467.2,1023.0,555.8,516.4,39.4,Liquid"
data,14.0,467,1023.0,556.0,467.0,1023.0,556.0,516.4,39.6,Liquid,"DATA,14.0,467,1023.0,556.0,467.0,1023.0,556.0,516.4,39.6,Liquid"
data,14.1,467,1023.0,556.0,467.0,1023.0,556.0,516.4,39.6,Liquid,"DATA,14.1,467,1023.0,556.0,467.0,1023.0,556.0,516.4,39.6,Liquid"
data,14.2,466,1023.0,557.0,466.8,1023.0,556.2,516.4,39.8,Liquid,"DATA,14.2,466,1023.0,557.0,466.8,1023.0,556.2,516.4,39.8,Liquid"
data,14.3,466,1023.0,557.0,466.6,1023.0,556.4,516.4,40.0,Liquid,"DATA,14.3,466,1023.0,557.0,466.6,1023.0,556.4,516.4,40.0,Liquid"
data,14.4,466,1023.0,557.0,466.4,1023.0,556.6,516.4,40.2,Liquid,"DATA,14.4,466,1023.0,557.0,466.4,1023.0,556.6,516.4,40.2,Liquid"
data,14.5,466,1023.0,557.0,466.2,1023.0,556.8,516.4,40.4,Liquid,"DATA,14.5,466,1023.0,557.0,466.2,1023.0,556.8,516.4,40.4,Liquid"
data,14.6,467,1023.0,556.0,466.2,1023.0,556.8,516.4,40.4,Liquid,"DATA,14.6,467,1023.0,556.0,466.2,1023.0,556.8,516.4,40.4,Liquid"
data,14.7,468,1023.0,555.0,466.6,1023.0,556.4,516.4,40.0,Liquid,"DATA,14.7,468,1023.0,555.0,466.6,1023.0,556.4,516.4,40.0,Liquid"
data,14.8,467,1023.0,556.0,466.8,1023.0,556.2,516.4,39.8,Liquid,"DATA,14.8,467,1023.0,556.0,466.8,1023.0,556.2,516.4,39.8,Liquid"
data,14.9,467,1023.0,556.0,467.0,1023.0,556.0,516.4,39.6,Liquid,"DATA,14.9,467,1023.0,556.0,467.0,1023.0,556.0,516.4,39.6,Liquid"
data,15.0,467,1023.0,556.0,467.2,1023.0,555.8,516.4,39.4,Liquid,"DATA,15.0,467,1023.0,556.0,467.2,1023.0,555.8,516.4,39.4,Liquid"
data,15.1,466,1023.0,557.0,467.0,1023.0,556.0,516.4,39.6,Liquid,"DATA,15.1,466,1023.0,557.0,467.0,1023.0,556.0,516.4,39.6,Liquid"
data,15.2,469,1023.0,554.0,467.2,1023.0,555.8,516.4,39.4,Liquid,"DATA,15.2,469,1023.0,554.0,467.2,1023.0,555.8,516.4,39.4,Liquid"
data,15.3,468,1023.0,555.0,467.4,1023.0,555.6,516.4,39.2,Liquid,"DATA,15.3,468,1023.0,555.0,467.4,1023.0,555.6,516.4,39.2,Liquid"
data,15.4,467,1023.0,556.0,467.4,1023.0,555.6,516.4,39.2,Liquid,"DATA,15.4,467,1023.0,556.0,467.4,1023.0,555.6,516.4,39.2,Liquid"
data,15.5,465,1023.0,558.0,467.0,1023.0,556.0,516.4,39.6,Liquid,"DATA,15.5,465,1023.0,558.0,467.0,1023.0,556.0,516.4,39.6,Liquid"
data,15.6,465,1023.0,558.0,466.8,1023.0,556.2,516.4,39.8,Liquid,"DATA,15.6,465,1023.0,558.0,466.8,1023.0,556.2,516.4,39.8,Liquid"
data,15.7,465,1023.0,558.0,466.0,1023.0,557.0,516.4,40.6,Liquid,"DATA,15.7,465,1023.0,558.0,466.0,1023.0,557.0,516.4,40.6,Liquid"
data,15.8,465,1023.0,558.0,465.4,1023.0,557.6,516.4,41.2,Liquid,"DATA,15.8,465,1023.0,558.0,465.4,1023.0,557.6,516.4,41.2,Liquid"
data,15.9,464,1023.0,559.0,464.8,1023.0,558.2,516.4,41.8,Liquid,"DATA,15.9,464,1023.0,559.0,464.8,1023.0,558.2,516.4,41.8,Liquid"
data,16.0,467,1023.0,556.0,465.2,1023.0,557.8,516.4,41.4,Liquid,"DATA,16.0,467,1023.0,556.0,465.2,1023.0,557.8,516.4,41.4,Liquid"
data,16.1,467,1023.0,556.0,465.6,1023.0,557.4,516.4,41.0,Liquid,"DATA,16.1,467,1023.0,556.0,465.6,1023.0,557.4,516.4,41.0,Liquid"
data,16.2,466,1023.0,557.0,465.8,1023.0,557.2,516.4,40.8,Liquid,"DATA,16.2,466,1023.0,557.0,465.8,1023.0,557.2,516.4,40.8,Liquid"
data,16.3,465,1023.0,558.0,465.8,1023.0,557.2,516.4,40.8,Liquid,"DATA,16.3,465,1023.0,558.0,465.8,1023.0,557.2,516.4,40.8,Liquid"
data,16.4,466,1023.0,557.0,466.2,1023.0,556.8,516.4,40.4,Liquid,"DATA,16.4,466,1023.0,557.0,466.2,1023.0,556.8,516.4,40.4,Liquid"
data,16.5,465,1023.0,558.0,465.8,1023.0,557.2,516.4,40.8,Liquid,"DATA,16.5,465,1023.0,558.0,465.8,1023.0,557.2,516.4,40.8,Liquid"
data,16.6,467,1023.0,556.0,465.8,1023.0,557.2,516.4,40.8,Liquid,"DATA,16.6,467,1023.0,556.0,465.8,1023.0,557.2,516.4,40.8,Liquid"
data,16.7,469,1023.0,554.0,466.4,1023.0,556.6,516.4,40.2,Liquid,"DATA,16.7,469,1023.0,554.0,466.4,1023.0,556.6,516.4,40.2,Liquid"
data,16.8,473,1023.0,550.0,468.0,1023.0,555.0,516.4,38.6,Liquid,"DATA,16.8,473,1023.0,550.0,468.0,1023.0,555.0,516.4,38.6,Liquid"
data,16.9,477,1023.0,546.0,470.2,1023.0,552.8,516.4,36.4,Liquid,"DATA,16.9,477,1023.0,546.0,470.2,1023.0,552.8,516.4,36.4,Liquid"
data,17.0,471,1023.0,552.0,471.4,1023.0,551.6,516.4,35.2,Liquid,"DATA,17.0,471,1023.0,552.0,471.4,1023.0,551.6,516.4,35.2,Liquid"
data,17.1,467,1023.0,556.0,471.4,1023.0,551.6,516.4,35.2,Liquid,"DATA,17.1,467,1023.0,556.0,471.4,1023.0,551.6,516.4,35.2,Liquid"
data,17.2,459,1023.0,564.0,469.4,1023.0,553.6,516.4,37.2,Liquid,"DATA,17.2,459,1023.0,564.0,469.4,1023.0,553.6,516.4,37.2,Liquid"
data,17.3,454,1023.0,569.0,465.6,1023.0,557.4,516.4,41.0,Liquid,"DATA,17.3,454,1023.0,569.0,465.6,1023.0,557.4,516.4,41.0,Liquid"
data,17.4,457,1023.0,566.0,461.6,1023.0,561.4,516.4,45.0,Liquid,"DATA,17.4,457,1023.0,566.0,461.6,1023.0,561.4,516.4,45.0,Liquid"
data,17.5,465,1023.0,558.0,460.4,1023.0,562.6,516.4,46.2,Liquid,"DATA,17.5,465,1023.0,558.0,460.4,1023.0,562.6,516.4,46.2,Liquid"
data,17.6,473,1023.0,550.0,461.6,1023.0,561.4,516.4,45.0,Liquid,"DATA,17.6,473,1023.0,550.0,461.6,1023.0,561.4,516.4,45.0,Liquid"
data,17.7,480,1023.0,543.0,465.8,1023.0,557.2,516.4,40.8,Liquid,"DATA,17.7,480,1023.0,543.0,465.8,1023.0,557.2,516.4,40.8,Liquid"
data,17.8,482,1023.0,541.0,471.4,1023.0,551.6,516.4,35.2,Liquid,"DATA,17.8,482,1023.0,541.0,471.4,1023.0,551.6,516.4,35.2,Liquid"
data,17.9,484,1023.0,539.0,476.8,1023.0,546.2,516.4,29.8,Liquid,"DATA,17.9,484,1023.0,539.0,476.8,1023.0,546.2,516.4,29.8,Liquid"
data,18.0,485,1023.0,538.0,480.8,1023.0,542.2,516.4,25.8,Liquid,"DATA,18.0,485,1023.0,538.0,480.8,1023.0,542.2,516.4,25.8,Liquid"
data,18.1,486,1023.0,537.0,483.4,1023.0,539.6,516.4,23.2,Liquid,"DATA,18.1,486,1023.0,537.0,483.4,1023.0,539.6,516.4,23.2,Liquid"
data,18.2,485,1023.0,538.0,484.4,1023.0,538.6,516.4,22.2,Liquid,"DATA,18.2,485,1023.0,538.0,484.4,1023.0,538.6,516.4,22.2,Liquid"
data,18.3,483,1023.0,540.0,484.6,1023.0,538.4,516.4,22.0,Liquid,"DATA,18.3,483,1023.0,540.0,484.6,1023.0,538.4,516.4,22.0,Liquid"
data,18.4,484,1023.0,539.0,484.6,1023.0,538.4,516.4,22.0,Liquid,"DATA,18.4,484,1023.0,539.0,484.6,1023.0,538.4,516.4,22.0,Liquid"
data,18.5,486,1023.0,537.0,484.8,1023.0,538.2,516.4,21.8,Liquid,"DATA,18.5,486,1023.0,537.0,484.8,1023.0,538.2,516.4,21.8,Liquid"
data,18.6,485,1023.0,538.0,484.6,1023.0,538.4,516.4,22.0,Liquid,"DATA,18.6,485,1023.0,538.0,484.6,1023.0,538.4,516.4,22.0,Liquid"
data,18.7,486,1023.0,537.0,484.8,1023.0,538.2,516.4,21.8,Liquid,"DATA,18.7,486,1023.0,537.0,484.8,1023.0,538.2,516.4,21.8,Liquid"
data,18.8,484,1023.0,539.0,485.0,1023.0,538.0,516.4,21.6,Liquid,"DATA,18.8,484,1023.0,539.0,485.0,1023.0,538.0,516.4,21.6,Liquid"
data,18.9,482,1023.0,541.0,484.6,1023.0,538.4,516.4,22.0,Liquid,"DATA,18.9,482,1023.0,541.0,484.6,1023.0,538.4,516.4,22.0,Liquid"
data,19.0,482,1023.0,541.0,483.8,1023.0,539.2,516.4,22.8,Liquid,"DATA,19.0,482,1023.0,541.0,483.8,1023.0,539.2,516.4,22.8,Liquid"
data,19.1,482,1023.0,541.0,483.2,1023.0,539.8,516.4,23.4,Liquid,"DATA,19.1,482,1023.0,541.0,483.2,1023.0,539.8,516.4,23.4,Liquid"
data,19.2,481,1023.0,542.0,482.2,1023.0,540.8,516.4,24.4,Liquid,"DATA,19.2,481,1023.0,542.0,482.2,1023.0,540.8,516.4,24.4,Liquid"
data,19.3,481,1023.0,542.0,481.6,1023.0,541.4,516.4,25.0,Liquid,"DATA,19.3,481,1023.0,542.0,481.6,1023.0,541.4,516.4,25.0,Liquid"
data,19.4,482,1023.0,541.0,481.6,1023.0,541.4,516.4,25.0,Liquid,"DATA,19.4,482,1023.0,541.0,481.6,1023.0,541.4,516.4,25.0,Liquid"
data,19.5,483,1023.0,540.0,481.8,1023.0,541.2,516.4,24.8,Liquid,"DATA,19.5,483,1023.0,540.0,481.8,1023.0,541.2,516.4,24.8,Liquid"
data,19.6,483,1023.0,540.0,482.0,1023.0,541.0,516.4,24.6,Liquid,"DATA,19.6,483,1023.0,540.0,482.0,1023.0,541.0,516.4,24.6,Liquid"
data,19.7,482,1023.0,541.0,482.2,1023.0,540.8,516.4,24.4,Liquid,"DATA,19.7,482,1023.0,541.0,482.2,1023.0,540.8,516.4,24.4,Liquid"
data,19.8,483,1023.0,540.0,482.6,1023.0,540.4,516.4,24.0,Liquid,"DATA,19.8,483,1023.0,540.0,482.6,1023.0,540.4,516.4,24.0,Liquid"
data,19.9,485,1023.0,538.0,483.2,1023.0,539.8,516.4,23.4,Liquid,"DATA,19.9,485,1023.0,538.0,483.2,1023.0,539.8,516.4,23.4,Liquid"
data,20.0,485,1023.0,538.0,483.6,1023.0,539.4,516.4,23.0,Liquid,"DATA,20.0,485,1023.0,538.0,483.6,1023.0,539.4,516.4,23.0,Liquid"
data,20.1,484,1023.0,539.0,483.8,1023.0,539.2,516.4,22.8,Liquid,"DATA,20.1,484,1023.0,539.0,483.8,1023.0,539.2,516.4,22.8,Liquid"
data,20.2,483,1023.0,540.0,484.0,1023.0,539.0,516.4,22.6,Liquid,"DATA,20.2,483,1023.0,540.0,484.0,1023.0,539.0,516.4,22.6,Liquid"
data,20.3,482,1023.0,541.0,483.8,1023.0,539.2,516.4,22.8,Liquid,"DATA,20.3,482,1023.0,541.0,483.8,1023.0,539.2,516.4,22.8,Liquid"
data,20.4,483,1023.0,540.0,483.4,1023.0,539.6,516.4,23.2,Liquid,"DATA,20.4,483,1023.0,540.0,483.4,1023.0,539.6,516.4,23.2,Liquid"
data,20.5,482,1023.0,541.0,482.8,1023.0,540.2,516.4,23.8,Liquid,"DATA,20.5,482,1023.0,541.0,482.8,1023.0,540.2,516.4,23.8,Liquid"
data,20.6,482,1023.0,541.0,482.4,1023.0,540.6,516.4,24.2,Liquid,"DATA,20.6,482,1023.0,541.0,482.4,1023.0,540.6,516.4,24.2,Liquid"
data,20.7,480,1023.0,543.0,481.8,1023.0,541.2,516.4,24.8,Liquid,"DATA,20.7,480,1023.0,543.0,481.8,1023.0,541.2,516.4,24.8,Liquid"
data,20.8,479,1023.0,544.0,481.2,1023.0,541.8,516.4,25.4,Liquid,"DATA,20.8,479,1023.0,544.0,481.2,1023.0,541.8,516.4,25.4,Liquid"
data,20.9,481,1023.0,542.0,480.8,1023.0,542.2,516.4,25.8,Liquid,"DATA,20.9,481,1023.0,542.0,480.8,1023.0,542.2,516.4,25.8,Liquid"
data,21.0,481,1023.0,542.0,480.6,1023.0,542.4,516.4,26.0,Liquid,"DATA,21.0,481,1023.0,542.0,480.6,1023.0,542.4,516.4,26.0,Liquid"
data,21.1,482,1023.0,541.0,480.6,1023.0,542.4,516.4,26.0,Liquid,"DATA,21.1,482,1023.0,541.0,480.6,1023.0,542.4,516.4,26.0,Liquid"
data,21.2,483,1023.0,540.0,481.2,1023.0,541.8,516.4,25.4,Liquid,"DATA,21.2,483,1023.0,540.0,481.2,1023.0,541.8,516.4,25.4,Liquid"
data,21.3,481,1023.0,542.0,481.6,1023.0,541.4,516.4,25.0,Liquid,"DATA,21.3,481,1023.0,542.0,481.6,1023.0,541.4,516.4,25.0,Liquid"
data,21.4,481,1023.0,542.0,481.6,1023.0,541.4,516.4,25.0,Liquid,"DATA,21.4,481,1023.0,542.0,481.6,1023.0,541.4,516.4,25.0,Liquid"
data,21.5,481,1023.0,542.0,481.6,1023.0,541.4,516.4,25.0,Liquid,"DATA,21.5,481,1023.0,542.0,481.6,1023.0,541.4,516.4,25.0,Liquid"
data,21.6,481,1023.0,542.0,481.4,1023.0,541.6,516.4,25.2,Liquid,"DATA,21.6,481,1023.0,542.0,481.4,1023.0,541.6,516.4,25.2,Liquid"
data,21.7,482,1023.0,541.0,481.2,1023.0,541.8,516.4,25.4,Liquid,"DATA,21.7,482,1023.0,541.0,481.2,1023.0,541.8,516.4,25.4,Liquid"
data,21.8,482,1023.0,541.0,481.4,1023.0,541.6,516.4,25.2,Liquid,"DATA,21.8,482,1023.0,541.0,481.4,1023.0,541.6,516.4,25.2,Liquid"
data,21.9,484,1023.0,539.0,482.0,1023.0,541.0,516.4,24.6,Liquid,"DATA,21.9,484,1023.0,539.0,482.0,1023.0,541.0,516.4,24.6,Liquid"
data,22.0,482,1023.0,541.0,482.2,1023.0,540.8,516.4,24.4,Liquid,"DATA,22.0,482,1023.0,541.0,482.2,1023.0,540.8,516.4,24.4,Liquid"
data,22.1,483,1023.0,540.0,482.6,1023.0,540.4,516.4,24.0,Liquid,"DATA,22.1,483,1023.0,540.0,482.6,1023.0,540.4,516.4,24.0,Liquid"
data,22.2,483,1023.0,540.0,482.8,1023.0,540.2,516.4,23.8,Liquid,"DATA,22.2,483,1023.0,540.0,482.8,1023.0,540.2,516.4,23.8,Liquid"
data,22.3,483,1023.0,540.0,483.0,1023.0,540.0,516.4,23.6,Liquid,"DATA,22.3,483,1023.0,540.0,483.0,1023.0,540.0,516.4,23.6,Liquid"
data,22.4,482,1023.0,541.0,482.6,1023.0,540.4,516.4,24.0,Liquid,"DATA,22.4,482,1023.0,541.0,482.6,1023.0,540.4,516.4,24.0,Liquid"
data,22.5,483,1023.0,540.0,482.8,1023.0,540.2,516.4,23.8,Liquid,"DATA,22.5,483,1023.0,540.0,482.8,1023.0,540.2,516.4,23.8,Liquid"
data,22.6,483,1023.0,540.0,482.8,1023.0,540.2,516.4,23.8,Liquid,"DATA,22.6,483,1023.0,540.0,482.8,1023.0,540.2,516.4,23.8,Liquid"
data,22.7,483,1023.0,540.0,482.8,1023.0,540.2,516.4,23.8,Liquid,"DATA,22.7,483,1023.0,540.0,482.8,1023.0,540.2,516.4,23.8,Liquid"
data,22.8,483,1023.0,540.0,482.8,1023.0,540.2,516.4,23.8,Liquid,"DATA,22.8,483,1023.0,540.0,482.8,1023.0,540.2,516.4,23.8,Liquid"
data,22.9,482,1023.0,541.0,482.8,1023.0,540.2,516.4,23.8,Liquid,"DATA,22.9,482,1023.0,541.0,482.8,1023.0,540.2,516.4,23.8,Liquid"
data,23.0,482,1023.0,541.0,482.6,1023.0,540.4,516.4,24.0,Liquid,"DATA,23.0,482,1023.0,541.0,482.6,1023.0,540.4,516.4,24.0,Liquid"
data,23.1,486,1023.0,537.0,483.2,1023.0,539.8,516.4,23.4,Liquid,"DATA,23.1,486,1023.0,537.0,483.2,1023.0,539.8,516.4,23.4,Liquid"
data,23.2,492,1023.0,531.0,485.0,1023.0,538.0,516.4,21.6,Liquid,"DATA,23.2,492,1023.0,531.0,485.0,1023.0,538.0,516.4,21.6,Liquid"
data,23.3,497,1023.0,526.0,487.8,1023.0,535.2,516.4,18.8,Liquid,"DATA,23.3,497,1023.0,526.0,487.8,1023.0,535.2,516.4,18.8,Liquid"
data,23.4,494,1023.0,529.0,490.2,1023.0,532.8,516.4,16.4,Liquid,"DATA,23.4,494,1023.0,529.0,490.2,1023.0,532.8,516.4,16.4,Liquid"
data,23.5,492,1023.0,531.0,492.2,1023.0,530.8,516.4,14.4,Liquid,"DATA,23.5,492,1023.0,531.0,492.2,1023.0,530.8,516.4,14.4,Liquid"
data,23.6,491,1023.0,532.0,493.2,1023.0,529.8,516.4,13.4,Liquid,"DATA,23.6,491,1023.0,532.0,493.2,1023.0,529.8,516.4,13.4,Liquid"
data,23.7,491,1023.0,532.0,493.0,1023.0,530.0,516.4,13.6,Liquid,"DATA,23.7,491,1023.0,532.0,493.0,1023.0,530.0,516.4,13.6,Liquid"
data,23.8,491,1023.0,532.0,491.8,1023.0,531.2,516.4,14.8,Liquid,"DATA,23.8,491,1023.0,532.0,491.8,1023.0,531.2,516.4,14.8,Liquid"
data,23.9,491,1023.0,532.0,491.2,1023.0,531.8,516.4,15.4,Liquid,"DATA,23.9,491,1023.0,532.0,491.2,1023.0,531.8,516.4,15.4,Liquid"
data,24.0,490,1023.0,533.0,490.8,1023.0,532.2,516.4,15.8,Liquid,"DATA,24.0,490,1023.0,533.0,490.8,1023.0,532.2,516.4,15.8,Liquid"
data,24.1,490,1023.0,533.0,490.6,1023.0,532.4,516.4,16.0,Liquid,"DATA,24.1,490,1023.0,533.0,490.6,1023.0,532.4,516.4,16.0,Liquid"
data,24.2,489,1023.0,534.0,490.2,1023.0,532.8,516.4,16.4,Liquid,"DATA,24.2,489,1023.0,534.0,490.2,1023.0,532.8,516.4,16.4,Liquid"
data,24.3,490,1023.0,533.0,490.0,1023.0,533.0,516.4,16.6,Liquid,"DATA,24.3,490,1023.0,533.0,490.0,1023.0,533.0,516.4,16.6,Liquid"
data,24.4,490,1023.0,533.0,489.8,1023.0,533.2,516.4,16.8,Liquid,"DATA,24.4,490,1023.0,533.0,489.8,1023.0,533.2,516.4,16.8,Liquid"
data,24.5,490,1023.0,533.0,489.8,1023.0,533.2,516.4,16.8,Liquid,"DATA,24.5,490,1023.0,533.0,489.8,1023.0,533.2,516.4,16.8,Liquid"
data,24.6,490,1023.0,533.0,489.8,1023.0,533.2,516.4,16.8,Liquid,"DATA,24.6,490,1023.0,533.0,489.8,1023.0,533.2,516.4,16.8,Liquid"
data,24.7,489,1023.0,534.0,489.8,1023.0,533.2,516.4,16.8,Liquid,"DATA,24.7,489,1023.0,534.0,489.8,1023.0,533.2,516.4,16.8,Liquid"
data,24.8,489,1023.0,534.0,489.6,1023.0,533.4,516.4,17.0,Liquid,"DATA,24.8,489,1023.0,534.0,489.6,1023.0,533.4,516.4,17.0,Liquid"
data,24.9,489,1023.0,534.0,489.4,1023.0,533.6,516.4,17.2,Liquid,"DATA,24.9,489,1023.0,534.0,489.4,1023.0,533.6,516.4,17.2,Liquid"
data,25.0,489,1023.0,534.0,489.2,1023.0,533.8,516.4,17.4,Liquid,"DATA,25.0,489,1023.0,534.0,489.2,1023.0,533.8,516.4,17.4,Liquid"
data,25.1,489,1023.0,534.0,489.0,1023.0,534.0,516.4,17.6,Liquid,"DATA,25.1,489,1023.0,534.0,489.0,1023.0,534.0,516.4,17.6,Liquid"
data,25.2,490,1023.0,533.0,489.2,1023.0,533.8,516.4,17.4,Liquid,"DATA,25.2,490,1023.0,533.0,489.2,1023.0,533.8,516.4,17.4,Liquid"
data,25.3,490,1023.0,533.0,489.4,1023.0,533.6,516.4,17.2,Liquid,"DATA,25.3,490,1023.0,533.0,489.4,1023.0,533.6,516.4,17.2,Liquid"
data,25.4,489,1023.0,534.0,489.4,1023.0,533.6,516.4,17.2,Liquid,"DATA,25.4,489,1023.0,534.0,489.4,1023.0,533.6,516.4,17.2,Liquid"
data,25.5,489,1023.0,534.0,489.4,1023.0,533.6,516.4,17.2,Liquid,"DATA,25.5,489,1023.0,534.0,489.4,1023.0,533.6,516.4,17.2,Liquid"
data,25.6,489,1023.0,534.0,489.4,1023.0,533.6,516.4,17.2,Liquid,"DATA,25.6,489,1023.0,534.0,489.4,1023.0,533.6,516.4,17.2,Liquid"
data,25.7,489,1023.0,534.0,489.2,1023.0,533.8,516.4,17.4,Liquid,"DATA,25.7,489,1023.0,534.0,489.2,1023.0,533.8,516.4,17.4,Liquid"
data,25.8,489,1023.0,534.0,489.0,1023.0,534.0,516.4,17.6,Liquid,"DATA,25.8,489,1023.0,534.0,489.0,1023.0,534.0,516.4,17.6,Liquid"
data,25.9,489,1023.0,534.0,489.0,1023.0,534.0,516.4,17.6,Liquid,"DATA,25.9,489,1023.0,534.0,489.0,1023.0,534.0,516.4,17.6,Liquid"
data,26.0,489,1023.0,534.0,489.0,1023.0,534.0,516.4,17.6,Liquid,"DATA,26.0,489,1023.0,534.0,489.0,1023.0,534.0,516.4,17.6,Liquid"
data,26.1,490,1023.0,533.0,489.2,1023.0,533.8,516.4,17.4,Liquid,"DATA,26.1,490,1023.0,533.0,489.2,1023.0,533.8,516.4,17.4,Liquid"
data,26.2,489,1023.0,534.0,489.2,1023.0,533.8,516.4,17.4,Liquid,"DATA,26.2,489,1023.0,534.0,489.2,1023.0,533.8,516.4,17.4,Liquid"
data,26.3,489,1023.0,534.0,489.2,1023.0,533.8,516.4,17.4,Liquid,"DATA,26.3,489,1023.0,534.0,489.2,1023.0,533.8,516.4,17.4,Liquid"
data,26.4,490,1023.0,533.0,489.4,1023.0,533.6,516.4,17.2,Liquid,"DATA,26.4,490,1023.0,533.0,489.4,1023.0,533.6,516.4,17.2,Liquid"
data,26.5,489,1023.0,534.0,489.4,1023.0,533.6,516.4,17.2,Liquid,"DATA,26.5,489,1023.0,534.0,489.4,1023.0,533.6,516.4,17.2,Liquid"
data,26.6,490,1023.0,533.0,489.4,1023.0,533.6,516.4,17.2,Liquid,"DATA,26.6,490,1023.0,533.0,489.4,1023.0,533.6,516.4,17.2,Liquid"
data,26.7,490,1023.0,533.0,489.6,1023.0,533.4,516.4,17.0,Liquid,"DATA,26.7,490,1023.0,533.0,489.6,1023.0,533.4,516.4,17.0,Liquid"
data,26.8,489,1023.0,534.0,489.6,1023.0,533.4,516.4,17.0,Liquid,"DATA,26.8,489,1023.0,534.0,489.6,1023.0,533.4,516.4,17.0,Liquid"
data,26.9,489,1023.0,534.0,489.4,1023.0,533.6,516.4,17.2,Liquid,"DATA,26.9,489,1023.0,534.0,489.4,1023.0,533.6,516.4,17.2,Liquid"
data,27.0,490,1023.0,533.0,489.6,1023.0,533.4,516.4,17.0,Liquid,"DATA,27.0,490,1023.0,533.0,489.6,1023.0,533.4,516.4,17.0,Liquid"
data,27.1,489,1023.0,534.0,489.4,1023.0,533.6,516.4,17.2,Liquid,"DATA,27.1,489,1023.0,534.0,489.4,1023.0,533.6,516.4,17.2,Liquid"
data,27.2,490,1023.0,533.0,489.4,1023.0,533.6,516.4,17.2,Liquid,"DATA,27.2,490,1023.0,533.0,489.4,1023.0,533.6,516.4,17.2,Liquid"
data,27.3,490,1023.0,533.0,489.6,1023.0,533.4,516.4,17.0,Liquid,"DATA,27.3,490,1023.0,533.0,489.6,1023.0,533.4,516.4,17.0,Liquid"
data,27.4,490,1023.0,533.0,489.8,1023.0,533.2,516.4,16.8,Liquid,"DATA,27.4,490,1023.0,533.0,489.8,1023.0,533.2,516.4,16.8,Liquid"
data,27.5,490,1023.0,533.0,489.8,1023.0,533.2,516.4,16.8,Liquid,"DATA,27.5,490,1023.0,533.0,489.8,1023.0,533.2,516.4,16.8,Liquid"
data,27.6,491,1023.0,532.0,490.2,1023.0,532.8,516.4,16.4,Liquid,"DATA,27.6,491,1023.0,532.0,490.2,1023.0,532.8,516.4,16.4,Liquid"
data,27.7,490,1023.0,533.0,490.2,1023.0,532.8,516.4,16.4,Liquid,"DATA,27.7,490,1023.0,533.0,490.2,1023.0,532.8,516.4,16.4,Liquid"
data,27.8,490,1023.0,533.0,490.2,1023.0,532.8,516.4,16.4,Liquid,"DATA,27.8,490,1023.0,533.0,490.2,1023.0,532.8,516.4,16.4,Liquid"
data,27.9,490,1023.0,533.0,490.2,1023.0,532.8,516.4,16.4,Liquid,"DATA,27.9,490,1023.0,533.0,490.2,1023.0,532.8,516.4,16.4,Liquid"
data,28.0,490,1023.0,533.0,490.2,1023.0,532.8,516.4,16.4,Liquid,"DATA,28.0,490,1023.0,533.0,490.2,1023.0,532.8,516.4,16.4,Liquid"
data,28.1,490,1023.0,533.0,490.0,1023.0,533.0,516.4,16.6,Liquid,"DATA,28.1,490,1023.0,533.0,490.0,1023.0,533.0,516.4,16.6,Liquid"
data,28.2,488,1023.0,535.0,489.6,1023.0,533.4,516.4,17.0,Liquid,"DATA,28.2,488,1023.0,535.0,489.6,1023.0,533.4,516.4,17.0,Liquid"
data,28.3,492,1023.0,531.0,490.0,1023.0,533.0,516.4,16.6,Liquid,"DATA,28.3,492,1023.0,531.0,490.0,1023.0,533.0,516.4,16.6,Liquid"
data,28.4,493,1023.0,530.0,490.6,1023.0,532.4,516.4,16.0,Liquid,"DATA,28.4,493,1023.0,530.0,490.6,1023.0,532.4,516.4,16.0,Liquid"
data,28.5,498,1023.0,525.0,492.2,1023.0,530.8,516.4,14.4,Liquid,"DATA,28.5,498,1023.0,525.0,492.2,1023.0,530.8,516.4,14.4,Liquid"
data,28.6,464,1023.0,559.0,487.0,1023.0,536.0,516.4,19.6,Liquid,"DATA,28.6,464,1023.0,559.0,487.0,1023.0,536.0,516.4,19.6,Liquid"
data,28.7,479,1023.0,544.0,485.2,1023.0,537.8,516.4,21.4,Liquid,"DATA,28.7,479,1023.0,544.0,485.2,1023.0,537.8,516.4,21.4,Liquid"
data,28.8,482,1023.0,541.0,483.2,1023.0,539.8,516.4,23.4,Liquid,"DATA,28.8,482,1023.0,541.0,483.2,1023.0,539.8,516.4,23.4,Liquid"
data,28.9,481,1023.0,542.0,480.8,1023.0,542.2,516.4,25.8,Liquid,"DATA,28.9,481,1023.0,542.0,480.8,1023.0,542.2,516.4,25.8,Liquid"
data,29.0,479,1023.0,544.0,477.0,1023.0,546.0,516.4,29.6,Liquid,"DATA,29.0,479,1023.0,544.0,477.0,1023.0,546.0,516.4,29.6,Liquid"
data,29.1,483,1023.0,540.0,480.8,1023.0,542.2,516.4,25.8,Liquid,"DATA,29.1,483,1023.0,540.0,480.8,1023.0,542.2,516.4,25.8,Liquid"
data,29.2,457,1023.0,566.0,476.4,1023.0,546.6,516.4,30.2,Liquid,"DATA,29.2,457,1023.0,566.0,476.4,1023.0,546.6,516.4,30.2,Liquid"
data,29.3,467,1023.0,556.0,473.4,1023.0,549.6,516.4,33.2,Liquid,"DATA,29.3,467,1023.0,556.0,473.4,1023.0,549.6,516.4,33.2,Liquid"
data,29.4,468,1023.0,555.0,470.8,1023.0,552.2,516.4,35.8,Liquid,"DATA,29.4,468,1023.0,555.0,470.8,1023.0,552.2,516.4,35.8,Liquid"
data,29.5,469,1023.0,554.0,468.8,1023.0,554.2,516.4,37.8,Liquid,"DATA,29.5,469,1023.0,554.0,468.8,1023.0,554.2,516.4,37.8,Liquid"
data,29.6,465,1023.0,558.0,465.2,1023.0,557.8,516.4,41.4,Liquid,"DATA,29.6,465,1023.0,558.0,465.2,1023.0,557.8,516.4,41.4,Liquid"
data,29.7,465,1023.0,558.0,466.8,1023.0,556.2,516.4,39.8,Liquid,"DATA,29.7,465,1023.0,558.0,466.8,1023.0,556.2,516.4,39.8,Liquid"
data,29.8,467,1023.0,556.0,466.8,1023.0,556.2,516.4,39.8,Liquid,"DATA,29.8,467,1023.0,556.0,466.8,1023.0,556.2,516.4,39.8,Liquid"
data,29.9,468,1023.0,555.0,466.8,1023.0,556.2,516.4,39.8,Liquid,"DATA,29.9,468,1023.0,555.0,466.8,1023.0,556.2,516.4,39.8,Liquid"
data,30.0,465,1023.0,558.0,466.0,1023.0,557.0,516.4,40.6,Liquid,"DATA,30.0,465,1023.0,558.0,466.0,1023.0,557.0,516.4,40.6,Liquid"
data,30.1,465,1023.0,558.0,466.0,1023.0,557.0,516.4,40.6,Liquid,"DATA,30.1,465,1023.0,558.0,466.0,1023.0,557.0,516.4,40.6,Liquid"
data,30.2,464,1023.0,559.0,465.8,1023.0,557.2,516.4,40.8,Liquid,"DATA,30.2,464,1023.0,559.0,465.8,1023.0,557.2,516.4,40.8,Liquid"
data,30.3,464,1023.0,559.0,465.2,1023.0,557.8,516.4,41.4,Liquid,"DATA,30.3,464,1023.0,559.0,465.2,1023.0,557.8,516.4,41.4,Liquid"
data,30.4,468,1023.0,555.0,465.2,1023.0,557.8,516.4,41.4,Liquid,"DATA,30.4,468,1023.0,555.0,465.2,1023.0,557.8,516.4,41.4,Liquid"
data,30.5,468,1023.0,555.0,465.8,1023.0,557.2,516.4,40.8,Liquid,"DATA,30.5,468,1023.0,555.0,465.8,1023.0,557.2,516.4,40.8,Liquid"
data,30.6,469,1023.0,554.0,466.6,1023.0,556.4,516.4,40.0,Liquid,"DATA,30.6,469,1023.0,554.0,466.6,1023.0,556.4,516.4,40.0,Liquid"
data,30.7,468,1023.0,555.0,467.4,1023.0,555.6,516.4,39.2,Liquid,"DATA,30.7,468,1023.0,555.0,467.4,1023.0,555.6,516.4,39.2,Liquid"
data,30.8,470,1023.0,553.0,468.6,1023.0,554.4,516.4,38.0,Liquid,"DATA,30.8,470,1023.0,553.0,468.6,1023.0,554.4,516.4,38.0,Liquid"
data,30.9,468,1023.0,555.0,468.6,1023.0,554.4,516.4,38.0,Liquid,"DATA,30.9,468,1023.0,555.0,468.6,1023.0,554.4,516.4,38.0,Liquid"
data,31.0,468,1023.0,555.0,468.6,1023.0,554.4,516.4,38.0,Liquid,"DATA,31.0,468,1023.0,555.0,468.6,1023.0,554.4,516.4,38.0,Liquid"
data,31.1,469,1023.0,554.0,468.6,1023.0,554.4,516.4,38.0,Liquid,"DATA,31.1,469,1023.0,554.0,468.6,1023.0,554.4,516.4,38.0,Liquid"
data,31.2,469,1023.0,554.0,468.8,1023.0,554.2,516.4,37.8,Liquid,"DATA,31.2,469,1023.0,554.0,468.8,1023.0,554.2,516.4,37.8,Liquid"
data,31.3,469,1023.0,554.0,468.6,1023.0,554.4,516.4,38.0,Liquid,"DATA,31.3,469,1023.0,554.0,468.6,1023.0,554.4,516.4,38.0,Liquid"
data,31.4,471,1023.0,552.0,469.2,1023.0,553.8,516.4,37.4,Liquid,"DATA,31.4,471,1023.0,552.0,469.2,1023.0,553.8,516.4,37.4,Liquid"
data,31.5,470,1023.0,553.0,469.6,1023.0,553.4,516.4,37.0,Liquid,"DATA,31.5,470,1023.0,553.0,469.6,1023.0,553.4,516.4,37.0,Liquid"
data,31.6,471,1023.0,552.0,470.0,1023.0,553.0,516.4,36.6,Liquid,"DATA,31.6,471,1023.0,552.0,470.0,1023.0,553.0,516.4,36.6,Liquid"
data,31.7,471,1023.0,552.0,470.4,1023.0,552.6,516.4,36.2,Liquid,"DATA,31.7,471,1023.0,552.0,470.4,1023.0,552.6,516.4,36.2,Liquid"
data,31.8,470,1023.0,553.0,470.6,1023.0,552.4,516.4,36.0,Liquid,"DATA,31.8,470,1023.0,553.0,470.6,1023.0,552.4,516.4,36.0,Liquid"
data,31.9,471,1023.0,552.0,470.6,1023.0,552.4,516.4,36.0,Liquid,"DATA,31.9,471,1023.0,552.0,470.6,1023.0,552.4,516.4,36.0,Liquid"
data,32.0,471,1023.0,552.0,470.8,1023.0,552.2,516.4,35.8,Liquid,"DATA,32.0,471,1023.0,552.0,470.8,1023.0,552.2,516.4,35.8,Liquid"
data,32.1,472,1023.0,551.0,471.0,1023.0,552.0,516.4,35.6,Liquid,"DATA,32.1,472,1023.0,551.0,471.0,1023.0,552.0,516.4,35.6,Liquid"
data,32.2,471,1023.0,552.0,471.0,1023.0,552.0,516.4,35.6,Liquid,"DATA,32.2,471,1023.0,552.0,471.0,1023.0,552.0,516.4,35.6,Liquid"
data,32.3,471,1023.0,552.0,471.2,1023.0,551.8,516.4,35.4,Liquid,"DATA,32.3,471,1023.0,552.0,471.2,1023.0,551.8,516.4,35.4,Liquid"
data,32.4,472,1023.0,551.0,471.4,1023.0,551.6,516.4,35.2,Liquid,"DATA,32.4,472,1023.0,551.0,471.4,1023.0,551.6,516.4,35.2,Liquid"
data,32.5,470,1023.0,553.0,471.2,1023.0,551.8,516.4,35.4,Liquid,"DATA,32.5,470,1023.0,553.0,471.2,1023.0,551.8,516.4,35.4,Liquid"
data,32.6,471,1023.0,552.0,471.0,1023.0,552.0,516.4,35.6,Liquid,"DATA,32.6,471,1023.0,552.0,471.0,1023.0,552.0,516.4,35.6,Liquid"
data,32.7,471,1023.0,552.0,471.0,1023.0,552.0,516.4,35.6,Liquid,"DATA,32.7,471,1023.0,552.0,471.0,1023.0,552.0,516.4,35.6,Liquid"
data,32.8,471,1023.0,552.0,471.0,1023.0,552.0,516.4,35.6,Liquid,"DATA,32.8,471,1023.0,552.0,471.0,1023.0,552.0,516.4,35.6,Liquid"
data,32.9,470,1023.0,553.0,470.6,1023.0,552.4,516.4,36.0,Liquid,"DATA,32.9,470,1023.0,553.0,470.6,1023.0,552.4,516.4,36.0,Liquid"
data,33.0,469,1023.0,554.0,470.4,1023.0,552.6,516.4,36.2,Liquid,"DATA,33.0,469,1023.0,554.0,470.4,1023.0,552.6,516.4,36.2,Liquid"
data,33.1,470,1023.0,553.0,470.2,1023.0,552.8,516.4,36.4,Liquid,"DATA,33.1,470,1023.0,553.0,470.2,1023.0,552.8,516.4,36.4,Liquid"
data,33.2,471,1023.0,552.0,470.2,1023.0,552.8,516.4,36.4,Liquid,"DATA,33.2,471,1023.0,552.0,470.2,1023.0,552.8,516.4,36.4,Liquid"
data,33.3,470,1023.0,553.0,470.0,1023.0,553.0,516.4,36.6,Liquid,"DATA,33.3,470,1023.0,553.0,470.0,1023.0,553.0,516.4,36.6,Liquid"
data,33.4,470,1023.0,553.0,470.0,1023.0,553.0,516.4,36.6,Liquid,"DATA,33.4,470,1023.0,553.0,470.0,1023.0,553.0,516.4,36.6,Liquid"
data,33.5,471,1023.0,552.0,470.4,1023.0,552.6,516.4,36.2,Liquid,"DATA,33.5,471,1023.0,552.0,470.4,1023.0,552.6,516.4,36.2,Liquid"
data,33.6,470,1023.0,553.0,470.4,1023.0,552.6,516.4,36.2,Liquid,"DATA,33.6,470,1023.0,553.0,470.4,1023.0,552.6,516.4,36.2,Liquid"
data,33.7,470,1023.0,553.0,470.2,1023.0,552.8,516.4,36.4,Liquid,"DATA,33.7,470,1023.0,553.0,470.2,1023.0,552.8,516.4,36.4,Liquid"
data,33.8,469,1023.0,554.0,470.0,1023.0,553.0,516.4,36.6,Liquid,"DATA,33.8,469,1023.0,554.0,470.0,1023.0,553.0,516.4,36.6,Liquid"
data,33.9,470,1023.0,553.0,470.0,1023.0,553.0,516.4,36.6,Liquid,"DATA,33.9,470,1023.0,553.0,470.0,1023.0,553.0,516.4,36.6,Liquid"
data,34.0,470,1023.0,553.0,469.8,1023.0,553.2,516.4,36.8,Liquid,"DATA,34.0,470,1023.0,553.0,469.8,1023.0,553.2,516.4,36.8,Liquid"
data,34.1,469,1023.0,554.0,469.6,1023.0,553.4,516.4,37.0,Liquid,"DATA,34.1,469,1023.0,554.0,469.6,1023.0,553.4,516.4,37.0,Liquid"
data,34.2,469,1023.0,554.0,469.4,1023.0,553.6,516.4,37.2,Liquid,"DATA,34.2,469,1023.0,554.0,469.4,1023.0,553.6,516.4,37.2,Liquid"
data,34.3,469,1023.0,554.0,469.4,1023.0,553.6,516.4,37.2,Liquid,"DATA,34.3,469,1023.0,554.0,469.4,1023.0,553.6,516.4,37.2,Liquid"
data,34.4,469,1023.0,554.0,469.2,1023.0,553.8,516.4,37.4,Liquid,"DATA,34.4,469,1023.0,554.0,469.2,1023.0,553.8,516.4,37.4,Liquid"
data,34.5,467,1023.0,556.0,468.6,1023.0,554.4,516.4,38.0,Liquid,"DATA,34.5,467,1023.0,556.0,468.6,1023.0,554.4,516.4,38.0,Liquid"
data,34.6,467,1023.0,556.0,468.2,1023.0,554.8,516.4,38.4,Liquid,"DATA,34.6,467,1023.0,556.0,468.2,1023.0,554.8,516.4,38.4,Liquid"
data,34.7,466,1023.0,557.0,467.6,1023.0,555.4,516.4,39.0,Liquid,"DATA,34.7,466,1023.0,557.0,467.6,1023.0,555.4,516.4,39.0,Liquid"
data,34.8,470,1023.0,553.0,467.8,1023.0,555.2,516.4,38.8,Liquid,"DATA,34.8,470,1023.0,553.0,467.8,1023.0,555.2,516.4,38.8,Liquid"
data,34.9,474,1023.0,549.0,468.8,1023.0,554.2,516.4,37.8,Liquid,"DATA,34.9,474,1023.0,549.0,468.8,1023.0,554.2,516.4,37.8,Liquid"
data,35.0,479,1023.0,544.0,471.2,1023.0,551.8,516.4,35.4,Liquid,"DATA,35.0,479,1023.0,544.0,471.2,1023.0,551.8,516.4,35.4,Liquid"
data,35.1,476,1023.0,547.0,473.0,1023.0,550.0,516.4,33.6,Liquid,"DATA,35.1,476,1023.0,547.0,473.0,1023.0,550.0,516.4,33.6,Liquid"
data,35.2,474,1023.0,549.0,474.6,1023.0,548.4,516.4,32.0,Liquid,"DATA,35.2,474,1023.0,549.0,474.6,1023.0,548.4,516.4,32.0,Liquid"
data,35.3,479,1023.0,544.0,476.4,1023.0,546.6,516.4,30.2,Liquid,"DATA,35.3,479,1023.0,544.0,476.4,1023.0,546.6,516.4,30.2,Liquid"
data,35.4,485,1023.0,538.0,478.6,1023.0,544.4,516.4,28.0,Liquid,"DATA,35.4,485,1023.0,538.0,478.6,1023.0,544.4,516.4,28.0,Liquid"
data,35.5,488,1023.0,535.0,480.4,1023.0,542.6,516.4,26.2,Liquid,"DATA,35.5,488,1023.0,535.0,480.4,1023.0,542.6,516.4,26.2,Liquid"
data,35.6,490,1023.0,533.0,483.2,1023.0,539.8,516.4,23.4,Liquid,"DATA,35.6,490,1023.0,533.0,483.2,1023.0,539.8,516.4,23.4,Liquid"
data,35.7,489,1023.0,534.0,486.2,1023.0,536.8,516.4,20.4,Liquid,"DATA,35.7,489,1023.0,534.0,486.2,1023.0,536.8,516.4,20.4,Liquid"
data,35.8,487,1023.0,536.0,487.8,1023.0,535.2,516.4,18.8,Liquid,"DATA,35.8,487,1023.0,536.0,487.8,1023.0,535.2,516.4,18.8,Liquid"
data,35.9,488,1023.0,535.0,488.4,1023.0,534.6,516.4,18.2,Liquid,"DATA,35.9,488,1023.0,535.0,488.4,1023.0,534.6,516.4,18.2,Liquid"
data,36.0,488,1023.0,535.0,488.4,1023.0,534.6,516.4,18.2,Liquid,"DATA,36.0,488,1023.0,535.0,488.4,1023.0,534.6,516.4,18.2,Liquid"
data,36.1,489,1023.0,534.0,488.2,1023.0,534.8,516.4,18.4,Liquid,"DATA,36.1,489,1023.0,534.0,488.2,1023.0,534.8,516.4,18.4,Liquid"
data,36.2,488,1023.0,535.0,488.0,1023.0,535.0,516.4,18.6,Liquid,"DATA,36.2,488,1023.0,535.0,488.0,1023.0,535.0,516.4,18.6,Liquid"
data,36.3,489,1023.0,534.0,488.4,1023.0,534.6,516.4,18.2,Liquid,"DATA,36.3,489,1023.0,534.0,488.4,1023.0,534.6,516.4,18.2,Liquid"
data,36.4,489,1023.0,534.0,488.6,1023.0,534.4,516.4,18.0,Liquid,"DATA,36.4,489,1023.0,534.0,488.6,1023.0,534.4,516.4,18.0,Liquid"
data,36.5,487,1023.0,536.0,488.4,1023.0,534.6,516.4,18.2,Liquid,"DATA,36.5,487,1023.0,536.0,488.4,1023.0,534.6,516.4,18.2,Liquid"
data,36.6,488,1023.0,535.0,488.2,1023.0,534.8,516.4,18.4,Liquid,"DATA,36.6,488,1023.0,535.0,488.2,1023.0,534.8,516.4,18.4,Liquid"
data,36.7,488,1023.0,535.0,488.2,1023.0,534.8,516.4,18.4,Liquid,"DATA,36.7,488,1023.0,535.0,488.2,1023.0,534.8,516.4,18.4,Liquid"
data,36.8,488,1023.0,535.0,488.0,1023.0,535.0,516.4,18.6,Liquid,"DATA,36.8,488,1023.0,535.0,488.0,1023.0,535.0,516.4,18.6,Liquid"
data,36.9,488,1023.0,535.0,487.8,1023.0,535.2,516.4,18.8,Liquid,"DATA,36.9,488,1023.0,535.0,487.8,1023.0,535.2,516.4,18.8,Liquid"
data,37.0,487,1023.0,536.0,487.8,1023.0,535.2,516.4,18.8,Liquid,"DATA,37.0,487,1023.0,536.0,487.8,1023.0,535.2,516.4,18.8,Liquid"
data,37.1,488,1023.0,535.0,487.8,1023.0,535.2,516.4,18.8,Liquid,"DATA,37.1,488,1023.0,535.0,487.8,1023.0,535.2,516.4,18.8,Liquid"
data,37.2,487,1023.0,536.0,487.6,1023.0,535.4,516.4,19.0,Liquid,"DATA,37.2,487,1023.0,536.0,487.6,1023.0,535.4,516.4,19.0,Liquid"
data,37.3,487,1023.0,536.0,487.4,1023.0,535.6,516.4,19.2,Liquid,"DATA,37.3,487,1023.0,536.0,487.4,1023.0,535.6,516.4,19.2,Liquid"
data,37.4,488,1023.0,535.0,487.4,1023.0,535.6,516.4,19.2,Liquid,"DATA,37.4,488,1023.0,535.0,487.4,1023.0,535.6,516.4,19.2,Liquid"
data,37.5,488,1023.0,535.0,487.6,1023.0,535.4,516.4,19.0,Liquid,"DATA,37.5,488,1023.0,535.0,487.6,1023.0,535.4,516.4,19.0,Liquid"
data,37.6,489,1023.0,534.0,487.8,1023.0,535.2,516.4,18.8,Liquid,"DATA,37.6,489,1023.0,534.0,487.8,1023.0,535.2,516.4,18.8,Liquid"
data,37.7,487,1023.0,536.0,487.8,1023.0,535.2,516.4,18.8,Liquid,"DATA,37.7,487,1023.0,536.0,487.8,1023.0,535.2,516.4,18.8,Liquid"
data,37.8,487,1023.0,536.0,487.8,1023.0,535.2,516.4,18.8,Liquid,"DATA,37.8,487,1023.0,536.0,487.8,1023.0,535.2,516.4,18.8,Liquid"
data,37.9,488,1023.0,535.0,487.8,1023.0,535.2,516.4,18.8,Liquid,"DATA,37.9,488,1023.0,535.0,487.8,1023.0,535.2,516.4,18.8,Liquid"
data,38.0,488,1023.0,535.0,487.8,1023.0,535.2,516.4,18.8,Liquid,"DATA,38.0,488,1023.0,535.0,487.8,1023.0,535.2,516.4,18.8,Liquid"
data,38.1,487,1023.0,536.0,487.4,1023.0,535.6,516.4,19.2,Liquid,"DATA,38.1,487,1023.0,536.0,487.4,1023.0,535.6,516.4,19.2,Liquid"
data,38.2,488,1023.0,535.0,487.6,1023.0,535.4,516.4,19.0,Liquid,"DATA,38.2,488,1023.0,535.0,487.6,1023.0,535.4,516.4,19.0,Liquid"
data,38.3,487,1023.0,536.0,487.6,1023.0,535.4,516.4,19.0,Liquid,"DATA,38.3,487,1023.0,536.0,487.6,1023.0,535.4,516.4,19.0,Liquid"
data,38.4,486,1023.0,537.0,487.2,1023.0,535.8,516.4,19.4,Liquid,"DATA,38.4,486,1023.0,537.0,487.2,1023.0,535.8,516.4,19.4,Liquid"
data,38.5,485,1023.0,538.0,486.6,1023.0,536.4,516.4,20.0,Liquid,"DATA,38.5,485,1023.0,538.0,486.6,1023.0,536.4,516.4,20.0,Liquid"
data,38.6,486,1023.0,537.0,486.4,1023.0,536.6,516.4,20.2,Liquid,"DATA,38.6,486,1023.0,537.0,486.4,1023.0,536.6,516.4,20.2,Liquid"
data,38.7,485,1023.0,538.0,485.8,1023.0,537.2,516.4,20.8,Liquid,"DATA,38.7,485,1023.0,538.0,485.8,1023.0,537.2,516.4,20.8,Liquid"
data,38.8,483,1023.0,540.0,485.0,1023.0,538.0,516.4,21.6,Liquid,"DATA,38.8,483,1023.0,540.0,485.0,1023.0,538.0,516.4,21.6,Liquid"
data,38.9,485,1023.0,538.0,484.8,1023.0,538.2,516.4,21.8,Liquid,"DATA,38.9,485,1023.0,538.0,484.8,1023.0,538.2,516.4,21.8,Liquid"
data,39.0,485,1023.0,538.0,484.8,1023.0,538.2,516.4,21.8,Liquid,"DATA,39.0,485,1023.0,538.0,484.8,1023.0,538.2,516.4,21.8,Liquid"
data,39.1,485,1023.0,538.0,484.6,1023.0,538.4,516.4,22.0,Liquid,"DATA,39.1,485,1023.0,538.0,484.6,1023.0,538.4,516.4,22.0,Liquid"
data,39.2,484,1023.0,539.0,484.4,1023.0,538.6,516.4,22.2,Liquid,"DATA,39.2,484,1023.0,539.0,484.4,1023.0,538.6,516.4,22.2,Liquid"
data,39.3,485,1023.0,538.0,484.8,1023.0,538.2,516.4,21.8,Liquid,"DATA,39.3,485,1023.0,538.0,484.8,1023.0,538.2,516.4,21.8,Liquid"
data,39.4,485,1023.0,538.0,484.8,1023.0,538.2,516.4,21.8,Liquid,"DATA,39.4,485,1023.0,538.0,484.8,1023.0,538.2,516.4,21.8,Liquid"
data,39.5,483,1023.0,540.0,484.4,1023.0,538.6,516.4,22.2,Liquid,"DATA,39.5,483,1023.0,540.0,484.4,1023.0,538.6,516.4,22.2,Liquid"
data,39.6,484,1023.0,539.0,484.2,1023.0,538.8,516.4,22.4,Liquid,"DATA,39.6,484,1023.0,539.0,484.2,1023.0,538.8,516.4,22.4,Liquid"
data,39.7,483,1023.0,540.0,484.0,1023.0,539.0,516.4,22.6,Liquid,"DATA,39.7,483,1023.0,540.0,484.0,1023.0,539.0,516.4,22.6,Liquid"
data,39.8,485,1023.0,538.0,484.0,1023.0,539.0,516.4,22.6,Liquid,"DATA,39.8,485,1023.0,538.0,484.0,1023.0,539.0,516.4,22.6,Liquid"
data,39.9,487,1023.0,536.0,484.4,1023.0,538.6,516.4,22.2,Liquid,"DATA,39.9,487,1023.0,536.0,484.4,1023.0,538.6,516.4,22.2,Liquid"
data,40.0,491,1023.0,532.0,486.0,1023.0,537.0,516.4,20.6,Liquid,"DATA,40.0,491,1023.0,532.0,486.0,1023.0,537.0,516.4,20.6,Liquid"
data,40.1,495,1023.0,528.0,488.2,1023.0,534.8,516.4,18.4,Liquid,"DATA,40.1,495,1023.0,528.0,488.2,1023.0,534.8,516.4,18.4,Liquid"
data,40.2,500,1023.0,523.0,491.6,1023.0,531.4,516.4,15.0,Liquid,"DATA,40.2,500,1023.0,523.0,491.6,1023.0,531.4,516.4,15.0,Liquid"
data,40.3,502,1023.0,521.0,495.0,1023.0,528.0,516.4,11.6,Liquid,"DATA,40.3,502,1023.0,521.0,495.0,1023.0,528.0,516.4,11.6,Liquid"
data,40.4,446,1023.0,577.0,486.8,1023.0,536.2,516.4,19.8,Liquid,"DATA,40.4,446,1023.0,577.0,486.8,1023.0,536.2,516.4,19.8,Liquid"
data,40.5,459,1023.0,564.0,480.4,1023.0,542.6,516.4,26.2,Liquid,"DATA,40.5,459,1023.0,564.0,480.4,1023.0,542.6,516.4,26.2,Liquid"
data,40.6,462,1023.0,561.0,473.8,1023.0,549.2,516.4,32.8,Liquid,"DATA,40.6,462,1023.0,561.0,473.8,1023.0,549.2,516.4,32.8,Liquid"
data,40.7,463,1023.0,560.0,466.4,1023.0,556.6,516.4,40.2,Liquid,"DATA,40.7,463,1023.0,560.0,466.4,1023.0,556.6,516.4,40.2,Liquid"
data,40.8,463,1023.0,560.0,458.6,1023.0,564.4,516.4,48.0,Liquid,"DATA,40.8,463,1023.0,560.0,458.6,1023.0,564.4,516.4,48.0,Liquid"
data,40.9,464,1023.0,559.0,462.2,1023.0,560.8,516.4,44.4,Liquid,"DATA,40.9,464,1023.0,559.0,462.2,1023.0,560.8,516.4,44.4,Liquid"
data,41.0,463,1023.0,560.0,463.0,1023.0,560.0,516.4,43.6,Liquid,"DATA,41.0,463,1023.0,560.0,463.0,1023.0,560.0,516.4,43.6,Liquid"
data,41.1,464,1023.0,559.0,463.4,1023.0,559.6,516.4,43.2,Liquid,"DATA,41.1,464,1023.0,559.0,463.4,1023.0,559.6,516.4,43.2,Liquid"
data,41.2,464,1023.0,559.0,463.6,1023.0,559.4,516.4,43.0,Liquid,"DATA,41.2,464,1023.0,559.0,463.6,1023.0,559.4,516.4,43.0,Liquid"
data,41.3,464,1023.0,559.0,463.8,1023.0,559.2,516.4,42.8,Liquid,"DATA,41.3,464,1023.0,559.0,463.8,1023.0,559.2,516.4,42.8,Liquid"
data,41.4,463,1023.0,560.0,463.6,1023.0,559.4,516.4,43.0,Liquid,"DATA,41.4,463,1023.0,560.0,463.6,1023.0,559.4,516.4,43.0,Liquid"
data,41.5,463,1023.0,560.0,463.6,1023.0,559.4,516.4,43.0,Liquid,"DATA,41.5,463,1023.0,560.0,463.6,1023.0,559.4,516.4,43.0,Liquid"
data,41.6,464,1023.0,559.0,463.6,1023.0,559.4,516.4,43.0,Liquid,"DATA,41.6,464,1023.0,559.0,463.6,1023.0,559.4,516.4,43.0,Liquid"
data,41.7,465,1023.0,558.0,463.8,1023.0,559.2,516.4,42.8,Liquid,"DATA,41.7,465,1023.0,558.0,463.8,1023.0,559.2,516.4,42.8,Liquid"
data,41.8,464,1023.0,559.0,463.8,1023.0,559.2,516.4,42.8,Liquid,"DATA,41.8,464,1023.0,559.0,463.8,1023.0,559.2,516.4,42.8,Liquid"
data,41.9,464,1023.0,559.0,464.0,1023.0,559.0,516.4,42.6,Liquid,"DATA,41.9,464,1023.0,559.0,464.0,1023.0,559.0,516.4,42.6,Liquid"
data,42.0,465,1023.0,558.0,464.4,1023.0,558.6,516.4,42.2,Liquid,"DATA,42.0,465,1023.0,558.0,464.4,1023.0,558.6,516.4,42.2,Liquid"
data,42.1,463,1023.0,560.0,464.2,1023.0,558.8,516.4,42.4,Liquid,"DATA,42.1,463,1023.0,560.0,464.2,1023.0,558.8,516.4,42.4,Liquid"
data,42.2,463,1023.0,560.0,463.8,1023.0,559.2,516.4,42.8,Liquid,"DATA,42.2,463,1023.0,560.0,463.8,1023.0,559.2,516.4,42.8,Liquid"
data,42.3,464,1023.0,559.0,463.8,1023.0,559.2,516.4,42.8,Liquid,"DATA,42.3,464,1023.0,559.0,463.8,1023.0,559.2,516.4,42.8,Liquid"
data,42.4,463,1023.0,560.0,463.6,1023.0,559.4,516.4,43.0,Liquid,"DATA,42.4,463,1023.0,560.0,463.6,1023.0,559.4,516.4,43.0,Liquid"
data,42.5,464,1023.0,559.0,463.4,1023.0,559.6,516.4,43.2,Liquid,"DATA,42.5,464,1023.0,559.0,463.4,1023.0,559.6,516.4,43.2,Liquid"
data,42.6,464,1023.0,559.0,463.6,1023.0,559.4,516.4,43.0,Liquid,"DATA,42.6,464,1023.0,559.0,463.6,1023.0,559.4,516.4,43.0,Liquid"
data,42.7,463,1023.0,560.0,463.6,1023.0,559.4,516.4,43.0,Liquid,"DATA,42.7,463,1023.0,560.0,463.6,1023.0,559.4,516.4,43.0,Liquid"
data,42.8,463,1023.0,560.0,463.4,1023.0,559.6,516.4,43.2,Liquid,"DATA,42.8,463,1023.0,560.0,463.4,1023.0,559.6,516.4,43.2,Liquid"
data,42.9,463,1023.0,560.0,463.4,1023.0,559.6,516.4,43.2,Liquid,"DATA,42.9,463,1023.0,560.0,463.4,1023.0,559.6,516.4,43.2,Liquid"
data,43.0,462,1023.0,561.0,463.0,1023.0,560.0,516.4,43.6,Liquid,"DATA,43.0,462,1023.0,561.0,463.0,1023.0,560.0,516.4,43.6,Liquid"
data,43.1,462,1023.0,561.0,462.6,1023.0,560.4,516.4,44.0,Liquid,"DATA,43.1,462,1023.0,561.0,462.6,1023.0,560.4,516.4,44.0,Liquid"
data,43.2,462,1023.0,561.0,462.4,1023.0,560.6,516.4,44.2,Liquid,"DATA,43.2,462,1023.0,561.0,462.4,1023.0,560.6,516.4,44.2,Liquid"
data,43.3,463,1023.0,560.0,462.4,1023.0,560.6,516.4,44.2,Liquid,"DATA,43.3,463,1023.0,560.0,462.4,1023.0,560.6,516.4,44.2,Liquid"
data,43.4,463,1023.0,560.0,462.4,1023.0,560.6,516.4,44.2,Liquid,"DATA,43.4,463,1023.0,560.0,462.4,1023.0,560.6,516.4,44.2,Liquid"
data,43.5,462,1023.0,561.0,462.4,1023.0,560.6,516.4,44.2,Liquid,"DATA,43.5,462,1023.0,561.0,462.4,1023.0,560.6,516.4,44.2,Liquid"
data,43.6,462,1023.0,561.0,462.4,1023.0,560.6,516.4,44.2,Liquid,"DATA,43.6,462,1023.0,561.0,462.4,1023.0,560.6,516.4,44.2,Liquid"
data,43.7,463,1023.0,560.0,462.6,1023.0,560.4,516.4,44.0,Liquid,"DATA,43.7,463,1023.0,560.0,462.6,1023.0,560.4,516.4,44.0,Liquid"
data,43.8,463,1023.0,560.0,462.6,1023.0,560.4,516.4,44.0,Liquid,"DATA,43.8,463,1023.0,560.0,462.6,1023.0,560.4,516.4,44.0,Liquid"
data,43.9,463,1023.0,560.0,462.6,1023.0,560.4,516.4,44.0,Liquid,"DATA,43.9,463,1023.0,560.0,462.6,1023.0,560.4,516.4,44.0,Liquid"
data,44.0,462,1023.0,561.0,462.6,1023.0,560.4,516.4,44.0,Liquid,"DATA,44.0,462,1023.0,561.0,462.6,1023.0,560.4,516.4,44.0,Liquid"
data,44.1,463,1023.0,560.0,462.8,1023.0,560.2,516.4,43.8,Liquid,"DATA,44.1,463,1023.0,560.0,462.8,1023.0,560.2,516.4,43.8,Liquid"
data,44.2,462,1023.0,561.0,462.6,1023.0,560.4,516.4,44.0,Liquid,"DATA,44.2,462,1023.0,561.0,462.6,1023.0,560.4,516.4,44.0,Liquid"
data,44.3,462,1023.0,561.0,462.4,1023.0,560.6,516.4,44.2,Liquid,"DATA,44.3,462,1023.0,561.0,462.4,1023.0,560.6,516.4,44.2,Liquid"
data,44.4,462,1023.0,561.0,462.2,1023.0,560.8,516.4,44.4,Liquid,"DATA,44.4,462,1023.0,561.0,462.2,1023.0,560.8,516.4,44.4,Liquid"
data,44.5,462,1023.0,561.0,462.2,1023.0,560.8,516.4,44.4,Liquid,"DATA,44.5,462,1023.0,561.0,462.2,1023.0,560.8,516.4,44.4,Liquid"
data,44.6,462,1023.0,561.0,462.0,1023.0,561.0,516.4,44.6,Liquid,"DATA,44.6,462,1023.0,561.0,462.0,1023.0,561.0,516.4,44.6,Liquid"
data,44.7,463,1023.0,560.0,462.2,1023.0,560.8,516.4,44.4,Liquid,"DATA,44.7,463,1023.0,560.0,462.2,1023.0,560.8,516.4,44.4,Liquid"
data,44.8,462,1023.0,561.0,462.2,1023.0,560.8,516.4,44.4,Liquid,"DATA,44.8,462,1023.0,561.0,462.2,1023.0,560.8,516.4,44.4,Liquid"
data,44.9,462,1023.0,561.0,462.2,1023.0,560.8,516.4,44.4,Liquid,"DATA,44.9,462,1023.0,561.0,462.2,1023.0,560.8,516.4,44.4,Liquid"
data,45.0,463,1023.0,560.0,462.4,1023.0,560.6,516.4,44.2,Liquid,"DATA,45.0,463,1023.0,560.0,462.4,1023.0,560.6,516.4,44.2,Liquid"
data,45.1,462,1023.0,561.0,462.4,1023.0,560.6,516.4,44.2,Liquid,"DATA,45.1,462,1023.0,561.0,462.4,1023.0,560.6,516.4,44.2,Liquid"
data,45.2,463,1023.0,560.0,462.4,1023.0,560.6,516.4,44.2,Liquid,"DATA,45.2,463,1023.0,560.0,462.4,1023.0,560.6,516.4,44.2,Liquid"
data,45.3,462,1023.0,561.0,462.4,1023.0,560.6,516.4,44.2,Liquid,"DATA,45.3,462,1023.0,561.0,462.4,1023.0,560.6,516.4,44.2,Liquid"
data,45.4,462,1023.0,561.0,462.4,1023.0,560.6,516.4,44.2,Liquid,"DATA,45.4,462,1023.0,561.0,462.4,1023.0,560.6,516.4,44.2,Liquid"
data,45.5,462,1023.0,561.0,462.2,1023.0,560.8,516.4,44.4,Liquid,"DATA,45.5,462,1023.0,561.0,462.2,1023.0,560.8,516.4,44.4,Liquid"
data,45.6,461,1023.0,562.0,462.0,1023.0,561.0,516.4,44.6,Liquid,"DATA,45.6,461,1023.0,562.0,462.0,1023.0,561.0,516.4,44.6,Liquid"
data,45.7,458,1023.0,565.0,461.0,1023.0,562.0,516.4,45.6,Liquid,"DATA,45.7,458,1023.0,565.0,461.0,1023.0,562.0,516.4,45.6,Liquid"
data,45.8,462,1023.0,561.0,461.0,1023.0,562.0,516.4,45.6,Liquid,"DATA,45.8,462,1023.0,561.0,461.0,1023.0,562.0,516.4,45.6,Liquid"
data,45.9,464,1023.0,559.0,461.4,1023.0,561.6,516.4,45.2,Liquid,"DATA,45.9,464,1023.0,559.0,461.4,1023.0,561.6,516.4,45.2,Liquid"
data,46.0,465,1023.0,558.0,462.0,1023.0,561.0,516.4,44.6,Liquid,"DATA,46.0,465,1023.0,558.0,462.0,1023.0,561.0,516.4,44.6,Liquid"
data,46.1,462,1023.0,561.0,462.2,1023.0,560.8,516.4,44.4,Liquid,"DATA,46.1,462,1023.0,561.0,462.2,1023.0,560.8,516.4,44.4,Liquid"
data,46.2,460,1023.0,563.0,462.6,1023.0,560.4,516.4,44.0,Liquid,"DATA,46.2,460,1023.0,563.0,462.6,1023.0,560.4,516.4,44.0,Liquid"
data,46.3,457,1023.0,566.0,461.6,1023.0,561.4,516.4,45.0,Liquid,"DATA,46.3,457,1023.0,566.0,461.6,1023.0,561.4,516.4,45.0,Liquid"
data,46.4,454,1023.0,569.0,459.6,1023.0,563.4,516.4,47.0,Liquid,"DATA,46.4,454,1023.0,569.0,459.6,1023.0,563.4,516.4,47.0,Liquid"
data,46.5,452,1023.0,571.0,457.0,1023.0,566.0,516.4,49.6,Liquid,"DATA,46.5,452,1023.0,571.0,457.0,1023.0,566.0,516.4,49.6,Liquid"
data,46.6,454,1023.0,569.0,455.4,1023.0,567.6,516.4,51.2,Liquid,"DATA,46.6,454,1023.0,569.0,455.4,1023.0,567.6,516.4,51.2,Liquid"
data,46.7,453,1023.0,570.0,454.0,1023.0,569.0,516.4,52.6,Liquid,"DATA,46.7,453,1023.0,570.0,454.0,1023.0,569.0,516.4,52.6,Liquid"
data,46.8,452,1023.0,571.0,453.0,1023.0,570.0,516.4,53.6,Liquid,"DATA,46.8,452,1023.0,571.0,453.0,1023.0,570.0,516.4,53.6,Liquid"
data,46.9,452,1023.0,571.0,452.6,1023.0,570.4,516.4,54.0,Liquid,"DATA,46.9,452,1023.0,571.0,452.6,1023.0,570.4,516.4,54.0,Liquid"
data,47.0,450,1023.0,573.0,452.2,1023.0,570.8,516.4,54.4,Liquid,"DATA,47.0,450,1023.0,573.0,452.2,1023.0,570.8,516.4,54.4,Liquid"
data,47.1,453,1023.0,570.0,452.0,1023.0,571.0,516.4,54.6,Liquid,"DATA,47.1,453,1023.0,570.0,452.0,1023.0,571.0,516.4,54.6,Liquid"
data,47.2,452,1023.0,571.0,451.8,1023.0,571.2,516.4,54.8,Liquid,"DATA,47.2,452,1023.0,571.0,451.8,1023.0,571.2,516.4,54.8,Liquid"
data,47.3,451,1023.0,572.0,451.6,1023.0,571.4,516.4,55.0,Liquid,"DATA,47.3,451,1023.0,572.0,451.6,1023.0,571.4,516.4,55.0,Liquid"
data,47.4,451,1023.0,572.0,451.4,1023.0,571.6,516.4,55.2,Liquid,"DATA,47.4,451,1023.0,572.0,451.4,1023.0,571.6,516.4,55.2,Liquid"
data,47.5,453,1023.0,570.0,452.0,1023.0,571.0,516.4,54.6,Liquid,"DATA,47.5,453,1023.0,570.0,452.0,1023.0,571.0,516.4,54.6,Liquid"
data,47.6,455,1023.0,568.0,452.4,1023.0,570.6,516.4,54.2,Liquid,"DATA,47.6,455,1023.0,568.0,452.4,1023.0,570.6,516.4,54.2,Liquid"
data,47.7,454,1023.0,569.0,452.8,1023.0,570.2,516.4,53.8,Liquid,"DATA,47.7,454,1023.0,569.0,452.8,1023.0,570.2,516.4,53.8,Liquid"
data,47.8,453,1023.0,570.0,453.2,1023.0,569.8,516.4,53.4,Liquid,"DATA,47.8,453,1023.0,570.0,453.2,1023.0,569.8,516.4,53.4,Liquid"
data,47.9,453,1023.0,570.0,453.6,1023.0,569.4,516.4,53.0,Liquid,"DATA,47.9,453,1023.0,570.0,453.6,1023.0,569.4,516.4,53.0,Liquid"
data,48.0,451,1023.0,572.0,453.2,1023.0,569.8,516.4,53.4,Liquid,"DATA,48.0,451,1023.0,572.0,453.2,1023.0,569.8,516.4,53.4,Liquid"
data,48.1,454,1023.0,569.0,453.0,1023.0,570.0,516.4,53.6,Liquid,"DATA,48.1,454,1023.0,569.0,453.0,1023.0,570.0,516.4,53.6,Liquid"
data,48.2,451,1023.0,572.0,452.4,1023.0,570.6,516.4,54.2,Liquid,"DATA,48.2,451,1023.0,572.0,452.4,1023.0,570.6,516.4,54.2,Liquid"
data,48.3,450,1023.0,573.0,451.8,1023.0,571.2,516.4,54.8,Liquid,"DATA,48.3,450,1023.0,573.0,451.8,1023.0,571.2,516.4,54.8,Liquid"
data,48.4,450,1023.0,573.0,451.2,1023.0,571.8,516.4,55.4,Liquid,"DATA,48.4,450,1023.0,573.0,451.2,1023.0,571.8,516.4,55.4,Liquid"
data,48.5,453,1023.0,570.0,451.6,1023.0,571.4,516.4,55.0,Liquid,"DATA,48.5,453,1023.0,570.0,451.6,1023.0,571.4,516.4,55.0,Liquid"
data,48.6,454,1023.0,569.0,451.6,1023.0,571.4,516.4,55.0,Liquid,"DATA,48.6,454,1023.0,569.0,451.6,1023.0,571.4,516.4,55.0,Liquid"
data,48.7,455,1023.0,568.0,452.4,1023.0,570.6,516.4,54.2,Liquid,"DATA,48.7,455,1023.0,568.0,452.4,1023.0,570.6,516.4,54.2,Liquid"
data,48.8,453,1023.0,570.0,453.0,1023.0,570.0,516.4,53.6,Liquid,"DATA,48.8,453,1023.0,570.0,453.0,1023.0,570.0,516.4,53.6,Liquid"
data,48.9,454,1023.0,569.0,453.8,1023.0,569.2,516.4,52.8,Liquid,"DATA,48.9,454,1023.0,569.0,453.8,1023.0,569.2,516.4,52.8,Liquid"
data,49.0,456,1023.0,567.0,454.4,1023.0,568.6,516.4,52.2,Liquid,"DATA,49.0,456,1023.0,567.0,454.4,1023.0,568.6,516.4,52.2,Liquid"
data,49.1,453,1023.0,570.0,454.2,1023.0,568.8,516.4,52.4,Liquid,"DATA,49.1,453,1023.0,570.0,454.2,1023.0,568.8,516.4,52.4,Liquid"
data,49.2,454,1023.0,569.0,454.0,1023.0,569.0,516.4,52.6,Liquid,"DATA,49.2,454,1023.0,569.0,454.0,1023.0,569.0,516.4,52.6,Liquid"
data,49.3,456,1023.0,567.0,454.6,1023.0,568.4,516.4,52.0,Liquid,"DATA,49.3,456,1023.0,567.0,454.6,1023.0,568.4,516.4,52.0,Liquid"
data,49.4,455,1023.0,568.0,454.8,1023.0,568.2,516.4,51.8,Liquid,"DATA,49.4,455,1023.0,568.0,454.8,1023.0,568.2,516.4,51.8,Liquid"
data,49.5,457,1023.0,566.0,455.0,1023.0,568.0,516.4,51.6,Liquid,"DATA,49.5,457,1023.0,566.0,455.0,1023.0,568.0,516.4,51.6,Liquid"
data,49.6,456,1023.0,567.0,455.6,1023.0,567.4,516.4,51.0,Liquid,"DATA,49.6,456,1023.0,567.0,455.6,1023.0,567.4,516.4,51.0,Liquid"
data,49.7,456,1023.0,567.0,456.0,1023.0,567.0,516.4,50.6,Liquid,"DATA,49.7,456,1023.0,567.0,456.0,1023.0,567.0,516.4,50.6,Liquid"
data,49.8,460,1023.0,563.0,456.8,1023.0,566.2,516.4,49.8,Liquid,"DATA,49.8,460,1023.0,563.0,456.8,1023.0,566.2,516.4,49.8,Liquid"
data,49.9,454,1023.0,569.0,456.6,1023.0,566.4,516.4,50.0,Liquid,"DATA,49.9,454,1023.0,569.0,456.6,1023.0,566.4,516.4,50.0,Liquid"
data,50.0,457,1023.0,566.0,456.6,1023.0,566.4,516.4,50.0,Liquid,"DATA,50.0,457,1023.0,566.0,456.6,1023.0,566.4,516.4,50.0,Liquid"
data,50.1,455,1023.0,568.0,456.4,1023.0,566.6,516.4,50.2,Liquid,"DATA,50.1,455,1023.0,568.0,456.4,1023.0,566.6,516.4,50.2,Liquid"
data,50.2,455,1023.0,568.0,456.2,1023.0,566.8,516.4,50.4,Liquid,"DATA,50.2,455,1023.0,568.0,456.2,1023.0,566.8,516.4,50.4,Liquid"
data,50.3,456,1023.0,567.0,455.4,1023.0,567.6,516.4,51.2,Liquid,"DATA,50.3,456,1023.0,567.0,455.4,1023.0,567.6,516.4,51.2,Liquid"
data,50.4,453,1023.0,570.0,455.2,1023.0,567.8,516.4,51.4,Liquid,"DATA,50.4,453,1023.0,570.0,455.2,1023.0,567.8,516.4,51.4,Liquid"
data,50.5,454,1023.0,569.0,454.6,1023.0,568.4,516.4,52.0,Liquid,"DATA,50.5,454,1023.0,569.0,454.6,1023.0,568.4,516.4,52.0,Liquid"
data,50.6,451,1023.0,572.0,453.8,1023.0,569.2,516.4,52.8,Liquid,"DATA,50.6,451,1023.0,572.0,453.8,1023.0,569.2,516.4,52.8,Liquid"
data,50.7,454,1023.0,569.0,453.6,1023.0,569.4,516.4,53.0,Liquid,"DATA,50.7,454,1023.0,569.0,453.6,1023.0,569.4,516.4,53.0,Liquid"
data,50.8,455,1023.0,568.0,453.4,1023.0,569.6,516.4,53.2,Liquid,"DATA,50.8,455,1023.0,568.0,453.4,1023.0,569.6,516.4,53.2,Liquid"
data,50.9,453,1023.0,570.0,453.4,1023.0,569.6,516.4,53.2,Liquid,"DATA,50.9,453,1023.0,570.0,453.4,1023.0,569.6,516.4,53.2,Liquid"
data,51.0,452,1023.0,571.0,453.0,1023.0,570.0,516.4,53.6,Liquid,"DATA,51.0,452,1023.0,571.0,453.0,1023.0,570.0,516.4,53.6,Liquid"
data,51.1,454,1023.0,569.0,453.6,1023.0,569.4,516.4,53.0,Liquid,"DATA,51.1,454,1023.0,569.0,453.6,1023.0,569.4,516.4,53.0,Liquid"
data,51.2,452,1023.0,571.0,453.2,1023.0,569.8,516.4,53.4,Liquid,"DATA,51.2,452,1023.0,571.0,453.2,1023.0,569.8,516.4,53.4,Liquid"
data,51.3,446,1023.0,577.0,451.4,1023.0,571.6,516.4,55.2,Liquid,"DATA,51.3,446,1023.0,577.0,451.4,1023.0,571.6,516.4,55.2,Liquid"
data,51.4,438,1023.0,585.0,448.4,1023.0,574.6,516.4,58.2,Liquid,"DATA,51.4,438,1023.0,585.0,448.4,1023.0,574.6,516.4,58.2,Liquid"
data,51.5,440,1023.0,583.0,446.0,1023.0,577.0,516.4,60.6,Liquid,"DATA,51.5,440,1023.0,583.0,446.0,1023.0,577.0,516.4,60.6,Liquid"
data,51.6,452,1023.0,571.0,445.6,1023.0,577.4,516.4,61.0,Liquid,"DATA,51.6,452,1023.0,571.0,445.6,1023.0,577.4,516.4,61.0,Liquid"
data,51.7,458,1023.0,565.0,446.8,1023.0,576.2,516.4,59.8,Liquid,"DATA,51.7,458,1023.0,565.0,446.8,1023.0,576.2,516.4,59.8,Liquid"
data,51.8,458,1023.0,565.0,449.2,1023.0,573.8,516.4,57.4,Liquid,"DATA,51.8,458,1023.0,565.0,449.2,1023.0,573.8,516.4,57.4,Liquid"
data,51.9,460,1023.0,563.0,453.6,1023.0,569.4,516.4,53.0,Liquid,"DATA,51.9,460,1023.0,563.0,453.6,1023.0,569.4,516.4,53.0,Liquid"
data,52.0,459,1023.0,564.0,457.4,1023.0,565.6,516.4,49.2,Liquid,"DATA,52.0,459,1023.0,564.0,457.4,1023.0,565.6,516.4,49.2,Liquid"
data,52.1,459,1023.0,564.0,458.8,1023.0,564.2,516.4,47.8,Liquid,"DATA,52.1,459,1023.0,564.0,458.8,1023.0,564.2,516.4,47.8,Liquid"
data,52.2,461,1023.0,562.0,459.4,1023.0,563.6,516.4,47.2,Liquid,"DATA,52.2,461,1023.0,562.0,459.4,1023.0,563.6,516.4,47.2,Liquid"
data,52.3,459,1023.0,564.0,459.6,1023.0,563.4,516.4,47.0,Liquid,"DATA,52.3,459,1023.0,564.0,459.6,1023.0,563.4,516.4,47.0,Liquid"
data,52.4,459,1023.0,564.0,459.4,1023.0,563.6,516.4,47.2,Liquid,"DATA,52.4,459,1023.0,564.0,459.4,1023.0,563.6,516.4,47.2,Liquid"
data,52.5,461,1023.0,562.0,459.8,1023.0,563.2,516.4,46.8,Liquid,"DATA,52.5,461,1023.0,562.0,459.8,1023.0,563.2,516.4,46.8,Liquid"
data,52.6,461,1023.0,562.0,460.2,1023.0,562.8,516.4,46.4,Liquid,"DATA,52.6,461,1023.0,562.0,460.2,1023.0,562.8,516.4,46.4,Liquid"
data,52.7,462,1023.0,561.0,460.4,1023.0,562.6,516.4,46.2,Liquid,"DATA,52.7,462,1023.0,561.0,460.4,1023.0,562.6,516.4,46.2,Liquid"
data,52.8,463,1023.0,560.0,461.2,1023.0,561.8,516.4,45.4,Liquid,"DATA,52.8,463,1023.0,560.0,461.2,1023.0,561.8,516.4,45.4,Liquid"
data,52.9,461,1023.0,562.0,461.6,1023.0,561.4,516.4,45.0,Liquid,"DATA,52.9,461,1023.0,562.0,461.6,1023.0,561.4,516.4,45.0,Liquid"
data,53.0,460,1023.0,563.0,461.4,1023.0,561.6,516.4,45.2,Liquid,"DATA,53.0,460,1023.0,563.0,461.4,1023.0,561.6,516.4,45.2,Liquid"
data,53.1,461,1023.0,562.0,461.4,1023.0,561.6,516.4,45.2,Liquid,"DATA,53.1,461,1023.0,562.0,461.4,1023.0,561.6,516.4,45.2,Liquid"
data,53.2,461,1023.0,562.0,461.2,1023.0,561.8,516.4,45.4,Liquid,"DATA,53.2,461,1023.0,562.0,461.2,1023.0,561.8,516.4,45.4,Liquid"
data,53.3,461,1023.0,562.0,460.8,1023.0,562.2,516.4,45.8,Liquid,"DATA,53.3,461,1023.0,562.0,460.8,1023.0,562.2,516.4,45.8,Liquid"
data,53.4,461,1023.0,562.0,460.8,1023.0,562.2,516.4,45.8,Liquid,"DATA,53.4,461,1023.0,562.0,460.8,1023.0,562.2,516.4,45.8,Liquid"
data,53.5,460,1023.0,563.0,460.8,1023.0,562.2,516.4,45.8,Liquid,"DATA,53.5,460,1023.0,563.0,460.8,1023.0,562.2,516.4,45.8,Liquid"
data,53.6,460,1023.0,563.0,460.6,1023.0,562.4,516.4,46.0,Liquid,"DATA,53.6,460,1023.0,563.0,460.6,1023.0,562.4,516.4,46.0,Liquid"
data,53.7,459,1023.0,564.0,460.2,1023.0,562.8,516.4,46.4,Liquid,"DATA,53.7,459,1023.0,564.0,460.2,1023.0,562.8,516.4,46.4,Liquid"
data,53.8,460,1023.0,563.0,460.0,1023.0,563.0,516.4,46.6,Liquid,"DATA,53.8,460,1023.0,563.0,460.0,1023.0,563.0,516.4,46.6,Liquid"
data,53.9,461,1023.0,562.0,460.0,1023.0,563.0,516.4,46.6,Liquid,"DATA,53.9,461,1023.0,562.0,460.0,1023.0,563.0,516.4,46.6,Liquid"
data,54.0,460,1023.0,563.0,460.0,1023.0,563.0,516.4,46.6,Liquid,"DATA,54.0,460,1023.0,563.0,460.0,1023.0,563.0,516.4,46.6,Liquid"
data,54.1,459,1023.0,564.0,459.8,1023.0,563.2,516.4,46.8,Liquid,"DATA,54.1,459,1023.0,564.0,459.8,1023.0,563.2,516.4,46.8,Liquid"
data,54.2,459,1023.0,564.0,459.8,1023.0,563.2,516.4,46.8,Liquid,"DATA,54.2,459,1023.0,564.0,459.8,1023.0,563.2,516.4,46.8,Liquid"
data,54.3,459,1023.0,564.0,459.6,1023.0,563.4,516.4,47.0,Liquid,"DATA,54.3,459,1023.0,564.0,459.6,1023.0,563.4,516.4,47.0,Liquid"
data,54.4,460,1023.0,563.0,459.4,1023.0,563.6,516.4,47.2,Liquid,"DATA,54.4,460,1023.0,563.0,459.4,1023.0,563.6,516.4,47.2,Liquid"
data,54.5,459,1023.0,564.0,459.2,1023.0,563.8,516.4,47.4,Liquid,"DATA,54.5,459,1023.0,564.0,459.2,1023.0,563.8,516.4,47.4,Liquid"
data,54.6,459,1023.0,564.0,459.2,1023.0,563.8,516.4,47.4,Liquid,"DATA,54.6,459,1023.0,564.0,459.2,1023.0,563.8,516.4,47.4,Liquid"
data,54.7,460,1023.0,563.0,459.4,1023.0,563.6,516.4,47.2,Liquid,"DATA,54.7,460,1023.0,563.0,459.4,1023.0,563.6,516.4,47.2,Liquid"
data,54.8,459,1023.0,564.0,459.4,1023.0,563.6,516.4,47.2,Liquid,"DATA,54.8,459,1023.0,564.0,459.4,1023.0,563.6,516.4,47.2,Liquid"
data,54.9,459,1023.0,564.0,459.2,1023.0,563.8,516.4,47.4,Liquid,"DATA,54.9,459,1023.0,564.0,459.2,1023.0,563.8,516.4,47.4,Liquid"
data,55.0,459,1023.0,564.0,459.2,1023.0,563.8,516.4,47.4,Liquid,"DATA,55.0,459,1023.0,564.0,459.2,1023.0,563.8,516.4,47.4,Liquid"
data,55.1,458,1023.0,565.0,459.0,1023.0,564.0,516.4,47.6,Liquid,"DATA,55.1,458,1023.0,565.0,459.0,1023.0,564.0,516.4,47.6,Liquid"
data,55.2,459,1023.0,564.0,458.8,1023.0,564.2,516.4,47.8,Liquid,"DATA,55.2,459,1023.0,564.0,458.8,1023.0,564.2,516.4,47.8,Liquid"
data,55.3,458,1023.0,565.0,458.6,1023.0,564.4,516.4,48.0,Liquid,"DATA,55.3,458,1023.0,565.0,458.6,1023.0,564.4,516.4,48.0,Liquid"
data,55.4,457,1023.0,566.0,458.2,1023.0,564.8,516.4,48.4,Liquid,"DATA,55.4,457,1023.0,566.0,458.2,1023.0,564.8,516.4,48.4,Liquid"
data,55.5,458,1023.0,565.0,458.0,1023.0,565.0,516.4,48.6,Liquid,"DATA,55.5,458,1023.0,565.0,458.0,1023.0,565.0,516.4,48.6,Liquid"
data,55.6,458,1023.0,565.0,458.0,1023.0,565.0,516.4,48.6,Liquid,"DATA,55.6,458,1023.0,565.0,458.0,1023.0,565.0,516.4,48.6,Liquid"
data,55.7,458,1023.0,565.0,457.8,1023.0,565.2,516.4,48.8,Liquid,"DATA,55.7,458,1023.0,565.0,457.8,1023.0,565.2,516.4,48.8,Liquid"
data,55.8,458,1023.0,565.0,457.8,1023.0,565.2,516.4,48.8,Liquid,"DATA,55.8,458,1023.0,565.0,457.8,1023.0,565.2,516.4,48.8,Liquid"
data,55.9,457,1023.0,566.0,457.8,1023.0,565.2,516.4,48.8,Liquid,"DATA,55.9,457,1023.0,566.0,457.8,1023.0,565.2,516.4,48.8,Liquid"
data,56.0,458,1023.0,565.0,457.8,1023.0,565.2,516.4,48.8,Liquid,"DATA,56.0,458,1023.0,565.0,457.8,1023.0,565.2,516.4,48.8,Liquid"
data,56.1,458,1023.0,565.0,457.8,1023.0,565.2,516.4,48.8,Liquid,"DATA,56.1,458,1023.0,565.0,457.8,1023.0,565.2,516.4,48.8,Liquid"
data,56.2,458,1023.0,565.0,457.8,1023.0,565.2,516.4,48.8,Liquid,"DATA,56.2,458,1023.0,565.0,457.8,1023.0,565.2,516.4,48.8,Liquid"
data,56.3,457,1023.0,566.0,457.6,1023.0,565.4,516.4,49.0,Liquid,"DATA,56.3,457,1023.0,566.0,457.6,1023.0,565.4,516.4,49.0,Liquid"
data,56.4,460,1023.0,563.0,458.2,1023.0,564.8,516.4,48.4,Liquid,"DATA,56.4,460,1023.0,563.0,458.2,1023.0,564.8,516.4,48.4,Liquid"
data,56.5,466,1023.0,557.0,459.8,1023.0,563.2,516.4,46.8,Liquid,"DATA,56.5,466,1023.0,557.0,459.8,1023.0,563.2,516.4,46.8,Liquid"
data,56.6,466,1023.0,557.0,461.4,1023.0,561.6,516.4,45.2,Liquid,"DATA,56.6,466,1023.0,557.0,461.4,1023.0,561.6,516.4,45.2,Liquid"
data,56.7,459,1023.0,564.0,461.6,1023.0,561.4,516.4,45.0,Liquid,"DATA,56.7,459,1023.0,564.0,461.6,1023.0,561.4,516.4,45.0,Liquid"
data,56.8,465,1023.0,558.0,463.2,1023.0,559.8,516.4,43.4,Liquid,"DATA,56.8,465,1023.0,558.0,463.2,1023.0,559.8,516.4,43.4,Liquid"
data,56.9,471,1023.0,552.0,465.4,1023.0,557.6,516.4,41.2,Liquid,"DATA,56.9,471,1023.0,552.0,465.4,1023.0,557.6,516.4,41.2,Liquid"
data,57.0,471,1023.0,552.0,466.4,1023.0,556.6,516.4,40.2,Liquid,"DATA,57.0,471,1023.0,552.0,466.4,1023.0,556.6,516.4,40.2,Liquid"
data,57.1,472,1023.0,551.0,467.6,1023.0,555.4,516.4,39.0,Liquid,"DATA,57.1,472,1023.0,551.0,467.6,1023.0,555.4,516.4,39.0,Liquid"
data,57.2,471,1023.0,552.0,470.0,1023.0,553.0,516.4,36.6,Liquid,"DATA,57.2,471,1023.0,552.0,470.0,1023.0,553.0,516.4,36.6,Liquid"
data,57.3,472,1023.0,551.0,471.4,1023.0,551.6,516.4,35.2,Liquid,"DATA,57.3,472,1023.0,551.0,471.4,1023.0,551.6,516.4,35.2,Liquid"
data,57.4,472,1023.0,551.0,471.6,1023.0,551.4,516.4,35.0,Liquid,"DATA,57.4,472,1023.0,551.0,471.6,1023.0,551.4,516.4,35.0,Liquid"
data,57.5,472,1023.0,551.0,471.8,1023.0,551.2,516.4,34.8,Liquid,"DATA,57.5,472,1023.0,551.0,471.8,1023.0,551.2,516.4,34.8,Liquid"
data,57.6,471,1023.0,552.0,471.6,1023.0,551.4,516.4,35.0,Liquid,"DATA,57.6,471,1023.0,552.0,471.6,1023.0,551.4,516.4,35.0,Liquid"
data,57.7,470,1023.0,553.0,471.4,1023.0,551.6,516.4,35.2,Liquid,"DATA,57.7,470,1023.0,553.0,471.4,1023.0,551.6,516.4,35.2,Liquid"
data,57.8,471,1023.0,552.0,471.2,1023.0,551.8,516.4,35.4,Liquid,"DATA,57.8,471,1023.0,552.0,471.2,1023.0,551.8,516.4,35.4,Liquid"
data,57.9,471,1023.0,552.0,471.0,1023.0,552.0,516.4,35.6,Liquid,"DATA,57.9,471,1023.0,552.0,471.0,1023.0,552.0,516.4,35.6,Liquid"
data,58.0,471,1023.0,552.0,470.8,1023.0,552.2,516.4,35.8,Liquid,"DATA,58.0,471,1023.0,552.0,470.8,1023.0,552.2,516.4,35.8,Liquid"
data,58.1,471,1023.0,552.0,470.8,1023.0,552.2,516.4,35.8,Liquid,"DATA,58.1,471,1023.0,552.0,470.8,1023.0,552.2,516.4,35.8,Liquid"
data,58.2,471,1023.0,552.0,471.0,1023.0,552.0,516.4,35.6,Liquid,"DATA,58.2,471,1023.0,552.0,471.0,1023.0,552.0,516.4,35.6,Liquid"
data,58.3,471,1023.0,552.0,471.0,1023.0,552.0,516.4,35.6,Liquid,"DATA,58.3,471,1023.0,552.0,471.0,1023.0,552.0,516.4,35.6,Liquid"
data,58.4,469,1023.0,554.0,470.6,1023.0,552.4,516.4,36.0,Liquid,"DATA,58.4,469,1023.0,554.0,470.6,1023.0,552.4,516.4,36.0,Liquid"
data,58.5,470,1023.0,553.0,470.4,1023.0,552.6,516.4,36.2,Liquid,"DATA,58.5,470,1023.0,553.0,470.4,1023.0,552.6,516.4,36.2,Liquid"
data,58.6,469,1023.0,554.0,470.0,1023.0,553.0,516.4,36.6,Liquid,"DATA,58.6,469,1023.0,554.0,470.0,1023.0,553.0,516.4,36.6,Liquid"
data,58.7,468,1023.0,555.0,469.4,1023.0,553.6,516.4,37.2,Liquid,"DATA,58.7,468,1023.0,555.0,469.4,1023.0,553.6,516.4,37.2,Liquid"
data,58.8,471,1023.0,552.0,469.4,1023.0,553.6,516.4,37.2,Liquid,"DATA,58.8,471,1023.0,552.0,469.4,1023.0,553.6,516.4,37.2,Liquid"
data,58.9,467,1023.0,556.0,469.0,1023.0,554.0,516.4,37.6,Liquid,"DATA,58.9,467,1023.0,556.0,469.0,1023.0,554.0,516.4,37.6,Liquid"
data,59.0,469,1023.0,554.0,468.8,1023.0,554.2,516.4,37.8,Liquid,"DATA,59.0,469,1023.0,554.0,468.8,1023.0,554.2,516.4,37.8,Liquid"
data,59.1,470,1023.0,553.0,469.0,1023.0,554.0,516.4,37.6,Liquid,"DATA,59.1,470,1023.0,553.0,469.0,1023.0,554.0,516.4,37.6,Liquid"
data,59.2,465,1023.0,558.0,468.4,1023.0,554.6,516.4,38.2,Liquid,"DATA,59.2,465,1023.0,558.0,468.4,1023.0,554.6,516.4,38.2,Liquid"
data,59.3,469,1023.0,554.0,468.0,1023.0,555.0,516.4,38.6,Liquid,"DATA,59.3,469,1023.0,554.0,468.0,1023.0,555.0,516.4,38.6,Liquid"
data,59.4,467,1023.0,556.0,468.0,1023.0,555.0,516.4,38.6,Liquid,"DATA,59.4,467,1023.0,556.0,468.0,1023.0,555.0,516.4,38.6,Liquid"
data,59.5,469,1023.0,554.0,468.0,1023.0,555.0,516.4,38.6,Liquid,"DATA,59.5,469,1023.0,554.0,468.0,1023.0,555.0,516.4,38.6,Liquid"
data,59.6,466,1023.0,557.0,467.2,1023.0,555.8,516.4,39.4,Liquid,"DATA,59.6,466,1023.0,557.0,467.2,1023.0,555.8,516.4,39.4,Liquid"
data,59.7,467,1023.0,556.0,467.6,1023.0,555.4,516.4,39.0,Liquid,"DATA,59.7,467,1023.0,556.0,467.6,1023.0,555.4,516.4,39.0,Liquid"
data,59.8,465,1023.0,558.0,466.8,1023.0,556.2,516.4,39.8,Liquid,"DATA,59.8,465,1023.0,558.0,466.8,1023.0,556.2,516.4,39.8,Liquid"
data,59.9,469,1023.0,554.0,467.2,1023.0,555.8,516.4,39.4,Liquid,"DATA,59.9,469,1023.0,554.0,467.2,1023.0,555.8,516.4,39.4,Liquid"
data,60.0,468,1023.0,555.0,467.0,1023.0,556.0,516.4,39.6,Liquid,"DATA,60.0,468,1023.0,555.0,467.0,1023.0,556.0,516.4,39.6,Liquid"
data,60.1,466,1023.0,557.0,467.0,1023.0,556.0,516.4,39.6,Liquid,"DATA,60.1,466,1023.0,557.0,467.0,1023.0,556.0,516.4,39.6,Liquid"
data,60.2,466,1023.0,557.0,466.8,1023.0,556.2,516.4,39.8,Liquid,"DATA,60.2,466,1023.0,557.0,466.8,1023.0,556.2,516.4,39.8,Liquid"
data,60.3,466,1023.0,557.0,467.0,1023.0,556.0,516.4,39.6,Liquid,"DATA,60.3,466,1023.0,557.0,467.0,1023.0,556.0,516.4,39.6,Liquid"
data,60.4,468,1023.0,555.0,466.8,1023.0,556.2,516.4,39.8,Liquid,"DATA,60.4,468,1023.0,555.0,466.8,1023.0,556.2,516.4,39.8,Liquid"
data,60.5,466,1023.0,557.0,466.4,1023.0,556.6,516.4,40.2,Liquid,"DATA,60.5,466,1023.0,557.0,466.4,1023.0,556.6,516.4,40.2,Liquid"
data,60.6,466,1023.0,557.0,466.4,1023.0,556.6,516.4,40.2,Liquid,"DATA,60.6,466,1023.0,557.0,466.4,1023.0,556.6,516.4,40.2,Liquid"
data,60.7,469,1023.0,554.0,467.0,1023.0,556.0,516.4,39.6,Liquid,"DATA,60.7,469,1023.0,554.0,467.0,1023.0,556.0,516.4,39.6,Liquid"
data,60.8,466,1023.0,557.0,467.0,1023.0,556.0,516.4,39.6,Liquid,"DATA,60.8,466,1023.0,557.0,467.0,1023.0,556.0,516.4,39.6,Liquid"
data,60.9,467,1023.0,556.0,466.8,1023.0,556.2,516.4,39.8,Liquid,"DATA,60.9,467,1023.0,556.0,466.8,1023.0,556.2,516.4,39.8,Liquid"
data,61.0,468,1023.0,555.0,467.2,1023.0,555.8,516.4,39.4,Liquid,"DATA,61.0,468,1023.0,555.0,467.2,1023.0,555.8,516.4,39.4,Liquid"
data,61.1,467,1023.0,556.0,467.4,1023.0,555.6,516.4,39.2,Liquid,"DATA,61.1,467,1023.0,556.0,467.4,1023.0,555.6,516.4,39.2,Liquid"
data,61.2,467,1023.0,556.0,467.0,1023.0,556.0,516.4,39.6,Liquid,"DATA,61.2,467,1023.0,556.0,467.0,1023.0,556.0,516.4,39.6,Liquid"
data,61.3,467,1023.0,556.0,467.2,1023.0,555.8,516.4,39.4,Liquid,"DATA,61.3,467,1023.0,556.0,467.2,1023.0,555.8,516.4,39.4,Liquid"
data,61.4,467,1023.0,556.0,467.2,1023.0,555.8,516.4,39.4,Liquid,"DATA,61.4,467,1023.0,556.0,467.2,1023.0,555.8,516.4,39.4,Liquid"
data,61.5,466,1023.0,557.0,466.8,1023.0,556.2,516.4,39.8,Liquid,"DATA,61.5,466,1023.0,557.0,466.8,1023.0,556.2,516.4,39.8,Liquid"
data,61.6,467,1023.0,556.0,466.8,1023.0,556.2,516.4,39.8,Liquid,"DATA,61.6,467,1023.0,556.0,466.8,1023.0,556.2,516.4,39.8,Liquid"
data,61.7,470,1023.0,553.0,467.4,1023.0,555.6,516.4,39.2,Liquid,"DATA,61.7,470,1023.0,553.0,467.4,1023.0,555.6,516.4,39.2,Liquid"
data,61.8,474,1023.0,549.0,468.8,1023.0,554.2,516.4,37.8,Liquid,"DATA,61.8,474,1023.0,549.0,468.8,1023.0,554.2,516.4,37.8,Liquid"
data,61.9,474,1023.0,549.0,470.2,1023.0,552.8,516.4,36.4,Liquid,"DATA,61.9,474,1023.0,549.0,470.2,1023.0,552.8,516.4,36.4,Liquid"
data,62.0,458,1023.0,565.0,468.6,1023.0,554.4,516.4,38.0,Liquid,"DATA,62.0,458,1023.0,565.0,468.6,1023.0,554.4,516.4,38.0,Liquid"
data,62.1,466,1023.0,557.0,468.4,1023.0,554.6,516.4,38.2,Liquid,"DATA,62.1,466,1023.0,557.0,468.4,1023.0,554.6,516.4,38.2,Liquid"
data,62.2,469,1023.0,554.0,468.2,1023.0,554.8,516.4,38.4,Liquid,"DATA,62.2,469,1023.0,554.0,468.2,1023.0,554.8,516.4,38.4,Liquid"
data,62.3,471,1023.0,552.0,467.6,1023.0,555.4,516.4,39.0,Liquid,"DATA,62.3,471,1023.0,552.0,467.6,1023.0,555.4,516.4,39.0,Liquid"
data,62.4,470,1023.0,553.0,466.8,1023.0,556.2,516.4,39.8,Liquid,"DATA,62.4,470,1023.0,553.0,466.8,1023.0,556.2,516.4,39.8,Liquid"
data,62.5,473,1023.0,550.0,469.8,1023.0,553.2,516.4,36.8,Liquid,"DATA,62.5,473,1023.0,550.0,469.8,1023.0,553.2,516.4,36.8,Liquid"
data,62.6,472,1023.0,551.0,471.0,1023.0,552.0,516.4,35.6,Liquid,"DATA,62.6,472,1023.0,551.0,471.0,1023.0,552.0,516.4,35.6,Liquid"
data,62.7,476,1023.0,547.0,472.4,1023.0,550.6,516.4,34.2,Liquid,"DATA,62.7,476,1023.0,547.0,472.4,1023.0,550.6,516.4,34.2,Liquid"
data,62.8,476,1023.0,547.0,473.4,1023.0,549.6,516.4,33.2,Liquid,"DATA,62.8,476,1023.0,547.0,473.4,1023.0,549.6,516.4,33.2,Liquid"
data,62.9,477,1023.0,546.0,474.8,1023.0,548.2,516.4,31.8,Liquid,"DATA,62.9,477,1023.0,546.0,474.8,1023.0,548.2,516.4,31.8,Liquid"
data,63.0,481,1023.0,542.0,476.4,1023.0,546.6,516.4,30.2,Liquid,"DATA,63.0,481,1023.0,542.0,476.4,1023.0,546.6,516.4,30.2,Liquid"
data,63.1,482,1023.0,541.0,478.4,1023.0,544.6,516.4,28.2,Liquid,"DATA,63.1,482,1023.0,541.0,478.4,1023.0,544.6,516.4,28.2,Liquid"
data,63.2,481,1023.0,542.0,479.4,1023.0,543.6,516.4,27.2,Liquid,"DATA,63.2,481,1023.0,542.0,479.4,1023.0,543.6,516.4,27.2,Liquid"
data,63.3,482,1023.0,541.0,480.6,1023.0,542.4,516.4,26.0,Liquid,"DATA,63.3,482,1023.0,541.0,480.6,1023.0,542.4,516.4,26.0,Liquid"
data,63.4,479,1023.0,544.0,481.0,1023.0,542.0,516.4,25.6,Liquid,"DATA,63.4,479,1023.0,544.0,481.0,1023.0,542.0,516.4,25.6,Liquid"
data,63.5,480,1023.0,543.0,480.8,1023.0,542.2,516.4,25.8,Liquid,"DATA,63.5,480,1023.0,543.0,480.8,1023.0,542.2,516.4,25.8,Liquid"
data,63.6,481,1023.0,542.0,480.6,1023.0,542.4,516.4,26.0,Liquid,"DATA,63.6,481,1023.0,542.0,480.6,1023.0,542.4,516.4,26.0,Liquid"
data,63.7,479,1023.0,544.0,480.2,1023.0,542.8,516.4,26.4,Liquid,"DATA,63.7,479,1023.0,544.0,480.2,1023.0,542.8,516.4,26.4,Liquid"
data,63.8,478,1023.0,545.0,479.4,1023.0,543.6,516.4,27.2,Liquid,"DATA,63.8,478,1023.0,545.0,479.4,1023.0,543.6,516.4,27.2,Liquid"
data,63.9,479,1023.0,544.0,479.4,1023.0,543.6,516.4,27.2,Liquid,"DATA,63.9,479,1023.0,544.0,479.4,1023.0,543.6,516.4,27.2,Liquid"
data,64.0,479,1023.0,544.0,479.2,1023.0,543.8,516.4,27.4,Liquid,"DATA,64.0,479,1023.0,544.0,479.2,1023.0,543.8,516.4,27.4,Liquid"
data,64.1,480,1023.0,543.0,479.0,1023.0,544.0,516.4,27.6,Liquid,"DATA,64.1,480,1023.0,543.0,479.0,1023.0,544.0,516.4,27.6,Liquid"
data,64.2,481,1023.0,542.0,479.4,1023.0,543.6,516.4,27.2,Liquid,"DATA,64.2,481,1023.0,542.0,479.4,1023.0,543.6,516.4,27.2,Liquid"
data,64.3,479,1023.0,544.0,479.6,1023.0,543.4,516.4,27.0,Liquid,"DATA,64.3,479,1023.0,544.0,479.6,1023.0,543.4,516.4,27.0,Liquid"
data,64.4,479,1023.0,544.0,479.6,1023.0,543.4,516.4,27.0,Liquid,"DATA,64.4,479,1023.0,544.0,479.6,1023.0,543.4,516.4,27.0,Liquid"
data,64.5,478,1023.0,545.0,479.4,1023.0,543.6,516.4,27.2,Liquid,"DATA,64.5,478,1023.0,545.0,479.4,1023.0,543.6,516.4,27.2,Liquid"
data,64.6,480,1023.0,543.0,479.4,1023.0,543.6,516.4,27.2,Liquid,"DATA,64.6,480,1023.0,543.0,479.4,1023.0,543.6,516.4,27.2,Liquid"
data,64.7,480,1023.0,543.0,479.2,1023.0,543.8,516.4,27.4,Liquid,"DATA,64.7,480,1023.0,543.0,479.2,1023.0,543.8,516.4,27.4,Liquid"
data,64.8,481,1023.0,542.0,479.6,1023.0,543.4,516.4,27.0,Liquid,"DATA,64.8,481,1023.0,542.0,479.6,1023.0,543.4,516.4,27.0,Liquid"
data,64.9,483,1023.0,540.0,480.4,1023.0,542.6,516.4,26.2,Liquid,"DATA,64.9,483,1023.0,540.0,480.4,1023.0,542.6,516.4,26.2,Liquid"
data,65.0,481,1023.0,542.0,481.0,1023.0,542.0,516.4,25.6,Liquid,"DATA,65.0,481,1023.0,542.0,481.0,1023.0,542.0,516.4,25.6,Liquid"
data,65.1,482,1023.0,541.0,481.4,1023.0,541.6,516.4,25.2,Liquid,"DATA,65.1,482,1023.0,541.0,481.4,1023.0,541.6,516.4,25.2,Liquid"
data,65.2,484,1023.0,539.0,482.2,1023.0,540.8,516.4,24.4,Liquid,"DATA,65.2,484,1023.0,539.0,482.2,1023.0,540.8,516.4,24.4,Liquid"
data,65.3,486,1023.0,537.0,483.2,1023.0,539.8,516.4,23.4,Liquid,"DATA,65.3,486,1023.0,537.0,483.2,1023.0,539.8,516.4,23.4,Liquid"
data,65.4,485,1023.0,538.0,483.6,1023.0,539.4,516.4,23.0,Liquid,"DATA,65.4,485,1023.0,538.0,483.6,1023.0,539.4,516.4,23.0,Liquid"
data,65.5,484,1023.0,539.0,484.2,1023.0,538.8,516.4,22.4,Liquid,"DATA,65.5,484,1023.0,539.0,484.2,1023.0,538.8,516.4,22.4,Liquid"
data,65.6,482,1023.0,541.0,484.2,1023.0,538.8,516.4,22.4,Liquid,"DATA,65.6,482,1023.0,541.0,484.2,1023.0,538.8,516.4,22.4,Liquid"
data,65.7,480,1023.0,543.0,483.4,1023.0,539.6,516.4,23.2,Liquid,"DATA,65.7,480,1023.0,543.0,483.4,1023.0,539.6,516.4,23.2,Liquid"
data,65.8,479,1023.0,544.0,482.0,1023.0,541.0,516.4,24.6,Liquid,"DATA,65.8,479,1023.0,544.0,482.0,1023.0,541.0,516.4,24.6,Liquid"
data,65.9,478,1023.0,545.0,480.6,1023.0,542.4,516.4,26.0,Liquid,"DATA,65.9,478,1023.0,545.0,480.6,1023.0,542.4,516.4,26.0,Liquid"
data,66.0,476,1023.0,547.0,479.0,1023.0,544.0,516.4,27.6,Liquid,"DATA,66.0,476,1023.0,547.0,479.0,1023.0,544.0,516.4,27.6,Liquid"
data,66.1,475,1023.0,548.0,477.6,1023.0,545.4,516.4,29.0,Liquid,"DATA,66.1,475,1023.0,548.0,477.6,1023.0,545.4,516.4,29.0,Liquid"
data,66.2,476,1023.0,547.0,476.8,1023.0,546.2,516.4,29.8,Liquid,"DATA,66.2,476,1023.0,547.0,476.8,1023.0,546.2,516.4,29.8,Liquid"
data,66.3,475,1023.0,548.0,476.0,1023.0,547.0,516.4,30.6,Liquid,"DATA,66.3,475,1023.0,548.0,476.0,1023.0,547.0,516.4,30.6,Liquid"
data,66.4,475,1023.0,548.0,475.4,1023.0,547.6,516.4,31.2,Liquid,"DATA,66.4,475,1023.0,548.0,475.4,1023.0,547.6,516.4,31.2,Liquid"
data,66.5,476,1023.0,547.0,475.4,1023.0,547.6,516.4,31.2,Liquid,"DATA,66.5,476,1023.0,547.0,475.4,1023.0,547.6,516.4,31.2,Liquid"
data,66.6,475,1023.0,548.0,475.4,1023.0,547.6,516.4,31.2,Liquid,"DATA,66.6,475,1023.0,548.0,475.4,1023.0,547.6,516.4,31.2,Liquid"
data,66.7,475,1023.0,548.0,475.2,1023.0,547.8,516.4,31.4,Liquid,"DATA,66.7,475,1023.0,548.0,475.2,1023.0,547.8,516.4,31.4,Liquid"
data,66.8,474,1023.0,549.0,475.0,1023.0,548.0,516.4,31.6,Liquid,"DATA,66.8,474,1023.0,549.0,475.0,1023.0,548.0,516.4,31.6,Liquid"
data,66.9,475,1023.0,548.0,475.0,1023.0,548.0,516.4,31.6,Liquid,"DATA,66.9,475,1023.0,548.0,475.0,1023.0,548.0,516.4,31.6,Liquid"
data,67.0,474,1023.0,549.0,474.6,1023.0,548.4,516.4,32.0,Liquid,"DATA,67.0,474,1023.0,549.0,474.6,1023.0,548.4,516.4,32.0,Liquid"
data,67.1,475,1023.0,548.0,474.6,1023.0,548.4,516.4,32.0,Liquid,"DATA,67.1,475,1023.0,548.0,474.6,1023.0,548.4,516.4,32.0,Liquid"
data,67.2,476,1023.0,547.0,474.8,1023.0,548.2,516.4,31.8,Liquid,"DATA,67.2,476,1023.0,547.0,474.8,1023.0,548.2,516.4,31.8,Liquid"
data,67.3,474,1023.0,549.0,474.8,1023.0,548.2,516.4,31.8,Liquid,"DATA,67.3,474,1023.0,549.0,474.8,1023.0,548.2,516.4,31.8,Liquid"
data,67.4,473,1023.0,550.0,474.4,1023.0,548.6,516.4,32.2,Liquid,"DATA,67.4,473,1023.0,550.0,474.4,1023.0,548.6,516.4,32.2,Liquid"
data,67.5,474,1023.0,549.0,474.4,1023.0,548.6,516.4,32.2,Liquid,"DATA,67.5,474,1023.0,549.0,474.4,1023.0,548.6,516.4,32.2,Liquid"
data,67.6,477,1023.0,546.0,474.8,1023.0,548.2,516.4,31.8,Liquid,"DATA,67.6,477,1023.0,546.0,474.8,1023.0,548.2,516.4,31.8,Liquid"
data,67.7,475,1023.0,548.0,474.6,1023.0,548.4,516.4,32.0,Liquid,"DATA,67.7,475,1023.0,548.0,474.6,1023.0,548.4,516.4,32.0,Liquid"
data,67.8,464,1023.0,559.0,472.6,1023.0,550.4,516.4,34.0,Liquid,"DATA,67.8,464,1023.0,559.0,472.6,1023.0,550.4,516.4,34.0,Liquid"
data,67.9,461,1023.0,562.0,470.2,1023.0,552.8,516.4,36.4,Liquid,"DATA,67.9,461,1023.0,562.0,470.2,1023.0,552.8,516.4,36.4,Liquid"
data,68.0,461,1023.0,562.0,467.6,1023.0,555.4,516.4,39.0,Liquid,"DATA,68.0,461,1023.0,562.0,467.6,1023.0,555.4,516.4,39.0,Liquid"
data,68.1,460,1023.0,563.0,464.2,1023.0,558.8,516.4,42.4,Liquid,"DATA,68.1,460,1023.0,563.0,464.2,1023.0,558.8,516.4,42.4,Liquid"
data,68.2,460,1023.0,563.0,461.2,1023.0,561.8,516.4,45.4,Liquid,"DATA,68.2,460,1023.0,563.0,461.2,1023.0,561.8,516.4,45.4,Liquid"
data,68.3,461,1023.0,562.0,460.6,1023.0,562.4,516.4,46.0,Liquid,"DATA,68.3,461,1023.0,562.0,460.6,1023.0,562.4,516.4,46.0,Liquid"
data,68.4,460,1023.0,563.0,460.4,1023.0,562.6,516.4,46.2,Liquid,"DATA,68.4,460,1023.0,563.0,460.4,1023.0,562.6,516.4,46.2,Liquid"
data,68.5,463,1023.0,560.0,460.8,1023.0,562.2,516.4,45.8,Liquid,"DATA,68.5,463,1023.0,560.0,460.8,1023.0,562.2,516.4,45.8,Liquid"
data,68.6,462,1023.0,561.0,461.2,1023.0,561.8,516.4,45.4,Liquid,"DATA,68.6,462,1023.0,561.0,461.2,1023.0,561.8,516.4,45.4,Liquid"
data,68.7,461,1023.0,562.0,461.4,1023.0,561.6,516.4,45.2,Liquid,"DATA,68.7,461,1023.0,562.0,461.4,1023.0,561.6,516.4,45.2,Liquid"
data,68.8,462,1023.0,561.0,461.6,1023.0,561.4,516.4,45.0,Liquid,"DATA,68.8,462,1023.0,561.0,461.6,1023.0,561.4,516.4,45.0,Liquid"
data,68.9,463,1023.0,560.0,462.2,1023.0,560.8,516.4,44.4,Liquid,"DATA,68.9,463,1023.0,560.0,462.2,1023.0,560.8,516.4,44.4,Liquid"
data,69.0,461,1023.0,562.0,461.8,1023.0,561.2,516.4,44.8,Liquid,"DATA,69.0,461,1023.0,562.0,461.8,1023.0,561.2,516.4,44.8,Liquid"
data,69.1,461,1023.0,562.0,461.6,1023.0,561.4,516.4,45.0,Liquid,"DATA,69.1,461,1023.0,562.0,461.6,1023.0,561.4,516.4,45.0,Liquid"
data,69.2,460,1023.0,563.0,461.4,1023.0,561.6,516.4,45.2,Liquid,"DATA,69.2,460,1023.0,563.0,461.4,1023.0,561.6,516.4,45.2,Liquid"
data,69.3,460,1023.0,563.0,461.0,1023.0,562.0,516.4,45.6,Liquid,"DATA,69.3,460,1023.0,563.0,461.0,1023.0,562.0,516.4,45.6,Liquid"
data,69.4,459,1023.0,564.0,460.2,1023.0,562.8,516.4,46.4,Liquid,"DATA,69.4,459,1023.0,564.0,460.2,1023.0,562.8,516.4,46.4,Liquid"
data,69.5,459,1023.0,564.0,459.8,1023.0,563.2,516.4,46.8,Liquid,"DATA,69.5,459,1023.0,564.0,459.8,1023.0,563.2,516.4,46.8,Liquid"
data,69.6,460,1023.0,563.0,459.6,1023.0,563.4,516.4,47.0,Liquid,"DATA,69.6,460,1023.0,563.0,459.6,1023.0,563.4,516.4,47.0,Liquid"
data,69.7,458,1023.0,565.0,459.2,1023.0,563.8,516.4,47.4,Liquid,"DATA,69.7,458,1023.0,565.0,459.2,1023.0,563.8,516.4,47.4,Liquid"
data,69.8,460,1023.0,563.0,459.2,1023.0,563.8,516.4,47.4,Liquid,"DATA,69.8,460,1023.0,563.0,459.2,1023.0,563.8,516.4,47.4,Liquid"
data,69.9,460,1023.0,563.0,459.4,1023.0,563.6,516.4,47.2,Liquid,"DATA,69.9,460,1023.0,563.0,459.4,1023.0,563.6,516.4,47.2,Liquid"
data,70.0,460,1023.0,563.0,459.6,1023.0,563.4,516.4,47.0,Liquid,"DATA,70.0,460,1023.0,563.0,459.6,1023.0,563.4,516.4,47.0,Liquid"
data,70.1,459,1023.0,564.0,459.4,1023.0,563.6,516.4,47.2,Liquid,"DATA,70.1,459,1023.0,564.0,459.4,1023.0,563.6,516.4,47.2,Liquid"
data,70.2,458,1023.0,565.0,459.4,1023.0,563.6,516.4,47.2,Liquid,"DATA,70.2,458,1023.0,565.0,459.4,1023.0,563.6,516.4,47.2,Liquid"
data,70.3,459,1023.0,564.0,459.2,1023.0,563.8,516.4,47.4,Liquid,"DATA,70.3,459,1023.0,564.0,459.2,1023.0,563.8,516.4,47.4,Liquid"
data,70.4,458,1023.0,565.0,458.8,1023.0,564.2,516.4,47.8,Liquid,"DATA,70.4,458,1023.0,565.0,458.8,1023.0,564.2,516.4,47.8,Liquid"
data,70.5,458,1023.0,565.0,458.4,1023.0,564.6,516.4,48.2,Liquid,"DATA,70.5,458,1023.0,565.0,458.4,1023.0,564.6,516.4,48.2,Liquid"
data,70.6,458,1023.0,565.0,458.2,1023.0,564.8,516.4,48.4,Liquid,"DATA,70.6,458,1023.0,565.0,458.2,1023.0,564.8,516.4,48.4,Liquid"
data,70.7,457,1023.0,566.0,458.0,1023.0,565.0,516.4,48.6,Liquid,"DATA,70.7,457,1023.0,566.0,458.0,1023.0,565.0,516.4,48.6,Liquid"
data,70.8,457,1023.0,566.0,457.6,1023.0,565.4,516.4,49.0,Liquid,"DATA,70.8,457,1023.0,566.0,457.6,1023.0,565.4,516.4,49.0,Liquid"
data,70.9,456,1023.0,567.0,457.2,1023.0,565.8,516.4,49.4,Liquid,"DATA,70.9,456,1023.0,567.0,457.2,1023.0,565.8,516.4,49.4,Liquid"
data,71.0,458,1023.0,565.0,457.2,1023.0,565.8,516.4,49.4,Liquid,"DATA,71.0,458,1023.0,565.0,457.2,1023.0,565.8,516.4,49.4,Liquid"
data,71.1,457,1023.0,566.0,457.0,1023.0,566.0,516.4,49.6,Liquid,"DATA,71.1,457,1023.0,566.0,457.0,1023.0,566.0,516.4,49.6,Liquid"
data,71.2,457,1023.0,566.0,457.0,1023.0,566.0,516.4,49.6,Liquid,"DATA,71.2,457,1023.0,566.0,457.0,1023.0,566.0,516.4,49.6,Liquid"
data,71.3,456,1023.0,567.0,456.8,1023.0,566.2,516.4,49.8,Liquid,"DATA,71.3,456,1023.0,567.0,456.8,1023.0,566.2,516.4,49.8,Liquid"
data,71.4,456,1023.0,567.0,456.8,1023.0,566.2,516.4,49.8,Liquid,"DATA,71.4,456,1023.0,567.0,456.8,1023.0,566.2,516.4,49.8,Liquid"
data,71.5,456,1023.0,567.0,456.4,1023.0,566.6,516.4,50.2,Liquid,"DATA,71.5,456,1023.0,567.0,456.4,1023.0,566.6,516.4,50.2,Liquid"
data,71.6,456,1023.0,567.0,456.2,1023.0,566.8,516.4,50.4,Liquid,"DATA,71.6,456,1023.0,567.0,456.2,1023.0,566.8,516.4,50.4,Liquid"
data,71.7,456,1023.0,567.0,456.0,1023.0,567.0,516.4,50.6,Liquid,"DATA,71.7,456,1023.0,567.0,456.0,1023.0,567.0,516.4,50.6,Liquid"
data,71.8,456,1023.0,567.0,456.0,1023.0,567.0,516.4,50.6,Liquid,"DATA,71.8,456,1023.0,567.0,456.0,1023.0,567.0,516.4,50.6,Liquid"
data,71.9,456,1023.0,567.0,456.0,1023.0,567.0,516.4,50.6,Liquid,"DATA,71.9,456,1023.0,567.0,456.0,1023.0,567.0,516.4,50.6,Liquid"
data,72.0,455,1023.0,568.0,455.8,1023.0,567.2,516.4,50.8,Liquid,"DATA,72.0,455,1023.0,568.0,455.8,1023.0,567.2,516.4,50.8,Liquid"
data,72.1,455,1023.0,568.0,455.6,1023.0,567.4,516.4,51.0,Liquid,"DATA,72.1,455,1023.0,568.0,455.6,1023.0,567.4,516.4,51.0,Liquid"
data,72.2,456,1023.0,567.0,455.6,1023.0,567.4,516.4,51.0,Liquid,"DATA,72.2,456,1023.0,567.0,455.6,1023.0,567.4,516.4,51.0,Liquid"
data,72.3,455,1023.0,568.0,455.4,1023.0,567.6,516.4,51.2,Liquid,"DATA,72.3,455,1023.0,568.0,455.4,1023.0,567.6,516.4,51.2,Liquid"
data,72.4,452,1023.0,571.0,454.6,1023.0,568.4,516.4,52.0,Liquid,"DATA,72.4,452,1023.0,571.0,454.6,1023.0,568.4,516.4,52.0,Liquid"
data,72.5,458,1023.0,565.0,455.2,1023.0,567.8,516.4,51.4,Liquid,"DATA,72.5,458,1023.0,565.0,455.2,1023.0,567.8,516.4,51.4,Liquid"
data,72.6,457,1023.0,566.0,455.6,1023.0,567.4,516.4,51.0,Liquid,"DATA,72.6,457,1023.0,566.0,455.6,1023.0,567.4,516.4,51.0,Liquid"
data,72.7,461,1023.0,562.0,456.6,1023.0,566.4,516.4,50.0,Liquid,"DATA,72.7,461,1023.0,562.0,456.6,1023.0,566.4,516.4,50.0,Liquid"
data,72.8,468,1023.0,555.0,459.2,1023.0,563.8,516.4,47.4,Liquid,"DATA,72.8,468,1023.0,555.0,459.2,1023.0,563.8,516.4,47.4,Liquid"
data,72.9,496,1023.0,527.0,468.0,1023.0,555.0,516.4,38.6,Liquid,"DATA,72.9,496,1023.0,527.0,468.0,1023.0,555.0,516.4,38.6,Liquid"
data,73.0,474,1023.0,549.0,471.2,1023.0,551.8,516.4,35.4,Liquid,"DATA,73.0,474,1023.0,549.0,471.2,1023.0,551.8,516.4,35.4,Liquid"
data,73.1,488,1023.0,535.0,477.4,1023.0,545.6,516.4,29.2,Liquid,"DATA,73.1,488,1023.0,535.0,477.4,1023.0,545.6,516.4,29.2,Liquid"
data,73.2,462,1023.0,561.0,477.6,1023.0,545.4,516.4,29.0,Liquid,"DATA,73.2,462,1023.0,561.0,477.6,1023.0,545.4,516.4,29.0,Liquid"
data,73.3,450,1023.0,573.0,474.0,1023.0,549.0,516.4,32.6,Liquid,"DATA,73.3,450,1023.0,573.0,474.0,1023.0,549.0,516.4,32.6,Liquid"
data,73.4,451,1023.0,572.0,465.0,1023.0,558.0,516.4,41.6,Liquid,"DATA,73.4,451,1023.0,572.0,465.0,1023.0,558.0,516.4,41.6,Liquid"
data,73.5,438,1023.0,585.0,457.8,1023.0,565.2,516.4,48.8,Liquid,"DATA,73.5,438,1023.0,585.0,457.8,1023.0,565.2,516.4,48.8,Liquid"
data,73.6,441,1023.0,582.0,448.4,1023.0,574.6,516.4,58.2,Liquid,"DATA,73.6,441,1023.0,582.0,448.4,1023.0,574.6,516.4,58.2,Liquid"
data,73.7,472,1023.0,551.0,450.4,1023.0,572.6,516.4,56.2,Liquid,"DATA,73.7,472,1023.0,551.0,450.4,1023.0,572.6,516.4,56.2,Liquid"
data,73.8,461,1023.0,562.0,452.6,1023.0,570.4,516.4,54.0,Liquid,"DATA,73.8,461,1023.0,562.0,452.6,1023.0,570.4,516.4,54.0,Liquid"
data,73.9,463,1023.0,560.0,455.0,1023.0,568.0,516.4,51.6,Liquid,"DATA,73.9,463,1023.0,560.0,455.0,1023.0,568.0,516.4,51.6,Liquid"
data,74.0,444,1023.0,579.0,456.2,1023.0,566.8,516.4,50.4,Liquid,"DATA,74.0,444,1023.0,579.0,456.2,1023.0,566.8,516.4,50.4,Liquid"
data,74.1,450,1023.0,573.0,458.0,1023.0,565.0,516.4,48.6,Liquid,"DATA,74.1,450,1023.0,573.0,458.0,1023.0,565.0,516.4,48.6,Liquid"
data,74.2,444,1023.0,579.0,452.4,1023.0,570.6,516.4,54.2,Liquid,"DATA,74.2,444,1023.0,579.0,452.4,1023.0,570.6,516.4,54.2,Liquid"
data,74.3,440,1023.0,583.0,448.2,1023.0,574.8,516.4,58.4,Liquid,"DATA,74.3,440,1023.0,583.0,448.2,1023.0,574.8,516.4,58.4,Liquid"
data,74.4,443,1023.0,580.0,444.2,1023.0,578.8,516.4,62.4,Liquid,"DATA,74.4,443,1023.0,580.0,444.2,1023.0,578.8,516.4,62.4,Liquid"
data,74.5,458,1023.0,565.0,447.0,1023.0,576.0,516.4,59.6,Liquid,"DATA,74.5,458,1023.0,565.0,447.0,1023.0,576.0,516.4,59.6,Liquid"
data,74.6,444,1023.0,579.0,445.8,1023.0,577.2,516.4,60.8,Liquid,"DATA,74.6,444,1023.0,579.0,445.8,1023.0,577.2,516.4,60.8,Liquid"
data,74.7,445,1023.0,578.0,446.0,1023.0,577.0,516.4,60.6,Liquid,"DATA,74.7,445,1023.0,578.0,446.0,1023.0,577.0,516.4,60.6,Liquid"
data,74.8,442,1023.0,581.0,446.4,1023.0,576.6,516.4,60.2,Liquid,"DATA,74.8,442,1023.0,581.0,446.4,1023.0,576.6,516.4,60.2,Liquid"
data,74.9,445,1023.0,578.0,446.8,1023.0,576.2,516.4,59.8,Liquid,"DATA,74.9,445,1023.0,578.0,446.8,1023.0,576.2,516.4,59.8,Liquid"
data,75.0,444,1023.0,579.0,444.0,1023.0,579.0,516.4,62.6,Liquid,"DATA,75.0,444,1023.0,579.0,444.0,1023.0,579.0,516.4,62.6,Liquid"
data,75.1,444,1023.0,579.0,444.0,1023.0,579.0,516.4,62.6,Liquid,"DATA,75.1,444,1023.0,579.0,444.0,1023.0,579.0,516.4,62.6,Liquid"
data,75.2,441,1023.0,582.0,443.2,1023.0,579.8,516.4,63.4,Liquid,"DATA,75.2,441,1023.0,582.0,443.2,1023.0,579.8,516.4,63.4,Liquid"
data,75.3,441,1023.0,582.0,443.0,1023.0,580.0,516.4,63.6,Liquid,"DATA,75.3,441,1023.0,582.0,443.0,1023.0,580.0,516.4,63.6,Liquid"
data,75.4,441,1023.0,582.0,442.2,1023.0,580.8,516.4,64.4,Liquid,"DATA,75.4,441,1023.0,582.0,442.2,1023.0,580.8,516.4,64.4,Liquid"
data,75.5,441,1023.0,582.0,441.6,1023.0,581.4,516.4,65.0,Liquid,"DATA,75.5,441,1023.0,582.0,441.6,1023.0,581.4,516.4,65.0,Liquid"
data,75.6,441,1023.0,582.0,441.0,1023.0,582.0,516.4,65.6,Liquid,"DATA,75.6,441,1023.0,582.0,441.0,1023.0,582.0,516.4,65.6,Liquid"
data,75.7,443,1023.0,580.0,441.4,1023.0,581.6,516.4,65.2,Liquid,"DATA,75.7,443,1023.0,580.0,441.4,1023.0,581.6,516.4,65.2,Liquid"
data,75.8,443,1023.0,580.0,441.8,1023.0,581.2,516.4,64.8,Liquid,"DATA,75.8,443,1023.0,580.0,441.8,1023.0,581.2,516.4,64.8,Liquid"
data,75.9,442,1023.0,581.0,442.0,1023.0,581.0,516.4,64.6,Liquid,"DATA,75.9,442,1023.0,581.0,442.0,1023.0,581.0,516.4,64.6,Liquid"
data,76.0,445,1023.0,578.0,442.8,1023.0,580.2,516.4,63.8,Liquid,"DATA,76.0,445,1023.0,578.0,442.8,1023.0,580.2,516.4,63.8,Liquid"
data,76.1,448,1023.0,575.0,444.2,1023.0,578.8,516.4,62.4,Liquid,"DATA,76.1,448,1023.0,575.0,444.2,1023.0,578.8,516.4,62.4,Liquid"
data,76.2,449,1023.0,574.0,445.4,1023.0,577.6,516.4,61.2,Liquid,"DATA,76.2,449,1023.0,574.0,445.4,1023.0,577.6,516.4,61.2,Liquid"
data,76.3,445,1023.0,578.0,445.8,1023.0,577.2,516.4,60.8,Liquid,"DATA,76.3,445,1023.0,578.0,445.8,1023.0,577.2,516.4,60.8,Liquid"
data,76.4,449,1023.0,574.0,447.2,1023.0,575.8,516.4,59.4,Liquid,"DATA,76.4,449,1023.0,574.0,447.2,1023.0,575.8,516.4,59.4,Liquid"
data,76.5,444,1023.0,579.0,447.0,1023.0,576.0,516.4,59.6,Liquid,"DATA,76.5,444,1023.0,579.0,447.0,1023.0,576.0,516.4,59.6,Liquid"
data,76.6,441,1023.0,582.0,445.6,1023.0,577.4,516.4,61.0,Liquid,"DATA,76.6,441,1023.0,582.0,445.6,1023.0,577.4,516.4,61.0,Liquid"
data,76.7,443,1023.0,580.0,444.4,1023.0,578.6,516.4,62.2,Liquid,"DATA,76.7,443,1023.0,580.0,444.4,1023.0,578.6,516.4,62.2,Liquid"
data,76.8,442,1023.0,581.0,443.8,1023.0,579.2,516.4,62.8,Liquid,"DATA,76.8,442,1023.0,581.0,443.8,1023.0,579.2,516.4,62.8,Liquid"
data,76.9,441,1023.0,582.0,442.2,1023.0,580.8,516.4,64.4,Liquid,"DATA,76.9,441,1023.0,582.0,442.2,1023.0,580.8,516.4,64.4,Liquid"
data,77.0,446,1023.0,577.0,442.6,1023.0,580.4,516.4,64.0,Liquid,"DATA,77.0,446,1023.0,577.0,442.6,1023.0,580.4,516.4,64.0,Liquid"
data,77.1,446,1023.0,577.0,443.6,1023.0,579.4,516.4,63.0,Liquid,"DATA,77.1,446,1023.0,577.0,443.6,1023.0,579.4,516.4,63.0,Liquid"
data,77.2,443,1023.0,580.0,443.6,1023.0,579.4,516.4,63.0,Liquid,"DATA,77.2,443,1023.0,580.0,443.6,1023.0,579.4,516.4,63.0,Liquid"
data,77.3,441,1023.0,582.0,443.4,1023.0,579.6,516.4,63.2,Liquid,"DATA,77.3,441,1023.0,582.0,443.4,1023.0,579.6,516.4,63.2,Liquid"
data,77.4,442,1023.0,581.0,443.6,1023.0,579.4,516.4,63.0,Liquid,"DATA,77.4,442,1023.0,581.0,443.6,1023.0,579.4,516.4,63.0,Liquid"
data,77.5,443,1023.0,580.0,443.0,1023.0,580.0,516.4,63.6,Liquid,"DATA,77.5,443,1023.0,580.0,443.0,1023.0,580.0,516.4,63.6,Liquid"
data,77.6,445,1023.0,578.0,442.8,1023.0,580.2,516.4,63.8,Liquid,"DATA,77.6,445,1023.0,578.0,442.8,1023.0,580.2,516.4,63.8,Liquid"
data,77.7,445,1023.0,578.0,443.2,1023.0,579.8,516.4,63.4,Liquid,"DATA,77.7,445,1023.0,578.0,443.2,1023.0,579.8,516.4,63.4,Liquid"
data,77.8,442,1023.0,581.0,443.4,1023.0,579.6,516.4,63.2,Liquid,"DATA,77.8,442,1023.0,581.0,443.4,1023.0,579.6,516.4,63.2,Liquid"
data,77.9,441,1023.0,582.0,443.2,1023.0,579.8,516.4,63.4,Liquid,"DATA,77.9,441,1023.0,582.0,443.2,1023.0,579.8,516.4,63.4,Liquid"
data,78.0,440,1023.0,583.0,442.6,1023.0,580.4,516.4,64.0,Liquid,"DATA,78.0,440,1023.0,583.0,442.6,1023.0,580.4,516.4,64.0,Liquid"
data,78.1,438,1023.0,585.0,441.2,1023.0,581.8,516.4,65.4,Liquid,"DATA,78.1,438,1023.0,585.0,441.2,1023.0,581.8,516.4,65.4,Liquid"
data,78.2,425,1023.0,598.0,437.2,1023.0,585.8,516.4,69.4,Liquid,"DATA,78.2,425,1023.0,598.0,437.2,1023.0,585.8,516.4,69.4,Liquid"
data,78.3,443,1023.0,580.0,437.4,1023.0,585.6,516.4,69.2,Liquid,"DATA,78.3,443,1023.0,580.0,437.4,1023.0,585.6,516.4,69.2,Liquid"
data,78.4,445,1023.0,578.0,438.2,1023.0,584.8,516.4,68.4,Liquid,"DATA,78.4,445,1023.0,578.0,438.2,1023.0,584.8,516.4,68.4,Liquid"
data,78.5,471,1023.0,552.0,444.4,1023.0,578.6,516.4,62.2,Liquid,"DATA,78.5,471,1023.0,552.0,444.4,1023.0,578.6,516.4,62.2,Liquid"
data,78.6,479,1023.0,544.0,452.6,1023.0,570.4,516.4,54.0,Liquid,"DATA,78.6,479,1023.0,544.0,452.6,1023.0,570.4,516.4,54.0,Liquid"
data,78.7,469,1023.0,554.0,461.4,1023.0,561.6,516.4,45.2,Liquid,"DATA,78.7,469,1023.0,554.0,461.4,1023.0,561.6,516.4,45.2,Liquid"
data,78.8,457,1023.0,566.0,464.2,1023.0,558.8,516.4,42.4,Liquid,"DATA,78.8,457,1023.0,566.0,464.2,1023.0,558.8,516.4,42.4,Liquid"
data,78.9,452,1023.0,571.0,465.6,1023.0,557.4,516.4,41.0,Liquid,"DATA,78.9,452,1023.0,571.0,465.6,1023.0,557.4,516.4,41.0,Liquid"
data,79.0,456,1023.0,567.0,462.6,1023.0,560.4,516.4,44.0,Liquid,"DATA,79.0,456,1023.0,567.0,462.6,1023.0,560.4,516.4,44.0,Liquid"
data,79.1,457,1023.0,566.0,458.2,1023.0,564.8,516.4,48.4,Liquid,"DATA,79.1,457,1023.0,566.0,458.2,1023.0,564.8,516.4,48.4,Liquid"
data,79.2,460,1023.0,563.0,456.4,1023.0,566.6,516.4,50.2,Liquid,"DATA,79.2,460,1023.0,563.0,456.4,1023.0,566.6,516.4,50.2,Liquid"
data,79.3,458,1023.0,565.0,456.6,1023.0,566.4,516.4,50.0,Liquid,"DATA,79.3,458,1023.0,565.0,456.6,1023.0,566.4,516.4,50.0,Liquid"
data,79.4,457,1023.0,566.0,457.6,1023.0,565.4,516.4,49.0,Liquid,"DATA,79.4,457,1023.0,566.0,457.6,1023.0,565.4,516.4,49.0,Liquid"
data,79.5,457,1023.0,566.0,457.8,1023.0,565.2,516.4,48.8,Liquid,"DATA,79.5,457,1023.0,566.0,457.8,1023.0,565.2,516.4,48.8,Liquid"
data,79.6,460,1023.0,563.0,458.4,1023.0,564.6,516.4,48.2,Liquid,"DATA,79.6,460,1023.0,563.0,458.4,1023.0,564.6,516.4,48.2,Liquid"
data,79.7,458,1023.0,565.0,458.0,1023.0,565.0,516.4,48.6,Liquid,"DATA,79.7,458,1023.0,565.0,458.0,1023.0,565.0,516.4,48.6,Liquid"
data,79.8,459,1023.0,564.0,458.2,1023.0,564.8,516.4,48.4,Liquid,"DATA,79.8,459,1023.0,564.0,458.2,1023.0,564.8,516.4,48.4,Liquid"
data,79.9,455,1023.0,568.0,457.8,1023.0,565.2,516.4,48.8,Liquid,"DATA,79.9,455,1023.0,568.0,457.8,1023.0,565.2,516.4,48.8,Liquid"
data,80.0,455,1023.0,568.0,457.4,1023.0,565.6,516.4,49.2,Liquid,"DATA,80.0,455,1023.0,568.0,457.4,1023.0,565.6,516.4,49.2,Liquid"
data,80.1,455,1023.0,568.0,456.4,1023.0,566.6,516.4,50.2,Liquid,"DATA,80.1,455,1023.0,568.0,456.4,1023.0,566.6,516.4,50.2,Liquid"
data,80.2,455,1023.0,568.0,455.8,1023.0,567.2,516.4,50.8,Liquid,"DATA,80.2,455,1023.0,568.0,455.8,1023.0,567.2,516.4,50.8,Liquid"
data,80.3,456,1023.0,567.0,455.2,1023.0,567.8,516.4,51.4,Liquid,"DATA,80.3,456,1023.0,567.0,455.2,1023.0,567.8,516.4,51.4,Liquid"
data,80.4,458,1023.0,565.0,455.8,1023.0,567.2,516.4,50.8,Liquid,"DATA,80.4,458,1023.0,565.0,455.8,1023.0,567.2,516.4,50.8,Liquid"
data,80.5,458,1023.0,565.0,456.4,1023.0,566.6,516.4,50.2,Liquid,"DATA,80.5,458,1023.0,565.0,456.4,1023.0,566.6,516.4,50.2,Liquid"
data,80.6,456,1023.0,567.0,456.6,1023.0,566.4,516.4,50.0,Liquid,"DATA,80.6,456,1023.0,567.0,456.6,1023.0,566.4,516.4,50.0,Liquid"
data,80.7,458,1023.0,565.0,457.2,1023.0,565.8,516.4,49.4,Liquid,"DATA,80.7,458,1023.0,565.0,457.2,1023.0,565.8,516.4,49.4,Liquid"
data,80.8,458,1023.0,565.0,457.6,1023.0,565.4,516.4,49.0,Liquid,"DATA,80.8,458,1023.0,565.0,457.6,1023.0,565.4,516.4,49.0,Liquid"
data,80.9,458,1023.0,565.0,457.6,1023.0,565.4,516.4,49.0,Liquid,"DATA,80.9,458,1023.0,565.0,457.6,1023.0,565.4,516.4,49.0,Liquid"
data,81.0,459,1023.0,564.0,457.8,1023.0,565.2,516.4,48.8,Liquid,"DATA,81.0,459,1023.0,564.0,457.8,1023.0,565.2,516.4,48.8,Liquid"
data,81.1,460,1023.0,563.0,458.6,1023.0,564.4,516.4,48.0,Liquid,"DATA,81.1,460,1023.0,563.0,458.6,1023.0,564.4,516.4,48.0,Liquid"
data,81.2,459,1023.0,564.0,458.8,1023.0,564.2,516.4,47.8,Liquid,"DATA,81.2,459,1023.0,564.0,458.8,1023.0,564.2,516.4,47.8,Liquid"
data,81.3,459,1023.0,564.0,459.0,1023.0,564.0,516.4,47.6,Liquid,"DATA,81.3,459,1023.0,564.0,459.0,1023.0,564.0,516.4,47.6,Liquid"
data,81.4,459,1023.0,564.0,459.2,1023.0,563.8,516.4,47.4,Liquid,"DATA,81.4,459,1023.0,564.0,459.2,1023.0,563.8,516.4,47.4,Liquid"
data,81.5,459,1023.0,564.0,459.2,1023.0,563.8,516.4,47.4,Liquid,"DATA,81.5,459,1023.0,564.0,459.2,1023.0,563.8,516.4,47.4,Liquid"
data,81.6,459,1023.0,564.0,459.0,1023.0,564.0,516.4,47.6,Liquid,"DATA,81.6,459,1023.0,564.0,459.0,1023.0,564.0,516.4,47.6,Liquid"
data,81.7,460,1023.0,563.0,459.2,1023.0,563.8,516.4,47.4,Liquid,"DATA,81.7,460,1023.0,563.0,459.2,1023.0,563.8,516.4,47.4,Liquid"
data,81.8,460,1023.0,563.0,459.4,1023.0,563.6,516.4,47.2,Liquid,"DATA,81.8,460,1023.0,563.0,459.4,1023.0,563.6,516.4,47.2,Liquid"
data,81.9,459,1023.0,564.0,459.4,1023.0,563.6,516.4,47.2,Liquid,"DATA,81.9,459,1023.0,564.0,459.4,1023.0,563.6,516.4,47.2,Liquid"
data,82.0,460,1023.0,563.0,459.6,1023.0,563.4,516.4,47.0,Liquid,"DATA,82.0,460,1023.0,563.0,459.6,1023.0,563.4,516.4,47.0,Liquid"
data,82.1,459,1023.0,564.0,459.6,1023.0,563.4,516.4,47.0,Liquid,"DATA,82.1,459,1023.0,564.0,459.6,1023.0,563.4,516.4,47.0,Liquid"
data,82.2,459,1023.0,564.0,459.4,1023.0,563.6,516.4,47.2,Liquid,"DATA,82.2,459,1023.0,564.0,459.4,1023.0,563.6,516.4,47.2,Liquid"
data,82.3,460,1023.0,563.0,459.4,1023.0,563.6,516.4,47.2,Liquid,"DATA,82.3,460,1023.0,563.0,459.4,1023.0,563.6,516.4,47.2,Liquid"
data,82.4,460,1023.0,563.0,459.6,1023.0,563.4,516.4,47.0,Liquid,"DATA,82.4,460,1023.0,563.0,459.6,1023.0,563.4,516.4,47.0,Liquid"
data,82.5,460,1023.0,563.0,459.6,1023.0,563.4,516.4,47.0,Liquid,"DATA,82.5,460,1023.0,563.0,459.6,1023.0,563.4,516.4,47.0,Liquid"
data,82.6,460,1023.0,563.0,459.8,1023.0,563.2,516.4,46.8,Liquid,"DATA,82.6,460,1023.0,563.0,459.8,1023.0,563.2,516.4,46.8,Liquid"
data,82.7,459,1023.0,564.0,459.8,1023.0,563.2,516.4,46.8,Liquid,"DATA,82.7,459,1023.0,564.0,459.8,1023.0,563.2,516.4,46.8,Liquid"
data,82.8,460,1023.0,563.0,459.8,1023.0,563.2,516.4,46.8,Liquid,"DATA,82.8,460,1023.0,563.0,459.8,1023.0,563.2,516.4,46.8,Liquid"
data,82.9,460,1023.0,563.0,459.8,1023.0,563.2,516.4,46.8,Liquid,"DATA,82.9,460,1023.0,563.0,459.8,1023.0,563.2,516.4,46.8,Liquid"
data,83.0,460,1023.0,563.0,459.8,1023.0,563.2,516.4,46.8,Liquid,"DATA,83.0,460,1023.0,563.0,459.8,1023.0,563.2,516.4,46.8,Liquid"
data,83.1,460,1023.0,563.0,459.8,1023.0,563.2,516.4,46.8,Liquid,"DATA,83.1,460,1023.0,563.0,459.8,1023.0,563.2,516.4,46.8,Liquid"
data,83.2,460,1023.0,563.0,460.0,1023.0,563.0,516.4,46.6,Liquid,"DATA,83.2,460,1023.0,563.0,460.0,1023.0,563.0,516.4,46.6,Liquid"
data,83.3,460,1023.0,563.0,460.0,1023.0,563.0,516.4,46.6,Liquid,"DATA,83.3,460,1023.0,563.0,460.0,1023.0,563.0,516.4,46.6,Liquid"
data,83.4,460,1023.0,563.0,460.0,1023.0,563.0,516.4,46.6,Liquid,"DATA,83.4,460,1023.0,563.0,460.0,1023.0,563.0,516.4,46.6,Liquid"
data,83.5,460,1023.0,563.0,460.0,1023.0,563.0,516.4,46.6,Liquid,"DATA,83.5,460,1023.0,563.0,460.0,1023.0,563.0,516.4,46.6,Liquid"
data,83.6,460,1023.0,563.0,460.0,1023.0,563.0,516.4,46.6,Liquid,"DATA,83.6,460,1023.0,563.0,460.0,1023.0,563.0,516.4,46.6,Liquid"
data,83.7,460,1023.0,563.0,460.0,1023.0,563.0,516.4,46.6,Liquid,"DATA,83.7,460,1023.0,563.0,460.0,1023.0,563.0,516.4,46.6,Liquid"
data,83.8,460,1023.0,563.0,460.0,1023.0,563.0,516.4,46.6,Liquid,"DATA,83.8,460,1023.0,563.0,460.0,1023.0,563.0,516.4,46.6,Liquid"
data,83.9,460,1023.0,563.0,460.0,1023.0,563.0,516.4,46.6,Liquid,"DATA,83.9,460,1023.0,563.0,460.0,1023.0,563.0,516.4,46.6,Liquid"
data,84.0,460,1023.0,563.0,460.0,1023.0,563.0,516.4,46.6,Liquid,"DATA,84.0,460,1023.0,563.0,460.0,1023.0,563.0,516.4,46.6,Liquid"
data,84.1,460,1023.0,563.0,460.0,1023.0,563.0,516.4,46.6,Liquid,"DATA,84.1,460,1023.0,563.0,460.0,1023.0,563.0,516.4,46.6,Liquid"
data,84.2,460,1023.0,563.0,460.0,1023.0,563.0,516.4,46.6,Liquid,"DATA,84.2,460,1023.0,563.0,460.0,1023.0,563.0,516.4,46.6,Liquid"
data,84.3,460,1023.0,563.0,460.0,1023.0,563.0,516.4,46.6,Liquid,"DATA,84.3,460,1023.0,563.0,460.0,1023.0,563.0,516.4,46.6,Liquid"
data,84.4,460,1023.0,563.0,460.0,1023.0,563.0,516.4,46.6,Liquid,"DATA,84.4,460,1023.0,563.0,460.0,1023.0,563.0,516.4,46.6,Liquid"
data,84.5,460,1023.0,563.0,460.0,1023.0,563.0,516.4,46.6,Liquid,"DATA,84.5,460,1023.0,563.0,460.0,1023.0,563.0,516.4,46.6,Liquid"
data,84.6,459,1023.0,564.0,459.8,1023.0,563.2,516.4,46.8,Liquid,"DATA,84.6,459,1023.0,564.0,459.8,1023.0,563.2,516.4,46.8,Liquid"
data,84.7,459,1023.0,564.0,459.6,1023.0,563.4,516.4,47.0,Liquid,"DATA,84.7,459,1023.0,564.0,459.6,1023.0,563.4,516.4,47.0,Liquid"
data,84.8,459,1023.0,564.0,459.4,1023.0,563.6,516.4,47.2,Liquid,"DATA,84.8,459,1023.0,564.0,459.4,1023.0,563.6,516.4,47.2,Liquid"
data,84.9,460,1023.0,563.0,459.4,1023.0,563.6,516.4,47.2,Liquid,"DATA,84.9,460,1023.0,563.0,459.4,1023.0,563.6,516.4,47.2,Liquid"
data,85.0,460,1023.0,563.0,459.4,1023.0,563.6,516.4,47.2,Liquid,"DATA,85.0,460,1023.0,563.0,459.4,1023.0,563.6,516.4,47.2,Liquid"
data,85.1,460,1023.0,563.0,459.6,1023.0,563.4,516.4,47.0,Liquid,"DATA,85.1,460,1023.0,563.0,459.6,1023.0,563.4,516.4,47.0,Liquid"
data,85.2,460,1023.0,563.0,459.8,1023.0,563.2,516.4,46.8,Liquid,"DATA,85.2,460,1023.0,563.0,459.8,1023.0,563.2,516.4,46.8,Liquid"
data,85.3,460,1023.0,563.0,460.0,1023.0,563.0,516.4,46.6,Liquid,"DATA,85.3,460,1023.0,563.0,460.0,1023.0,563.0,516.4,46.6,Liquid"
data,85.4,460,1023.0,563.0,460.0,1023.0,563.0,516.4,46.6,Liquid,"DATA,85.4,460,1023.0,563.0,460.0,1023.0,563.0,516.4,46.6,Liquid"
data,85.5,459,1023.0,564.0,459.8,1023.0,563.2,516.4,46.8,Liquid,"DATA,85.5,459,1023.0,564.0,459.8,1023.0,563.2,516.4,46.8,Liquid"
data,85.6,460,1023.0,563.0,459.8,1023.0,563.2,516.4,46.8,Liquid,"DATA,85.6,460,1023.0,563.0,459.8,1023.0,563.2,516.4,46.8,Liquid"
data,85.7,459,1023.0,564.0,459.6,1023.0,563.4,516.4,47.0,Liquid,"DATA,85.7,459,1023.0,564.0,459.6,1023.0,563.4,516.4,47.0,Liquid"
data,85.8,460,1023.0,563.0,459.6,1023.0,563.4,516.4,47.0,Liquid,"DATA,85.8,460,1023.0,563.0,459.6,1023.0,563.4,516.4,47.0,Liquid"
data,85.9,460,1023.0,563.0,459.6,1023.0,563.4,516.4,47.0,Liquid,"DATA,85.9,460,1023.0,563.0,459.6,1023.0,563.4,516.4,47.0,Liquid"
data,86.0,459,1023.0,564.0,459.6,1023.0,563.4,516.4,47.0,Liquid,"DATA,86.0,459,1023.0,564.0,459.6,1023.0,563.4,516.4,47.0,Liquid"
data,86.1,460,1023.0,563.0,459.6,1023.0,563.4,516.4,47.0,Liquid,"DATA,86.1,460,1023.0,563.0,459.6,1023.0,563.4,516.4,47.0,Liquid"
data,86.2,460,1023.0,563.0,459.8,1023.0,563.2,516.4,46.8,Liquid,"DATA,86.2,460,1023.0,563.0,459.8,1023.0,563.2,516.4,46.8,Liquid"
data,86.3,459,1023.0,564.0,459.6,1023.0,563.4,516.4,47.0,Liquid,"DATA,86.3,459,1023.0,564.0,459.6,1023.0,563.4,516.4,47.0,Liquid"
data,86.4,459,1023.0,564.0,459.4,1023.0,563.6,516.4,47.2,Liquid,"DATA,86.4,459,1023.0,564.0,459.4,1023.0,563.6,516.4,47.2,Liquid"
data,86.5,460,1023.0,563.0,459.6,1023.0,563.4,516.4,47.0,Liquid,"DATA,86.5,460,1023.0,563.0,459.6,1023.0,563.4,516.4,47.0,Liquid"
