record_type,time_s,raw_on,raw_off,net_raw,avg_on,avg_off,net_avg,baseline,change,label,raw_line
info,,,,,,,,,,,,"SYSTEM,Baseline collecting... Keep sensor on empty floor (5s)."
info,,,,,,,,,,,,"SYSTEM,START received"
baseline,,476,960.0,484.0,477.8,959.6,481.8,,,,"BASELINE,476,960.0,484.0,477.8,959.6,481.8"
baseline,,478,960.0,482.0,477.4,959.6,482.2,,,,"BASELINE,478,960.0,482.0,477.4,959.6,482.2"
baseline,,478,960.5,482.5,477.4,959.8,482.4,,,,"BASELINE,478,960.5,482.5,477.4,959.8,482.4"
baseline,,479,960.0,481.0,477.8,960.0,482.2,,,,"BASELINE,479,960.0,481.0,477.8,960.0,482.2"
baseline,,476,960.0,484.0,477.4,960.1,482.7,,,,"BASELINE,476,960.0,484.0,477.4,960.1,482.7"
baseline,,477,960.0,483.0,477.6,960.1,482.5,,,,"BASELINE,477,960.0,483.0,477.6,960.1,482.5"
baseline,,478,960.0,482.0,477.6,960.1,482.5,,,,"BASELINE,478,960.0,482.0,477.6,960.1,482.5"
baseline,,477,959.5,482.5,477.4,959.9,482.5,,,,"BASELINE,477,959.5,482.5,477.4,959.9,482.5"
baseline,,477,960.0,483.0,477.0,959.9,482.9,,,,"BASELINE,477,960.0,483.0,477.0,959.9,482.9"
baseline,,477,959.5,482.5,477.2,959.8,482.6,,,,"BASELINE,477,959.5,482.5,477.2,959.8,482.6"
baseline,,477,960.0,483.0,477.2,959.8,482.6,,,,"BASELINE,477,960.0,483.0,477.2,959.8,482.6"
baseline,,477,960.5,483.5,477.0,959.9,482.9,,,,"BASELINE,477,960.5,483.5,477.0,959.9,482.9"
baseline,,475,960.0,485.0,476.6,960.0,483.4,,,,"BASELINE,475,960.0,485.0,476.6,960.0,483.4"
baseline,,476,960.0,484.0,476.4,960.0,483.6,,,,"BASELINE,476,960.0,484.0,476.4,960.0,483.6"
baseline,,476,960.5,484.5,476.2,960.2,484.0,,,,"BASELINE,476,960.5,484.5,476.2,960.2,484.0"
baseline,,476,960.0,484.0,476.0,960.2,484.2,,,,"BASELINE,476,960.0,484.0,476.0,960.2,484.2"
baseline,,476,960.0,484.0,475.8,960.1,484.3,,,,"BASELINE,476,960.0,484.0,475.8,960.1,484.3"
baseline,,475,959.5,484.5,475.8,960.0,484.2,,,,"BASELINE,475,959.5,484.5,475.8,960.0,484.2"
baseline,,476,960.0,484.0,475.8,960.0,484.2,,,,"BASELINE,476,960.0,484.0,475.8,960.0,484.2"
baseline,,476,959.5,483.5,475.8,959.8,484.0,,,,"BASELINE,476,959.5,483.5,475.8,959.8,484.0"
baseline,,476,960.0,484.0,475.8,959.8,484.0,,,,"BASELINE,476,960.0,484.0,475.8,959.8,484.0"
baseline,,476,960.5,484.5,475.8,959.9,484.1,,,,"BASELINE,476,960.5,484.5,475.8,959.9,484.1"
baseline,,476,960.5,484.5,476.0,960.1,484.1,,,,"BASELINE,476,960.5,484.5,476.0,960.1,484.1"
baseline,,476,960.5,484.5,476.0,960.2,484.2,,,,"BASELINE,476,960.5,484.5,476.0,960.2,484.2"
baseline,,475,960.5,485.5,475.8,960.4,484.6,,,,"BASELINE,475,960.5,485.5,475.8,960.4,484.6"
baseline,,475,960.0,485.0,475.6,960.4,484.8,,,,"BASELINE,475,960.0,485.0,475.6,960.4,484.8"
baseline,,476,960.0,484.0,475.6,960.3,484.7,,,,"BASELINE,476,960.0,484.0,475.6,960.3,484.7"
baseline,,476,960.0,484.0,475.6,960.2,484.6,,,,"BASELINE,476,960.0,484.0,475.6,960.2,484.6"
baseline,,476,960.0,484.0,475.6,960.1,484.5,,,,"BASELINE,476,960.0,484.0,475.6,960.1,484.5"
baseline,,476,960.5,484.5,475.8,960.1,484.3,,,,"BASELINE,476,960.5,484.5,475.8,960.1,484.3"
baseline,,476,959.5,483.5,476.0,960.0,484.0,,,,"BASELINE,476,959.5,483.5,476.0,960.0,484.0"
baseline,,476,960.0,484.0,476.0,960.0,484.0,,,,"BASELINE,476,960.0,484.0,476.0,960.0,484.0"
baseline,,476,960.0,484.0,476.0,960.0,484.0,,,,"BASELINE,476,960.0,484.0,476.0,960.0,484.0"
baseline,,475,959.5,484.5,475.8,959.9,484.1,,,,"BASELINE,475,959.5,484.5,475.8,959.9,484.1"
baseline,,475,960.0,485.0,475.6,959.8,484.2,,,,"BASELINE,475,960.0,485.0,475.6,959.8,484.2"
baseline,,475,959.5,484.5,475.4,959.8,484.4,,,,"BASELINE,475,959.5,484.5,475.4,959.8,484.4"
baseline,,476,959.5,483.5,475.4,959.7,484.3,,,,"BASELINE,476,959.5,483.5,475.4,959.7,484.3"
baseline,,476,960.0,484.0,475.4,959.7,484.3,,,,"BASELINE,476,960.0,484.0,475.4,959.7,484.3"
baseline,,476,960.0,484.0,475.6,959.8,484.2,,,,"BASELINE,476,960.0,484.0,475.6,959.8,484.2"
baseline,,473,960.0,487.0,475.2,959.8,484.6,,,,"BASELINE,473,960.0,487.0,475.2,959.8,484.6"
baseline,,473,960.0,487.0,474.8,959.9,485.1,,,,"BASELINE,473,960.0,487.0,474.8,959.9,485.1"
baseline,,473,960.0,487.0,474.2,960.0,485.8,,,,"BASELINE,473,960.0,487.0,474.2,960.0,485.8"
baseline,,472,960.0,488.0,473.4,960.0,486.6,,,,"BASELINE,472,960.0,488.0,473.4,960.0,486.6"
baseline,,474,960.0,486.0,473.0,960.0,487.0,,,,"BASELINE,474,960.0,486.0,473.0,960.0,487.0"
baseline,,473,959.5,486.5,473.0,959.9,486.9,,,,"BASELINE,473,959.5,486.5,473.0,959.9,486.9"
baseline,,473,960.0,487.0,473.0,959.9,486.9,,,,"BASELINE,473,960.0,487.0,473.0,959.9,486.9"
baseline,,473,960.0,487.0,473.0,959.9,486.9,,,,"BASELINE,473,960.0,487.0,473.0,959.9,486.9"
baseline,,473,960.0,487.0,473.2,959.9,486.7,,,,"BASELINE,473,960.0,487.0,473.2,959.9,486.7"
info,,,,,,,,,,,,"SYSTEM,Baseline done,484.16"
data,0.0,473,960.0,487.0,473.2,960.0,486.8,484.2,2.6,Floor,"DATA,0.0,473,960.0,487.0,473.2,960.0,486.8,484.2,2.6,Floor"
data,0.1,474,959.5,485.5,473.4,959.9,486.5,484.2,2.3,Floor,"DATA,0.1,474,959.5,485.5,473.4,959.9,486.5,484.2,2.3,Floor"
data,0.2,473,960.0,487.0,473.4,959.9,486.5,484.2,2.3,Floor,"DATA,0.2,473,960.0,487.0,473.4,959.9,486.5,484.2,2.3,Floor"
data,0.3,473,959.5,486.5,473.4,959.8,486.4,484.2,2.2,Floor,"DATA,0.3,473,959.5,486.5,473.4,959.8,486.4,484.2,2.2,Floor"
data,0.4,473,960.0,487.0,473.2,959.8,486.6,484.2,2.4,Floor,"DATA,0.4,473,960.0,487.0,473.2,959.8,486.6,484.2,2.4,Floor"
data,0.5,473,960.0,487.0,473.2,959.8,486.6,484.2,2.4,Floor,"DATA,0.5,473,960.0,487.0,473.2,959.8,486.6,484.2,2.4,Floor"
data,0.6,473,960.0,487.0,473.0,959.9,486.9,484.2,2.7,Floor,"DATA,0.6,473,960.0,487.0,473.0,959.9,486.9,484.2,2.7,Floor"
data,0.7,473,960.0,487.0,473.0,959.9,486.9,484.2,2.7,Floor,"DATA,0.7,473,960.0,487.0,473.0,959.9,486.9,484.2,2.7,Floor"
data,0.8,474,960.5,486.5,473.2,960.1,486.9,484.2,2.7,Floor,"DATA,0.8,474,960.5,486.5,473.2,960.1,486.9,484.2,2.7,Floor"
data,0.9,473,960.0,487.0,473.2,960.1,486.9,484.2,2.7,Floor,"DATA,0.9,473,960.0,487.0,473.2,960.1,486.9,484.2,2.7,Floor"
data,1.0,473,960.0,487.0,473.2,960.1,486.9,484.2,2.7,Floor,"DATA,1.0,473,960.0,487.0,473.2,960.1,486.9,484.2,2.7,Floor"
data,1.1,473,959.5,486.5,473.2,960.0,486.8,484.2,2.6,Floor,"DATA,1.1,473,959.5,486.5,473.2,960.0,486.8,484.2,2.6,Floor"
data,1.2,473,960.0,487.0,473.2,960.0,486.8,484.2,2.6,Floor,"DATA,1.2,473,960.0,487.0,473.2,960.0,486.8,484.2,2.6,Floor"
data,1.3,474,960.0,486.0,473.2,959.9,486.7,484.2,2.5,Floor,"DATA,1.3,474,960.0,486.0,473.2,959.9,486.7,484.2,2.5,Floor"
data,1.4,473,960.0,487.0,473.2,959.9,486.7,484.2,2.5,Floor,"DATA,1.4,473,960.0,487.0,473.2,959.9,486.7,484.2,2.5,Floor"
data,1.5,473,960.5,487.5,473.2,960.0,486.8,484.2,2.6,Floor,"DATA,1.5,473,960.5,487.5,473.2,960.0,486.8,484.2,2.6,Floor"
data,1.6,473,960.0,487.0,473.2,960.1,486.9,484.2,2.7,Floor,"DATA,1.6,473,960.0,487.0,473.2,960.1,486.9,484.2,2.7,Floor"
data,1.7,473,960.0,487.0,473.2,960.1,486.9,484.2,2.7,Floor,"DATA,1.7,473,960.0,487.0,473.2,960.1,486.9,484.2,2.7,Floor"
data,1.8,473,959.5,486.5,473.0,960.0,487.0,484.2,2.8,Floor,"DATA,1.8,473,959.5,486.5,473.0,960.0,487.0,484.2,2.8,Floor"
data,1.9,473,959.5,486.5,473.0,959.9,486.9,484.2,2.7,Floor,"DATA,1.9,473,959.5,486.5,473.0,959.9,486.9,484.2,2.7,Floor"
data,2.0,473,959.5,486.5,473.0,959.7,486.7,484.2,2.5,Floor,"DATA,2.0,473,959.5,486.5,473.0,959.7,486.7,484.2,2.5,Floor"
data,2.1,473,959.5,486.5,473.0,959.6,486.6,484.2,2.4,Floor,"DATA,2.1,473,959.5,486.5,473.0,959.6,486.6,484.2,2.4,Floor"
data,2.2,473,960.0,487.0,473.0,959.6,486.6,484.2,2.4,Floor,"DATA,2.2,473,960.0,487.0,473.0,959.6,486.6,484.2,2.4,Floor"
data,2.3,473,959.5,486.5,473.0,959.6,486.6,484.2,2.4,Floor,"DATA,2.3,473,959.5,486.5,473.0,959.6,486.6,484.2,2.4,Floor"
data,2.4,473,960.0,487.0,473.0,959.7,486.7,484.2,2.5,Floor,"DATA,2.4,473,960.0,487.0,473.0,959.7,486.7,484.2,2.5,Floor"
data,2.5,473,960.0,487.0,473.0,959.8,486.8,484.2,2.6,Floor,"DATA,2.5,473,960.0,487.0,473.0,959.8,486.8,484.2,2.6,Floor"
data,2.6,473,960.0,487.0,473.0,959.9,486.9,484.2,2.7,Floor,"DATA,2.6,473,960.0,487.0,473.0,959.9,486.9,484.2,2.7,Floor"
data,2.7,473,960.0,487.0,473.0,959.9,486.9,484.2,2.7,Floor,"DATA,2.7,473,960.0,487.0,473.0,959.9,486.9,484.2,2.7,Floor"
data,2.8,472,960.0,488.0,472.8,960.0,487.2,484.2,3.0,Floor,"DATA,2.8,472,960.0,488.0,472.8,960.0,487.2,484.2,3.0,Floor"
data,2.9,473,960.0,487.0,472.8,960.0,487.2,484.2,3.0,Floor,"DATA,2.9,473,960.0,487.0,472.8,960.0,487.2,484.2,3.0,Floor"
data,3.0,473,960.0,487.0,472.8,960.0,487.2,484.2,3.0,Floor,"DATA,3.0,473,960.0,487.0,472.8,960.0,487.2,484.2,3.0,Floor"
data,3.1,473,960.0,487.0,472.8,960.0,487.2,484.2,3.0,Floor,"DATA,3.1,473,960.0,487.0,472.8,960.0,487.2,484.2,3.0,Floor"
data,3.2,473,960.0,487.0,472.8,960.0,487.2,484.2,3.0,Floor,"DATA,3.2,473,960.0,487.0,472.8,960.0,487.2,484.2,3.0,Floor"
data,3.3,474,960.5,486.5,473.2,960.1,486.9,484.2,2.7,Floor,"DATA,3.3,474,960.5,486.5,473.2,960.1,486.9,484.2,2.7,Floor"
data,3.4,473,960.0,487.0,473.2,960.1,486.9,484.2,2.7,Floor,"DATA,3.4,473,960.0,487.0,473.2,960.1,486.9,484.2,2.7,Floor"
data,3.5,473,959.5,486.5,473.2,960.0,486.8,484.2,2.6,Floor,"DATA,3.5,473,959.5,486.5,473.2,960.0,486.8,484.2,2.6,Floor"
data,3.6,473,959.5,486.5,473.2,959.9,486.7,484.2,2.5,Floor,"DATA,3.6,473,959.5,486.5,473.2,959.9,486.7,484.2,2.5,Floor"
data,3.7,473,960.0,487.0,473.2,959.9,486.7,484.2,2.5,Floor,"DATA,3.7,473,960.0,487.0,473.2,959.9,486.7,484.2,2.5,Floor"
data,3.8,473,960.0,487.0,473.0,959.8,486.8,484.2,2.6,Floor,"DATA,3.8,473,960.0,487.0,473.0,959.8,486.8,484.2,2.6,Floor"
data,3.9,473,960.0,487.0,473.0,959.8,486.8,484.2,2.6,Floor,"DATA,3.9,473,960.0,487.0,473.0,959.8,486.8,484.2,2.6,Floor"
data,4.0,473,960.0,487.0,473.0,959.9,486.9,484.2,2.7,Floor,"DATA,4.0,473,960.0,487.0,473.0,959.9,486.9,484.2,2.7,Floor"
data,4.1,472,960.5,488.5,472.8,960.1,487.3,484.2,3.1,Floor,"DATA,4.1,472,960.5,488.5,472.8,960.1,487.3,484.2,3.1,Floor"
data,4.2,473,960.0,487.0,472.8,960.1,487.3,484.2,3.1,Floor,"DATA,4.2,473,960.0,487.0,472.8,960.1,487.3,484.2,3.1,Floor"
data,4.3,473,960.0,487.0,472.8,960.1,487.3,484.2,3.1,Floor,"DATA,4.3,473,960.0,487.0,472.8,960.1,487.3,484.2,3.1,Floor"
data,4.4,473,960.0,487.0,472.8,960.1,487.3,484.2,3.1,Floor,"DATA,4.4,473,960.0,487.0,472.8,960.1,487.3,484.2,3.1,Floor"
data,4.5,474,959.5,485.5,473.0,960.0,487.0,484.2,2.8,Floor,"DATA,4.5,474,959.5,485.5,473.0,960.0,487.0,484.2,2.8,Floor"
data,4.6,473,960.0,487.0,473.2,959.9,486.7,484.2,2.5,Floor,"DATA,4.6,473,960.0,487.0,473.2,959.9,486.7,484.2,2.5,Floor"
data,4.7,473,960.0,487.0,473.2,959.9,486.7,484.2,2.5,Floor,"DATA,4.7,473,960.0,487.0,473.2,959.9,486.7,484.2,2.5,Floor"
data,4.8,474,960.5,486.5,473.4,960.0,486.6,484.2,2.4,Floor,"DATA,4.8,474,960.5,486.5,473.4,960.0,486.6,484.2,2.4,Floor"
data,4.9,473,960.5,487.5,473.4,960.1,486.7,484.2,2.5,Floor,"DATA,4.9,473,960.5,487.5,473.4,960.1,486.7,484.2,2.5,Floor"
data,5.0,473,961.0,488.0,473.2,960.4,487.2,484.2,3.0,Floor,"DATA,5.0,473,961.0,488.0,473.2,960.4,487.2,484.2,3.0,Floor"
data,5.1,471,961.0,490.0,472.8,960.6,487.8,484.2,3.6,Floor,"DATA,5.1,471,961.0,490.0,472.8,960.6,487.8,484.2,3.6,Floor"
data,5.2,471,960.5,489.5,472.4,960.7,488.3,484.2,4.1,Floor,"DATA,5.2,471,960.5,489.5,472.4,960.7,488.3,484.2,4.1,Floor"
data,5.3,472,961.0,489.0,472.0,960.8,488.8,484.2,4.6,Floor,"DATA,5.3,472,961.0,489.0,472.0,960.8,488.8,484.2,4.6,Floor"
data,5.4,471,960.5,489.5,471.6,960.8,489.2,484.2,5.0,Floor,"DATA,5.4,471,960.5,489.5,471.6,960.8,489.2,484.2,5.0,Floor"
data,5.5,474,960.0,486.0,471.8,960.6,488.8,484.2,4.6,Floor,"DATA,5.5,474,960.0,486.0,471.8,960.6,488.8,484.2,4.6,Floor"
data,5.6,441,959.0,518.0,465.8,960.2,494.4,484.2,10.2,Liquid,"DATA,5.6,441,959.0,518.0,465.8,960.2,494.4,484.2,10.2,Liquid"
data,5.7,437,959.0,522.0,459.0,959.9,500.9,484.2,16.7,Liquid,"DATA,5.7,437,959.0,522.0,459.0,959.9,500.9,484.2,16.7,Liquid"
data,5.8,437,959.0,522.0,452.0,959.5,507.5,484.2,23.3,Liquid,"DATA,5.8,437,959.0,522.0,452.0,959.5,507.5,484.2,23.3,Liquid"
data,5.9,433,959.0,526.0,444.4,959.2,514.8,484.2,30.6,Liquid,"DATA,5.9,433,959.0,526.0,444.4,959.2,514.8,484.2,30.6,Liquid"
data,6.0,429,960.5,531.5,435.4,959.3,523.9,484.2,39.7,Liquid,"DATA,6.0,429,960.5,531.5,435.4,959.3,523.9,484.2,39.7,Liquid"
data,6.1,433,962.5,529.5,433.8,960.0,526.2,484.2,42.0,Liquid,"DATA,6.1,433,962.5,529.5,433.8,960.0,526.2,484.2,42.0,Liquid"
data,6.2,452,964.0,512.0,436.8,961.0,524.2,484.2,40.0,Liquid,"DATA,6.2,452,964.0,512.0,436.8,961.0,524.2,484.2,40.0,Liquid"
data,6.3,458,963.0,505.0,441.0,961.8,520.8,484.2,36.6,Liquid,"DATA,6.3,458,963.0,505.0,441.0,961.8,520.8,484.2,36.6,Liquid"
data,6.4,461,963.0,502.0,446.6,962.6,516.0,484.2,31.8,Liquid,"DATA,6.4,461,963.0,502.0,446.6,962.6,516.0,484.2,31.8,Liquid"
data,6.5,461,962.0,501.0,453.0,962.9,509.9,484.2,25.7,Liquid,"DATA,6.5,461,962.0,501.0,453.0,962.9,509.9,484.2,25.7,Liquid"
data,6.6,460,962.5,502.5,458.4,962.9,504.5,484.2,20.3,Liquid,"DATA,6.6,460,962.5,502.5,458.4,962.9,504.5,484.2,20.3,Liquid"
data,6.7,461,962.0,501.0,460.2,962.5,502.3,484.2,18.1,Liquid,"DATA,6.7,461,962.0,501.0,460.2,962.5,502.3,484.2,18.1,Liquid"
data,6.8,461,962.0,501.0,460.8,962.3,501.5,484.2,17.3,Liquid,"DATA,6.8,461,962.0,501.0,460.8,962.3,501.5,484.2,17.3,Liquid"
data,6.9,461,962.0,501.0,460.8,962.1,501.3,484.2,17.1,Liquid,"DATA,6.9,461,962.0,501.0,460.8,962.1,501.3,484.2,17.1,Liquid"
data,7.0,459,962.0,503.0,460.4,962.1,501.7,484.2,17.5,Liquid,"DATA,7.0,459,962.0,503.0,460.4,962.1,501.7,484.2,17.5,Liquid"
data,7.1,460,961.5,501.5,460.4,961.9,501.5,484.2,17.3,Liquid,"DATA,7.1,460,961.5,501.5,460.4,961.9,501.5,484.2,17.3,Liquid"
data,7.2,459,961.5,502.5,460.0,961.8,501.8,484.2,17.6,Liquid,"DATA,7.2,459,961.5,502.5,460.0,961.8,501.8,484.2,17.6,Liquid"
data,7.3,458,961.0,503.0,459.4,961.6,502.2,484.2,18.0,Liquid,"DATA,7.3,458,961.0,503.0,459.4,961.6,502.2,484.2,18.0,Liquid"
data,7.4,457,961.5,504.5,458.6,961.5,502.9,484.2,18.7,Liquid,"DATA,7.4,457,961.5,504.5,458.6,961.5,502.9,484.2,18.7,Liquid"
data,7.5,458,960.0,502.0,458.4,961.1,502.7,484.2,18.5,Liquid,"DATA,7.5,458,960.0,502.0,458.4,961.1,502.7,484.2,18.5,Liquid"
data,7.6,456,960.0,504.0,457.6,960.8,503.2,484.2,19.0,Liquid,"DATA,7.6,456,960.0,504.0,457.6,960.8,503.2,484.2,19.0,Liquid"
data,7.7,455,960.5,505.5,456.8,960.6,503.8,484.2,19.6,Liquid,"DATA,7.7,455,960.5,505.5,456.8,960.6,503.8,484.2,19.6,Liquid"
data,7.8,455,960.5,505.5,456.2,960.5,504.3,484.2,20.1,Liquid,"DATA,7.8,455,960.5,505.5,456.2,960.5,504.3,484.2,20.1,Liquid"
data,7.9,456,960.5,504.5,456.0,960.3,504.3,484.2,20.1,Liquid,"DATA,7.9,456,960.5,504.5,456.0,960.3,504.3,484.2,20.1,Liquid"
data,8.0,457,960.5,503.5,455.8,960.4,504.6,484.2,20.4,Liquid,"DATA,8.0,457,960.5,503.5,455.8,960.4,504.6,484.2,20.4,Liquid"
data,8.1,457,960.0,503.0,456.0,960.4,504.4,484.2,20.2,Liquid,"DATA,8.1,457,960.0,503.0,456.0,960.4,504.4,484.2,20.2,Liquid"
data,8.2,455,960.5,505.5,456.0,960.4,504.4,484.2,20.2,Liquid,"DATA,8.2,455,960.5,505.5,456.0,960.4,504.4,484.2,20.2,Liquid"
data,8.3,455,960.5,505.5,456.0,960.4,504.4,484.2,20.2,Liquid,"DATA,8.3,455,960.5,505.5,456.0,960.4,504.4,484.2,20.2,Liquid"
data,8.4,457,960.5,503.5,456.2,960.4,504.2,484.2,20.0,Liquid,"DATA,8.4,457,960.5,503.5,456.2,960.4,504.2,484.2,20.0,Liquid"
data,8.5,457,960.5,503.5,456.2,960.4,504.2,484.2,20.0,Liquid,"DATA,8.5,457,960.5,503.5,456.2,960.4,504.2,484.2,20.0,Liquid"
data,8.6,456,960.5,504.5,456.0,960.5,504.5,484.2,20.3,Liquid,"DATA,8.6,456,960.5,504.5,456.0,960.5,504.5,484.2,20.3,Liquid"
data,8.7,456,960.5,504.5,456.2,960.5,504.3,484.2,20.1,Liquid,"DATA,8.7,456,960.5,504.5,456.2,960.5,504.3,484.2,20.1,Liquid"
data,8.8,457,960.5,503.5,456.6,960.5,503.9,484.2,19.7,Liquid,"DATA,8.8,457,960.5,503.5,456.6,960.5,503.9,484.2,19.7,Liquid"
data,8.9,456,960.5,504.5,456.4,960.5,504.1,484.2,19.9,Liquid,"DATA,8.9,456,960.5,504.5,456.4,960.5,504.1,484.2,19.9,Liquid"
data,9.0,457,960.5,503.5,456.4,960.5,504.1,484.2,19.9,Liquid,"DATA,9.0,457,960.5,503.5,456.4,960.5,504.1,484.2,19.9,Liquid"
data,9.1,456,960.5,504.5,456.4,960.5,504.1,484.2,19.9,Liquid,"DATA,9.1,456,960.5,504.5,456.4,960.5,504.1,484.2,19.9,Liquid"
data,9.2,457,960.0,503.0,456.6,960.4,503.8,484.2,19.6,Liquid,"DATA,9.2,457,960.0,503.0,456.6,960.4,503.8,484.2,19.6,Liquid"
data,9.3,457,961.0,504.0,456.6,960.5,503.9,484.2,19.7,Liquid,"DATA,9.3,457,961.0,504.0,456.6,960.5,503.9,484.2,19.7,Liquid"
data,9.4,457,960.5,503.5,456.8,960.5,503.7,484.2,19.5,Liquid,"DATA,9.4,457,960.5,503.5,456.8,960.5,503.7,484.2,19.5,Liquid"
data,9.5,456,961.0,505.0,456.6,960.6,504.0,484.2,19.8,Liquid,"DATA,9.5,456,961.0,505.0,456.6,960.6,504.0,484.2,19.8,Liquid"
data,9.6,457,960.5,503.5,456.8,960.6,503.8,484.2,19.6,Liquid,"DATA,9.6,457,960.5,503.5,456.8,960.6,503.8,484.2,19.6,Liquid"
data,9.7,456,960.5,504.5,456.6,960.7,504.1,484.2,19.9,Liquid,"DATA,9.7,456,960.5,504.5,456.6,960.7,504.1,484.2,19.9,Liquid"
data,9.8,455,960.0,505.0,456.2,960.5,504.3,484.2,20.1,Liquid,"DATA,9.8,455,960.0,505.0,456.2,960.5,504.3,484.2,20.1,Liquid"
data,9.9,457,960.5,503.5,456.2,960.5,504.3,484.2,20.1,Liquid,"DATA,9.9,457,960.5,503.5,456.2,960.5,504.3,484.2,20.1,Liquid"
data,10.0,457,960.5,503.5,456.4,960.4,504.0,484.2,19.8,Liquid,"DATA,10.0,457,960.5,503.5,456.4,960.4,504.0,484.2,19.8,Liquid"
data,10.1,456,960.5,504.5,456.2,960.4,504.2,484.2,20.0,Liquid,"DATA,10.1,456,960.5,504.5,456.2,960.4,504.2,484.2,20.0,Liquid"
data,10.2,456,961.0,505.0,456.2,960.5,504.3,484.2,20.1,Liquid,"DATA,10.2,456,961.0,505.0,456.2,960.5,504.3,484.2,20.1,Liquid"
data,10.3,457,961.0,504.0,456.6,960.7,504.1,484.2,19.9,Liquid,"DATA,10.3,457,961.0,504.0,456.6,960.7,504.1,484.2,19.9,Liquid"
data,10.4,457,960.0,503.0,456.6,960.6,504.0,484.2,19.8,Liquid,"DATA,10.4,457,960.0,503.0,456.6,960.6,504.0,484.2,19.8,Liquid"
data,10.5,457,960.0,503.0,456.6,960.5,503.9,484.2,19.7,Liquid,"DATA,10.5,457,960.0,503.0,456.6,960.5,503.9,484.2,19.7,Liquid"
data,10.6,456,960.5,504.5,456.6,960.5,503.9,484.2,19.7,Liquid,"DATA,10.6,456,960.5,504.5,456.6,960.5,503.9,484.2,19.7,Liquid"
data,10.7,457,960.5,503.5,456.8,960.4,503.6,484.2,19.4,Liquid,"DATA,10.7,457,960.5,503.5,456.8,960.4,503.6,484.2,19.4,Liquid"
data,10.8,455,961.0,506.0,456.4,960.4,504.0,484.2,19.8,Liquid,"DATA,10.8,455,961.0,506.0,456.4,960.4,504.0,484.2,19.8,Liquid"
data,10.9,456,960.5,504.5,456.2,960.5,504.3,484.2,20.1,Liquid,"DATA,10.9,456,960.5,504.5,456.2,960.5,504.3,484.2,20.1,Liquid"
data,11.0,456,960.5,504.5,456.0,960.6,504.6,484.2,20.4,Liquid,"DATA,11.0,456,960.5,504.5,456.0,960.6,504.6,484.2,20.4,Liquid"
data,11.1,457,961.0,504.0,456.2,960.7,504.5,484.2,20.3,Liquid,"DATA,11.1,457,961.0,504.0,456.2,960.7,504.5,484.2,20.3,Liquid"
data,11.2,456,960.5,504.5,456.0,960.7,504.7,484.2,20.5,Liquid,"DATA,11.2,456,960.5,504.5,456.0,960.7,504.7,484.2,20.5,Liquid"
data,11.3,456,961.0,505.0,456.2,960.7,504.5,484.2,20.3,Liquid,"DATA,11.3,456,961.0,505.0,456.2,960.7,504.5,484.2,20.3,Liquid"
data,11.4,456,961.0,505.0,456.2,960.8,504.6,484.2,20.4,Liquid,"DATA,11.4,456,961.0,505.0,456.2,960.8,504.6,484.2,20.4,Liquid"
data,11.5,456,961.5,505.5,456.2,961.0,504.8,484.2,20.6,Liquid,"DATA,11.5,456,961.5,505.5,456.2,961.0,504.8,484.2,20.6,Liquid"
data,11.6,457,960.5,503.5,456.2,960.9,504.7,484.2,20.5,Liquid,"DATA,11.6,457,960.5,503.5,456.2,960.9,504.7,484.2,20.5,Liquid"
data,11.7,457,960.5,503.5,456.4,960.9,504.5,484.2,20.3,Liquid,"DATA,11.7,457,960.5,503.5,456.4,960.9,504.5,484.2,20.3,Liquid"
data,11.8,455,960.0,505.0,456.2,960.7,504.5,484.2,20.3,Liquid,"DATA,11.8,455,960.0,505.0,456.2,960.7,504.5,484.2,20.3,Liquid"
data,11.9,456,960.5,504.5,456.2,960.6,504.4,484.2,20.2,Liquid,"DATA,11.9,456,960.5,504.5,456.2,960.6,504.4,484.2,20.2,Liquid"
data,12.0,457,958.5,501.5,456.4,960.0,503.6,484.2,19.4,Liquid,"DATA,12.0,457,958.5,501.5,456.4,960.0,503.6,484.2,19.4,Liquid"
data,12.1,450,956.5,506.5,455.0,959.2,504.2,484.2,20.0,Liquid,"DATA,12.1,450,956.5,506.5,455.0,959.2,504.2,484.2,20.0,Liquid"
data,12.2,439,956.5,517.5,451.4,958.4,507.0,484.2,22.8,Liquid,"DATA,12.2,439,956.5,517.5,451.4,958.4,507.0,484.2,22.8,Liquid"
data,12.3,437,956.5,519.5,447.8,957.7,509.9,484.2,25.7,Liquid,"DATA,12.3,437,956.5,519.5,447.8,957.7,509.9,484.2,25.7,Liquid"
data,12.4,437,956.0,519.0,444.0,956.8,512.8,484.2,28.6,Liquid,"DATA,12.4,437,956.0,519.0,444.0,956.8,512.8,484.2,28.6,Liquid"
data,12.5,436,956.0,520.0,439.8,956.3,516.5,484.2,32.3,Liquid,"DATA,12.5,436,956.0,520.0,439.8,956.3,516.5,484.2,32.3,Liquid"
data,12.6,437,956.0,519.0,437.2,956.2,519.0,484.2,34.8,Liquid,"DATA,12.6,437,956.0,519.0,437.2,956.2,519.0,484.2,34.8,Liquid"
data,12.7,435,956.5,521.5,436.4,956.2,519.8,484.2,35.6,Liquid,"DATA,12.7,435,956.5,521.5,436.4,956.2,519.8,484.2,35.6,Liquid"
data,12.8,435,956.0,521.0,436.0,956.1,520.1,484.2,35.9,Liquid,"DATA,12.8,435,956.0,521.0,436.0,956.1,520.1,484.2,35.9,Liquid"
data,12.9,435,956.5,521.5,435.6,956.2,520.6,484.2,36.4,Liquid,"DATA,12.9,435,956.5,521.5,435.6,956.2,520.6,484.2,36.4,Liquid"
data,13.0,437,956.0,519.0,435.8,956.2,520.4,484.2,36.2,Liquid,"DATA,13.0,437,956.0,519.0,435.8,956.2,520.4,484.2,36.2,Liquid"
data,13.1,437,956.0,519.0,435.8,956.2,520.4,484.2,36.2,Liquid,"DATA,13.1,437,956.0,519.0,435.8,956.2,520.4,484.2,36.2,Liquid"
data,13.2,437,956.0,519.0,436.2,956.1,519.9,484.2,35.7,Liquid,"DATA,13.2,437,956.0,519.0,436.2,956.1,519.9,484.2,35.7,Liquid"
data,13.3,436,956.5,520.5,436.4,956.2,519.8,484.2,35.6,Liquid,"DATA,13.3,436,956.5,520.5,436.4,956.2,519.8,484.2,35.6,Liquid"
data,13.4,436,956.0,520.0,436.6,956.1,519.5,484.2,35.3,Liquid,"DATA,13.4,436,956.0,520.0,436.6,956.1,519.5,484.2,35.3,Liquid"
data,13.5,435,956.5,521.5,436.2,956.2,520.0,484.2,35.8,Liquid,"DATA,13.5,435,956.5,521.5,436.2,956.2,520.0,484.2,35.8,Liquid"
data,13.6,436,956.5,520.5,436.0,956.3,520.3,484.2,36.1,Liquid,"DATA,13.6,436,956.5,520.5,436.0,956.3,520.3,484.2,36.1,Liquid"
data,13.7,436,956.0,520.0,435.8,956.3,520.5,484.2,36.3,Liquid,"DATA,13.7,436,956.0,520.0,435.8,956.3,520.5,484.2,36.3,Liquid"
data,13.8,436,956.0,520.0,435.8,956.2,520.4,484.2,36.2,Liquid,"DATA,13.8,436,956.0,520.0,435.8,956.2,520.4,484.2,36.2,Liquid"
data,13.9,436,956.0,520.0,435.8,956.2,520.4,484.2,36.2,Liquid,"DATA,13.9,436,956.0,520.0,435.8,956.2,520.4,484.2,36.2,Liquid"
data,14.0,436,956.0,520.0,436.0,956.1,520.1,484.2,35.9,Liquid,"DATA,14.0,436,956.0,520.0,436.0,956.1,520.1,484.2,35.9,Liquid"
data,14.1,435,956.5,521.5,435.8,956.1,520.3,484.2,36.1,Liquid,"DATA,14.1,435,956.5,521.5,435.8,956.1,520.3,484.2,36.1,Liquid"
data,14.2,435,956.5,521.5,435.6,956.2,520.6,484.2,36.4,Liquid,"DATA,14.2,435,956.5,521.5,435.6,956.2,520.6,484.2,36.4,Liquid"
data,14.3,435,956.0,521.0,435.4,956.2,520.8,484.2,36.6,Liquid,"DATA,14.3,435,956.0,521.0,435.4,956.2,520.8,484.2,36.6,Liquid"
data,14.4,436,956.0,520.0,435.4,956.2,520.8,484.2,36.6,Liquid,"DATA,14.4,436,956.0,520.0,435.4,956.2,520.8,484.2,36.6,Liquid"
data,14.5,436,956.0,520.0,435.4,956.2,520.8,484.2,36.6,Liquid,"DATA,14.5,436,956.0,520.0,435.4,956.2,520.8,484.2,36.6,Liquid"
data,14.6,436,955.5,519.5,435.6,956.0,520.4,484.2,36.2,Liquid,"DATA,14.6,436,955.5,519.5,435.6,956.0,520.4,484.2,36.2,Liquid"
data,14.7,436,956.5,520.5,435.8,956.0,520.2,484.2,36.0,Liquid,"DATA,14.7,436,956.5,520.5,435.8,956.0,520.2,484.2,36.0,Liquid"
data,14.8,435,956.5,521.5,435.8,956.1,520.3,484.2,36.1,Liquid,"DATA,14.8,435,956.5,521.5,435.8,956.1,520.3,484.2,36.1,Liquid"
data,14.9,435,957.0,522.0,435.6,956.3,520.7,484.2,36.5,Liquid,"DATA,14.9,435,957.0,522.0,435.6,956.3,520.7,484.2,36.5,Liquid"
data,15.0,435,956.5,521.5,435.4,956.4,521.0,484.2,36.8,Liquid,"DATA,15.0,435,956.5,521.5,435.4,956.4,521.0,484.2,36.8,Liquid"
data,15.1,436,956.0,520.0,435.4,956.5,521.1,484.2,36.9,Liquid,"DATA,15.1,436,956.0,520.0,435.4,956.5,521.1,484.2,36.9,Liquid"
data,15.2,436,956.0,520.0,435.4,956.4,521.0,484.2,36.8,Liquid,"DATA,15.2,436,956.0,520.0,435.4,956.4,521.0,484.2,36.8,Liquid"
data,15.3,436,956.0,520.0,435.6,956.3,520.7,484.2,36.5,Liquid,"DATA,15.3,436,956.0,520.0,435.6,956.3,520.7,484.2,36.5,Liquid"
data,15.4,435,956.5,521.5,435.6,956.2,520.6,484.2,36.4,Liquid,"DATA,15.4,435,956.5,521.5,435.6,956.2,520.6,484.2,36.4,Liquid"
data,15.5,435,956.5,521.5,435.6,956.2,520.6,484.2,36.4,Liquid,"DATA,15.5,435,956.5,521.5,435.6,956.2,520.6,484.2,36.4,Liquid"
data,15.6,435,956.5,521.5,435.4,956.3,520.9,484.2,36.7,Liquid,"DATA,15.6,435,956.5,521.5,435.4,956.3,520.9,484.2,36.7,Liquid"
data,15.7,436,956.5,520.5,435.4,956.4,521.0,484.2,36.8,Liquid,"DATA,15.7,436,956.5,520.5,435.4,956.4,521.0,484.2,36.8,Liquid"
data,15.8,436,956.0,520.0,435.4,956.4,521.0,484.2,36.8,Liquid,"DATA,15.8,436,956.0,520.0,435.4,956.4,521.0,484.2,36.8,Liquid"
data,15.9,436,956.0,520.0,435.6,956.3,520.7,484.2,36.5,Liquid,"DATA,15.9,436,956.0,520.0,435.6,956.3,520.7,484.2,36.5,Liquid"
data,16.0,436,956.0,520.0,435.8,956.2,520.4,484.2,36.2,Liquid,"DATA,16.0,436,956.0,520.0,435.8,956.2,520.4,484.2,36.2,Liquid"
data,16.1,436,956.0,520.0,436.0,956.1,520.1,484.2,35.9,Liquid,"DATA,16.1,436,956.0,520.0,436.0,956.1,520.1,484.2,35.9,Liquid"
data,16.2,435,956.5,521.5,435.8,956.1,520.3,484.2,36.1,Liquid,"DATA,16.2,435,956.5,521.5,435.8,956.1,520.3,484.2,36.1,Liquid"
data,16.3,435,956.5,521.5,435.6,956.2,520.6,484.2,36.4,Liquid,"DATA,16.3,435,956.5,521.5,435.6,956.2,520.6,484.2,36.4,Liquid"
data,16.4,436,956.5,520.5,435.6,956.3,520.7,484.2,36.5,Liquid,"DATA,16.4,436,956.5,520.5,435.6,956.3,520.7,484.2,36.5,Liquid"
data,16.5,435,956.0,521.0,435.4,956.3,520.9,484.2,36.7,Liquid,"DATA,16.5,435,956.0,521.0,435.4,956.3,520.9,484.2,36.7,Liquid"
data,16.6,435,956.0,521.0,435.2,956.3,521.1,484.2,36.9,Liquid,"DATA,16.6,435,956.0,521.0,435.2,956.3,521.1,484.2,36.9,Liquid"
data,16.7,436,956.0,520.0,435.4,956.2,520.8,484.2,36.6,Liquid,"DATA,16.7,436,956.0,520.0,435.4,956.2,520.8,484.2,36.6,Liquid"
data,16.8,435,956.5,521.5,435.4,956.2,520.8,484.2,36.6,Liquid,"DATA,16.8,435,956.5,521.5,435.4,956.2,520.8,484.2,36.6,Liquid"
data,16.9,435,956.5,521.5,435.2,956.2,521.0,484.2,36.8,Liquid,"DATA,16.9,435,956.5,521.5,435.2,956.2,521.0,484.2,36.8,Liquid"
data,17.0,435,956.5,521.5,435.2,956.3,521.1,484.2,36.9,Liquid,"DATA,17.0,435,956.5,521.5,435.2,956.3,521.1,484.2,36.9,Liquid"
data,17.1,434,956.5,522.5,435.0,956.4,521.4,484.2,37.2,Liquid,"DATA,17.1,434,956.5,522.5,435.0,956.4,521.4,484.2,37.2,Liquid"
data,17.2,434,957.0,523.0,434.6,956.6,522.0,484.2,37.8,Liquid,"DATA,17.2,434,957.0,523.0,434.6,956.6,522.0,484.2,37.8,Liquid"
data,17.3,434,956.0,522.0,434.4,956.5,522.1,484.2,37.9,Liquid,"DATA,17.3,434,956.0,522.0,434.4,956.5,522.1,484.2,37.9,Liquid"
data,17.4,435,957.0,522.0,434.4,956.6,522.2,484.2,38.0,Liquid,"DATA,17.4,435,957.0,522.0,434.4,956.6,522.2,484.2,38.0,Liquid"
data,17.5,433,957.5,524.5,434.0,956.8,522.8,484.2,38.6,Liquid,"DATA,17.5,433,957.5,524.5,434.0,956.8,522.8,484.2,38.6,Liquid"
data,17.6,424,958.0,534.0,432.0,957.1,525.1,484.2,40.9,Liquid,"DATA,17.6,424,958.0,534.0,432.0,957.1,525.1,484.2,40.9,Liquid"
data,17.7,419,960.0,541.0,429.0,957.7,528.7,484.2,44.5,Liquid,"DATA,17.7,419,960.0,541.0,429.0,957.7,528.7,484.2,44.5,Liquid"
data,17.8,424,961.5,537.5,427.0,958.8,531.8,484.2,47.6,Liquid,"DATA,17.8,424,961.5,537.5,427.0,958.8,531.8,484.2,47.6,Liquid"
data,17.9,435,961.5,526.5,427.0,959.7,532.7,484.2,48.5,Liquid,"DATA,17.9,435,961.5,526.5,427.0,959.7,532.7,484.2,48.5,Liquid"
data,18.0,446,962.0,516.0,429.6,960.6,531.0,484.2,46.8,Liquid,"DATA,18.0,446,962.0,516.0,429.6,960.6,531.0,484.2,46.8,Liquid"
data,18.1,448,961.0,513.0,434.4,961.2,526.8,484.2,42.6,Liquid,"DATA,18.1,448,961.0,513.0,434.4,961.2,526.8,484.2,42.6,Liquid"
data,18.2,449,960.5,511.5,440.4,961.3,520.9,484.2,36.7,Liquid,"DATA,18.2,449,960.5,511.5,440.4,961.3,520.9,484.2,36.7,Liquid"
data,18.3,449,960.0,511.0,445.4,961.0,515.6,484.2,31.4,Liquid,"DATA,18.3,449,960.0,511.0,445.4,961.0,515.6,484.2,31.4,Liquid"
data,18.4,449,959.5,510.5,448.2,960.6,512.4,484.2,28.2,Liquid,"DATA,18.4,449,959.5,510.5,448.2,960.6,512.4,484.2,28.2,Liquid"
data,18.5,449,959.5,510.5,448.8,960.1,511.3,484.2,27.1,Liquid,"DATA,18.5,449,959.5,510.5,448.8,960.1,511.3,484.2,27.1,Liquid"
data,18.6,448,959.5,511.5,448.8,959.8,511.0,484.2,26.8,Liquid,"DATA,18.6,448,959.5,511.5,448.8,959.8,511.0,484.2,26.8,Liquid"
data,18.7,448,959.5,511.5,448.6,959.6,511.0,484.2,26.8,Liquid,"DATA,18.7,448,959.5,511.5,448.6,959.6,511.0,484.2,26.8,Liquid"
data,18.8,448,960.0,512.0,448.4,959.6,511.2,484.2,27.0,Liquid,"DATA,18.8,448,960.0,512.0,448.4,959.6,511.2,484.2,27.0,Liquid"
data,18.9,448,960.0,512.0,448.2,959.7,511.5,484.2,27.3,Liquid,"DATA,18.9,448,960.0,512.0,448.2,959.7,511.5,484.2,27.3,Liquid"
data,19.0,448,959.5,511.5,448.0,959.7,511.7,484.2,27.5,Liquid,"DATA,19.0,448,959.5,511.5,448.0,959.7,511.7,484.2,27.5,Liquid"
data,19.1,449,959.0,510.0,448.2,959.6,511.4,484.2,27.2,Liquid,"DATA,19.1,449,959.0,510.0,448.2,959.6,511.4,484.2,27.2,Liquid"
data,19.2,449,959.5,510.5,448.4,959.6,511.2,484.2,27.0,Liquid,"DATA,19.2,449,959.5,510.5,448.4,959.6,511.2,484.2,27.0,Liquid"
data,19.3,449,959.5,510.5,448.6,959.5,510.9,484.2,26.7,Liquid,"DATA,19.3,449,959.5,510.5,448.6,959.5,510.9,484.2,26.7,Liquid"
data,19.4,449,959.5,510.5,448.8,959.4,510.6,484.2,26.4,Liquid,"DATA,19.4,449,959.5,510.5,448.8,959.4,510.6,484.2,26.4,Liquid"
data,19.5,449,960.0,511.0,449.0,959.5,510.5,484.2,26.3,Liquid,"DATA,19.5,449,960.0,511.0,449.0,959.5,510.5,484.2,26.3,Liquid"
data,19.6,448,960.0,512.0,448.8,959.7,510.9,484.2,26.7,Liquid,"DATA,19.6,448,960.0,512.0,448.8,959.7,510.9,484.2,26.7,Liquid"
data,19.7,449,959.5,510.5,448.8,959.7,510.9,484.2,26.7,Liquid,"DATA,19.7,449,959.5,510.5,448.8,959.7,510.9,484.2,26.7,Liquid"
data,19.8,449,959.5,510.5,448.8,959.7,510.9,484.2,26.7,Liquid,"DATA,19.8,449,959.5,510.5,448.8,959.7,510.9,484.2,26.7,Liquid"
data,19.9,450,959.0,509.0,449.0,959.6,510.6,484.2,26.4,Liquid,"DATA,19.9,450,959.0,509.0,449.0,959.6,510.6,484.2,26.4,Liquid"
data,20.0,450,959.5,509.5,449.2,959.5,510.3,484.2,26.1,Liquid,"DATA,20.0,450,959.5,509.5,449.2,959.5,510.3,484.2,26.1,Liquid"
data,20.1,449,959.5,510.5,449.4,959.4,510.0,484.2,25.8,Liquid,"DATA,20.1,449,959.5,510.5,449.4,959.4,510.0,484.2,25.8,Liquid"
data,20.2,449,960.5,511.5,449.4,959.6,510.2,484.2,26.0,Liquid,"DATA,20.2,449,960.5,511.5,449.4,959.6,510.2,484.2,26.0,Liquid"
data,20.3,449,960.5,511.5,449.4,959.8,510.4,484.2,26.2,Liquid,"DATA,20.3,449,960.5,511.5,449.4,959.8,510.4,484.2,26.2,Liquid"
data,20.4,449,960.5,511.5,449.2,960.1,510.9,484.2,26.7,Liquid,"DATA,20.4,449,960.5,511.5,449.2,960.1,510.9,484.2,26.7,Liquid"
data,20.5,449,960.5,511.5,449.0,960.3,511.3,484.2,27.1,Liquid,"DATA,20.5,449,960.5,511.5,449.0,960.3,511.3,484.2,27.1,Liquid"
data,20.6,450,960.5,510.5,449.2,960.5,511.3,484.2,27.1,Liquid,"DATA,20.6,450,960.5,510.5,449.2,960.5,511.3,484.2,27.1,Liquid"
data,20.7,450,960.0,510.0,449.4,960.4,511.0,484.2,26.8,Liquid,"DATA,20.7,450,960.0,510.0,449.4,960.4,511.0,484.2,26.8,Liquid"
data,20.8,448,960.5,512.5,449.2,960.4,511.2,484.2,27.0,Liquid,"DATA,20.8,448,960.5,512.5,449.2,960.4,511.2,484.2,27.0,Liquid"
data,20.9,448,961.5,513.5,449.0,960.6,511.6,484.2,27.4,Liquid,"DATA,20.9,448,961.5,513.5,449.0,960.6,511.6,484.2,27.4,Liquid"
data,21.0,451,962.0,511.0,449.4,960.9,511.5,484.2,27.3,Liquid,"DATA,21.0,451,962.0,511.0,449.4,960.9,511.5,484.2,27.3,Liquid"
data,21.1,446,962.0,516.0,448.6,961.2,512.6,484.2,28.4,Liquid,"DATA,21.1,446,962.0,516.0,448.6,961.2,512.6,484.2,28.4,Liquid"
data,21.2,448,961.5,513.5,448.2,961.5,513.3,484.2,29.1,Liquid,"DATA,21.2,448,961.5,513.5,448.2,961.5,513.3,484.2,29.1,Liquid"
data,21.3,446,961.0,515.0,447.8,961.6,513.8,484.2,29.6,Liquid,"DATA,21.3,446,961.0,515.0,447.8,961.6,513.8,484.2,29.6,Liquid"
data,21.4,448,960.5,512.5,447.8,961.4,513.6,484.2,29.4,Liquid,"DATA,21.4,448,960.5,512.5,447.8,961.4,513.6,484.2,29.4,Liquid"
data,21.5,450,960.5,510.5,447.6,961.1,513.5,484.2,29.3,Liquid,"DATA,21.5,450,960.5,510.5,447.6,961.1,513.5,484.2,29.3,Liquid"
data,21.6,448,960.5,512.5,448.0,960.8,512.8,484.2,28.6,Liquid,"DATA,21.6,448,960.5,512.5,448.0,960.8,512.8,484.2,28.6,Liquid"
data,21.7,452,959.5,507.5,448.8,960.4,511.6,484.2,27.4,Liquid,"DATA,21.7,452,959.5,507.5,448.8,960.4,511.6,484.2,27.4,Liquid"
data,21.8,450,959.5,509.5,449.6,960.1,510.5,484.2,26.3,Liquid,"DATA,21.8,450,959.5,509.5,449.6,960.1,510.5,484.2,26.3,Liquid"
data,21.9,449,960.0,511.0,449.8,960.0,510.2,484.2,26.0,Liquid,"DATA,21.9,449,960.0,511.0,449.8,960.0,510.2,484.2,26.0,Liquid"
data,22.0,449,960.0,511.0,449.6,959.9,510.3,484.2,26.1,Liquid,"DATA,22.0,449,960.0,511.0,449.6,959.9,510.3,484.2,26.1,Liquid"
data,22.1,450,959.5,509.5,450.0,959.7,509.7,484.2,25.5,Liquid,"DATA,22.1,450,959.5,509.5,450.0,959.7,509.7,484.2,25.5,Liquid"
data,22.2,447,960.0,513.0,449.0,959.8,510.8,484.2,26.6,Liquid,"DATA,22.2,447,960.0,513.0,449.0,959.8,510.8,484.2,26.6,Liquid"
data,22.3,449,960.0,511.0,448.8,959.9,511.1,484.2,26.9,Liquid,"DATA,22.3,449,960.0,511.0,448.8,959.9,511.1,484.2,26.9,Liquid"
data,22.4,451,959.5,508.5,449.2,959.8,510.6,484.2,26.4,Liquid,"DATA,22.4,451,959.5,508.5,449.2,959.8,510.6,484.2,26.4,Liquid"
data,22.5,452,959.0,507.0,449.8,959.6,509.8,484.2,25.6,Liquid,"DATA,22.5,452,959.0,507.0,449.8,959.6,509.8,484.2,25.6,Liquid"
data,22.6,452,959.0,507.0,450.2,959.5,509.3,484.2,25.1,Liquid,"DATA,22.6,452,959.0,507.0,450.2,959.5,509.3,484.2,25.1,Liquid"
data,22.7,453,959.0,506.0,451.4,959.3,507.9,484.2,23.7,Liquid,"DATA,22.7,453,959.0,506.0,451.4,959.3,507.9,484.2,23.7,Liquid"
data,22.8,453,959.5,506.5,452.2,959.2,507.0,484.2,22.8,Liquid,"DATA,22.8,453,959.5,506.5,452.2,959.2,507.0,484.2,22.8,Liquid"
data,22.9,453,959.5,506.5,452.6,959.2,506.6,484.2,22.4,Liquid,"DATA,22.9,453,959.5,506.5,452.6,959.2,506.6,484.2,22.4,Liquid"
data,23.0,450,959.5,509.5,452.2,959.3,507.1,484.2,22.9,Liquid,"DATA,23.0,450,959.5,509.5,452.2,959.3,507.1,484.2,22.9,Liquid"
data,23.1,453,959.5,506.5,452.4,959.4,507.0,484.2,22.8,Liquid,"DATA,23.1,453,959.5,506.5,452.4,959.4,507.0,484.2,22.8,Liquid"
data,23.2,457,958.5,501.5,453.2,959.3,506.1,484.2,21.9,Liquid,"DATA,23.2,457,958.5,501.5,453.2,959.3,506.1,484.2,21.9,Liquid"
data,23.3,463,957.0,494.0,455.2,958.8,503.6,484.2,19.4,Liquid,"DATA,23.3,463,957.0,494.0,455.2,958.8,503.6,484.2,19.4,Liquid"
data,23.4,462,957.0,495.0,457.0,958.3,501.3,484.2,17.1,Liquid,"DATA,23.4,462,957.0,495.0,457.0,958.3,501.3,484.2,17.1,Liquid"
data,23.5,458,956.5,498.5,458.6,957.7,499.1,484.2,14.9,Liquid,"DATA,23.5,458,956.5,498.5,458.6,957.7,499.1,484.2,14.9,Liquid"
data,23.6,458,957.0,499.0,459.6,957.2,497.6,484.2,13.4,Liquid,"DATA,23.6,458,957.0,499.0,459.6,957.2,497.6,484.2,13.4,Liquid"
data,23.7,458,957.0,499.0,459.8,956.9,497.1,484.2,12.9,Liquid,"DATA,23.7,458,957.0,499.0,459.8,956.9,497.1,484.2,12.9,Liquid"
data,23.8,457,957.0,500.0,458.6,956.9,498.3,484.2,14.1,Liquid,"DATA,23.8,457,957.0,500.0,458.6,956.9,498.3,484.2,14.1,Liquid"
data,23.9,458,957.0,499.0,457.8,956.9,499.1,484.2,14.9,Liquid,"DATA,23.9,458,957.0,499.0,457.8,956.9,499.1,484.2,14.9,Liquid"
data,24.0,457,957.0,500.0,457.6,957.0,499.4,484.2,15.2,Liquid,"DATA,24.0,457,957.0,500.0,457.6,957.0,499.4,484.2,15.2,Liquid"
data,24.1,458,956.5,498.5,457.6,956.9,499.3,484.2,15.1,Liquid,"DATA,24.1,458,956.5,498.5,457.6,956.9,499.3,484.2,15.1,Liquid"
data,24.2,456,957.0,501.0,457.2,956.9,499.7,484.2,15.5,Liquid,"DATA,24.2,456,957.0,501.0,457.2,956.9,499.7,484.2,15.5,Liquid"
data,24.3,457,957.0,500.0,457.2,956.9,499.7,484.2,15.5,Liquid,"DATA,24.3,457,957.0,500.0,457.2,956.9,499.7,484.2,15.5,Liquid"
data,24.4,458,958.0,500.0,457.2,957.1,499.9,484.2,15.7,Liquid,"DATA,24.4,458,958.0,500.0,457.2,957.1,499.9,484.2,15.7,Liquid"
data,24.5,457,957.5,500.5,457.2,957.2,500.0,484.2,15.8,Liquid,"DATA,24.5,457,957.5,500.5,457.2,957.2,500.0,484.2,15.8,Liquid"
data,24.6,458,957.0,499.0,457.2,957.3,500.1,484.2,15.9,Liquid,"DATA,24.6,458,957.0,499.0,457.2,957.3,500.1,484.2,15.9,Liquid"
data,24.7,457,956.5,499.5,457.4,957.2,499.8,484.2,15.6,Liquid,"DATA,24.7,457,956.5,499.5,457.4,957.2,499.8,484.2,15.6,Liquid"
data,24.8,458,956.5,498.5,457.6,957.1,499.5,484.2,15.3,Liquid,"DATA,24.8,458,956.5,498.5,457.6,957.1,499.5,484.2,15.3,Liquid"
data,24.9,458,956.0,498.0,457.6,956.7,499.1,484.2,14.9,Liquid,"DATA,24.9,458,956.0,498.0,457.6,956.7,499.1,484.2,14.9,Liquid"
data,25.0,458,956.0,498.0,457.8,956.4,498.6,484.2,14.4,Liquid,"DATA,25.0,458,956.0,498.0,457.8,956.4,498.6,484.2,14.4,Liquid"
data,25.1,458,957.0,499.0,457.8,956.4,498.6,484.2,14.4,Liquid,"DATA,25.1,458,957.0,499.0,457.8,956.4,498.6,484.2,14.4,Liquid"
data,25.2,457,956.5,499.5,457.8,956.4,498.6,484.2,14.4,Liquid,"DATA,25.2,457,956.5,499.5,457.8,956.4,498.6,484.2,14.4,Liquid"
data,25.3,457,956.5,499.5,457.6,956.4,498.8,484.2,14.6,Liquid,"DATA,25.3,457,956.5,499.5,457.6,956.4,498.8,484.2,14.6,Liquid"
data,25.4,458,956.5,498.5,457.6,956.5,498.9,484.2,14.7,Liquid,"DATA,25.4,458,956.5,498.5,457.6,956.5,498.9,484.2,14.7,Liquid"
data,25.5,458,956.5,498.5,457.6,956.6,499.0,484.2,14.8,Liquid,"DATA,25.5,458,956.5,498.5,457.6,956.6,499.0,484.2,14.8,Liquid"
data,25.6,459,956.0,497.0,457.8,956.4,498.6,484.2,14.4,Liquid,"DATA,25.6,459,956.0,497.0,457.8,956.4,498.6,484.2,14.4,Liquid"
data,25.7,458,956.5,498.5,458.0,956.4,498.4,484.2,14.2,Liquid,"DATA,25.7,458,956.5,498.5,458.0,956.4,498.4,484.2,14.2,Liquid"
data,25.8,458,956.0,498.0,458.2,956.3,498.1,484.2,13.9,Liquid,"DATA,25.8,458,956.0,498.0,458.2,956.3,498.1,484.2,13.9,Liquid"
data,25.9,458,956.5,498.5,458.2,956.3,498.1,484.2,13.9,Liquid,"DATA,25.9,458,956.5,498.5,458.2,956.3,498.1,484.2,13.9,Liquid"
data,26.0,458,957.0,499.0,458.2,956.4,498.2,484.2,14.0,Liquid,"DATA,26.0,458,957.0,499.0,458.2,956.4,498.2,484.2,14.0,Liquid"
data,26.1,459,956.5,497.5,458.2,956.5,498.3,484.2,14.1,Liquid,"DATA,26.1,459,956.5,497.5,458.2,956.5,498.3,484.2,14.1,Liquid"
data,26.2,458,956.5,498.5,458.2,956.5,498.3,484.2,14.1,Liquid,"DATA,26.2,458,956.5,498.5,458.2,956.5,498.3,484.2,14.1,Liquid"
data,26.3,458,956.0,498.0,458.2,956.5,498.3,484.2,14.1,Liquid,"DATA,26.3,458,956.0,498.0,458.2,956.5,498.3,484.2,14.1,Liquid"
data,26.4,457,956.5,499.5,458.0,956.5,498.5,484.2,14.3,Liquid,"DATA,26.4,457,956.5,499.5,458.0,956.5,498.5,484.2,14.3,Liquid"
data,26.5,458,956.0,498.0,458.0,956.3,498.3,484.2,14.1,Liquid,"DATA,26.5,458,956.0,498.0,458.0,956.3,498.3,484.2,14.1,Liquid"
data,26.6,458,956.0,498.0,457.8,956.2,498.4,484.2,14.2,Liquid,"DATA,26.6,458,956.0,498.0,457.8,956.2,498.4,484.2,14.2,Liquid"
data,26.7,457,956.5,499.5,457.6,956.2,498.6,484.2,14.4,Liquid,"DATA,26.7,457,956.5,499.5,457.6,956.2,498.6,484.2,14.4,Liquid"
data,26.8,457,956.5,499.5,457.4,956.3,498.9,484.2,14.7,Liquid,"DATA,26.8,457,956.5,499.5,457.4,956.3,498.9,484.2,14.7,Liquid"
data,26.9,457,956.5,499.5,457.4,956.3,498.9,484.2,14.7,Liquid,"DATA,26.9,457,956.5,499.5,457.4,956.3,498.9,484.2,14.7,Liquid"
data,27.0,457,956.5,499.5,457.2,956.4,499.2,484.2,15.0,Liquid,"DATA,27.0,457,956.5,499.5,457.2,956.4,499.2,484.2,15.0,Liquid"
data,27.1,457,956.5,499.5,457.0,956.5,499.5,484.2,15.3,Liquid,"DATA,27.1,457,956.5,499.5,457.0,956.5,499.5,484.2,15.3,Liquid"
data,27.2,457,956.0,499.0,457.0,956.4,499.4,484.2,15.2,Liquid,"DATA,27.2,457,956.0,499.0,457.0,956.4,499.4,484.2,15.2,Liquid"
data,27.3,457,956.0,499.0,457.0,956.3,499.3,484.2,15.1,Liquid,"DATA,27.3,457,956.0,499.0,457.0,956.3,499.3,484.2,15.1,Liquid"
data,27.4,457,956.0,499.0,457.0,956.2,499.2,484.2,15.0,Liquid,"DATA,27.4,457,956.0,499.0,457.0,956.2,499.2,484.2,15.0,Liquid"
data,27.5,457,956.0,499.0,457.0,956.1,499.1,484.2,14.9,Liquid,"DATA,27.5,457,956.0,499.0,457.0,956.1,499.1,484.2,14.9,Liquid"
data,27.6,456,956.5,500.5,456.8,956.1,499.3,484.2,15.1,Liquid,"DATA,27.6,456,956.5,500.5,456.8,956.1,499.3,484.2,15.1,Liquid"
data,27.7,455,956.0,501.0,456.4,956.1,499.7,484.2,15.5,Liquid,"DATA,27.7,455,956.0,501.0,456.4,956.1,499.7,484.2,15.5,Liquid"
data,27.8,456,956.0,500.0,456.2,956.1,499.9,484.2,15.7,Liquid,"DATA,27.8,456,956.0,500.0,456.2,956.1,499.9,484.2,15.7,Liquid"
data,27.9,456,956.0,500.0,456.0,956.1,500.1,484.2,15.9,Liquid,"DATA,27.9,456,956.0,500.0,456.0,956.1,500.1,484.2,15.9,Liquid"
data,28.0,455,956.0,501.0,455.6,956.1,500.5,484.2,16.3,Liquid,"DATA,28.0,455,956.0,501.0,455.6,956.1,500.5,484.2,16.3,Liquid"
data,28.1,454,955.5,501.5,455.2,955.9,500.7,484.2,16.5,Liquid,"DATA,28.1,454,955.5,501.5,455.2,955.9,500.7,484.2,16.5,Liquid"
data,28.2,452,956.5,504.5,454.6,956.0,501.4,484.2,17.2,Liquid,"DATA,28.2,452,956.5,504.5,454.6,956.0,501.4,484.2,17.2,Liquid"
data,28.3,453,955.5,502.5,454.0,955.9,501.9,484.2,17.7,Liquid,"DATA,28.3,453,955.5,502.5,454.0,955.9,501.9,484.2,17.7,Liquid"
data,28.4,450,957.0,507.0,452.8,956.1,503.3,484.2,19.1,Liquid,"DATA,28.4,450,957.0,507.0,452.8,956.1,503.3,484.2,19.1,Liquid"
data,28.5,433,957.5,524.5,448.4,956.4,508.0,484.2,23.8,Liquid,"DATA,28.5,433,957.5,524.5,448.4,956.4,508.0,484.2,23.8,Liquid"
data,28.6,441,957.5,516.5,445.8,956.8,511.0,484.2,26.8,Liquid,"DATA,28.6,441,957.5,516.5,445.8,956.8,511.0,484.2,26.8,Liquid"
data,28.7,441,958.0,517.0,443.6,957.1,513.5,484.2,29.3,Liquid,"DATA,28.7,441,958.0,517.0,443.6,957.1,513.5,484.2,29.3,Liquid"
data,28.8,438,958.5,520.5,440.6,957.7,517.1,484.2,32.9,Liquid,"DATA,28.8,438,958.5,520.5,440.6,957.7,517.1,484.2,32.9,Liquid"
data,28.9,439,960.0,521.0,438.4,958.3,519.9,484.2,35.7,Liquid,"DATA,28.9,439,960.0,521.0,438.4,958.3,519.9,484.2,35.7,Liquid"
data,29.0,435,960.5,525.5,438.8,958.9,520.1,484.2,35.9,Liquid,"DATA,29.0,435,960.5,525.5,438.8,958.9,520.1,484.2,35.9,Liquid"
data,29.1,441,960.5,519.5,438.8,959.5,520.7,484.2,36.5,Liquid,"DATA,29.1,441,960.5,519.5,438.8,959.5,520.7,484.2,36.5,Liquid"
data,29.2,442,961.0,519.0,439.0,960.1,521.1,484.2,36.9,Liquid,"DATA,29.2,442,961.0,519.0,439.0,960.1,521.1,484.2,36.9,Liquid"
data,29.3,443,961.0,518.0,440.0,960.6,520.6,484.2,36.4,Liquid,"DATA,29.3,443,961.0,518.0,440.0,960.6,520.6,484.2,36.4,Liquid"
data,29.4,443,961.5,518.5,440.8,960.9,520.1,484.2,35.9,Liquid,"DATA,29.4,443,961.5,518.5,440.8,960.9,520.1,484.2,35.9,Liquid"
data,29.5,442,961.0,519.0,442.2,961.0,518.8,484.2,34.6,Liquid,"DATA,29.5,442,961.0,519.0,442.2,961.0,518.8,484.2,34.6,Liquid"
data,29.6,443,961.0,518.0,442.6,961.1,518.5,484.2,34.3,Liquid,"DATA,29.6,443,961.0,518.0,442.6,961.1,518.5,484.2,34.3,Liquid"
data,29.7,441,961.5,520.5,442.4,961.2,518.8,484.2,34.6,Liquid,"DATA,29.7,441,961.5,520.5,442.4,961.2,518.8,484.2,34.6,Liquid"
data,29.8,441,961.0,520.0,442.0,961.2,519.2,484.2,35.0,Liquid,"DATA,29.8,441,961.0,520.0,442.0,961.2,519.2,484.2,35.0,Liquid"
data,29.9,439,961.0,522.0,441.2,961.1,519.9,484.2,35.7,Liquid,"DATA,29.9,439,961.0,522.0,441.2,961.1,519.9,484.2,35.7,Liquid"
data,30.0,441,961.5,520.5,441.0,961.2,520.2,484.2,36.0,Liquid,"DATA,30.0,441,961.5,520.5,441.0,961.2,520.2,484.2,36.0,Liquid"
data,30.1,441,960.5,519.5,440.6,961.1,520.5,484.2,36.3,Liquid,"DATA,30.1,441,960.5,519.5,440.6,961.1,520.5,484.2,36.3,Liquid"
data,30.2,441,961.0,520.0,440.6,961.0,520.4,484.2,36.2,Liquid,"DATA,30.2,441,961.0,520.0,440.6,961.0,520.4,484.2,36.2,Liquid"
data,30.3,441,961.0,520.0,440.6,961.0,520.4,484.2,36.2,Liquid,"DATA,30.3,441,961.0,520.0,440.6,961.0,520.4,484.2,36.2,Liquid"
data,30.4,440,961.0,521.0,440.8,961.0,520.2,484.2,36.0,Liquid,"DATA,30.4,440,961.0,521.0,440.8,961.0,520.2,484.2,36.0,Liquid"
data,30.5,441,961.0,520.0,440.8,960.9,520.1,484.2,35.9,Liquid,"DATA,30.5,441,961.0,520.0,440.8,960.9,520.1,484.2,35.9,Liquid"
data,30.6,442,961.0,519.0,441.0,961.0,520.0,484.2,35.8,Liquid,"DATA,30.6,442,961.0,519.0,441.0,961.0,520.0,484.2,35.8,Liquid"
data,30.7,441,961.0,520.0,441.0,961.0,520.0,484.2,35.8,Liquid,"DATA,30.7,441,961.0,520.0,441.0,961.0,520.0,484.2,35.8,Liquid"
data,30.8,440,961.5,521.5,440.8,961.1,520.3,484.2,36.1,Liquid,"DATA,30.8,440,961.5,521.5,440.8,961.1,520.3,484.2,36.1,Liquid"
data,30.9,441,961.5,520.5,441.0,961.2,520.2,484.2,36.0,Liquid,"DATA,30.9,441,961.5,520.5,441.0,961.2,520.2,484.2,36.0,Liquid"
data,31.0,440,961.5,521.5,440.8,961.3,520.5,484.2,36.3,Liquid,"DATA,31.0,440,961.5,521.5,440.8,961.3,520.5,484.2,36.3,Liquid"
data,31.1,441,961.0,520.0,440.6,961.3,520.7,484.2,36.5,Liquid,"DATA,31.1,441,961.0,520.0,440.6,961.3,520.7,484.2,36.5,Liquid"
data,31.2,441,961.0,520.0,440.6,961.3,520.7,484.2,36.5,Liquid,"DATA,31.2,441,961.0,520.0,440.6,961.3,520.7,484.2,36.5,Liquid"
data,31.3,440,961.0,521.0,440.6,961.2,520.6,484.2,36.4,Liquid,"DATA,31.3,440,961.0,521.0,440.6,961.2,520.6,484.2,36.4,Liquid"
data,31.4,441,961.5,520.5,440.6,961.2,520.6,484.2,36.4,Liquid,"DATA,31.4,441,961.5,520.5,440.6,961.2,520.6,484.2,36.4,Liquid"
data,31.5,441,961.0,520.0,440.8,961.1,520.3,484.2,36.1,Liquid,"DATA,31.5,441,961.0,520.0,440.8,961.1,520.3,484.2,36.1,Liquid"
data,31.6,441,961.0,520.0,440.8,961.1,520.3,484.2,36.1,Liquid,"DATA,31.6,441,961.0,520.0,440.8,961.1,520.3,484.2,36.1,Liquid"
data,31.7,441,961.0,520.0,440.8,961.1,520.3,484.2,36.1,Liquid,"DATA,31.7,441,961.0,520.0,440.8,961.1,520.3,484.2,36.1,Liquid"
data,31.8,441,961.0,520.0,441.0,961.1,520.1,484.2,35.9,Liquid,"DATA,31.8,441,961.0,520.0,441.0,961.1,520.1,484.2,35.9,Liquid"
data,31.9,441,961.0,520.0,441.0,961.0,520.0,484.2,35.8,Liquid,"DATA,31.9,441,961.0,520.0,441.0,961.0,520.0,484.2,35.8,Liquid"
data,32.0,440,961.0,521.0,440.8,961.0,520.2,484.2,36.0,Liquid,"DATA,32.0,440,961.0,521.0,440.8,961.0,520.2,484.2,36.0,Liquid"
data,32.1,442,961.5,519.5,441.0,961.1,520.1,484.2,35.9,Liquid,"DATA,32.1,442,961.5,519.5,441.0,961.1,520.1,484.2,35.9,Liquid"
data,32.2,441,961.5,520.5,441.0,961.2,520.2,484.2,36.0,Liquid,"DATA,32.2,441,961.5,520.5,441.0,961.2,520.2,484.2,36.0,Liquid"
data,32.3,441,961.0,520.0,441.0,961.2,520.2,484.2,36.0,Liquid,"DATA,32.3,441,961.0,520.0,441.0,961.2,520.2,484.2,36.0,Liquid"
data,32.4,442,961.0,519.0,441.2,961.2,520.0,484.2,35.8,Liquid,"DATA,32.4,442,961.0,519.0,441.2,961.2,520.0,484.2,35.8,Liquid"
data,32.5,442,961.0,519.0,441.6,961.2,519.6,484.2,35.4,Liquid,"DATA,32.5,442,961.0,519.0,441.6,961.2,519.6,484.2,35.4,Liquid"
data,32.6,442,961.0,519.0,441.6,961.1,519.5,484.2,35.3,Liquid,"DATA,32.6,442,961.0,519.0,441.6,961.1,519.5,484.2,35.3,Liquid"
data,32.7,442,961.0,519.0,441.8,961.0,519.2,484.2,35.0,Liquid,"DATA,32.7,442,961.0,519.0,441.8,961.0,519.2,484.2,35.0,Liquid"
data,32.8,442,961.0,519.0,442.0,961.0,519.0,484.2,34.8,Liquid,"DATA,32.8,442,961.0,519.0,442.0,961.0,519.0,484.2,34.8,Liquid"
data,32.9,442,961.0,519.0,442.0,961.0,519.0,484.2,34.8,Liquid,"DATA,32.9,442,961.0,519.0,442.0,961.0,519.0,484.2,34.8,Liquid"
data,33.0,441,961.0,520.0,441.8,961.0,519.2,484.2,35.0,Liquid,"DATA,33.0,441,961.0,520.0,441.8,961.0,519.2,484.2,35.0,Liquid"
data,33.1,443,961.0,518.0,442.0,961.0,519.0,484.2,34.8,Liquid,"DATA,33.1,443,961.0,518.0,442.0,961.0,519.0,484.2,34.8,Liquid"
data,33.2,442,961.0,519.0,442.0,961.0,519.0,484.2,34.8,Liquid,"DATA,33.2,442,961.0,519.0,442.0,961.0,519.0,484.2,34.8,Liquid"
data,33.3,442,961.5,519.5,442.0,961.1,519.1,484.2,34.9,Liquid,"DATA,33.3,442,961.5,519.5,442.0,961.1,519.1,484.2,34.9,Liquid"
data,33.4,442,962.0,520.0,442.0,961.3,519.3,484.2,35.1,Liquid,"DATA,33.4,442,962.0,520.0,442.0,961.3,519.3,484.2,35.1,Liquid"
data,33.5,442,961.0,519.0,442.2,961.3,519.1,484.2,34.9,Liquid,"DATA,33.5,442,961.0,519.0,442.2,961.3,519.1,484.2,34.9,Liquid"
data,33.6,442,961.0,519.0,442.0,961.3,519.3,484.2,35.1,Liquid,"DATA,33.6,442,961.0,519.0,442.0,961.3,519.3,484.2,35.1,Liquid"
data,33.7,443,961.0,518.0,442.2,961.3,519.1,484.2,34.9,Liquid,"DATA,33.7,443,961.0,518.0,442.2,961.3,519.1,484.2,34.9,Liquid"
data,33.8,442,961.0,519.0,442.2,961.2,519.0,484.2,34.8,Liquid,"DATA,33.8,442,961.0,519.0,442.2,961.2,519.0,484.2,34.8,Liquid"
data,33.9,441,961.0,520.0,442.0,961.0,519.0,484.2,34.8,Liquid,"DATA,33.9,441,961.0,520.0,442.0,961.0,519.0,484.2,34.8,Liquid"
data,34.0,442,961.0,519.0,442.0,961.0,519.0,484.2,34.8,Liquid,"DATA,34.0,442,961.0,519.0,442.0,961.0,519.0,484.2,34.8,Liquid"
data,34.1,440,961.0,521.0,441.6,961.0,519.4,484.2,35.2,Liquid,"DATA,34.1,440,961.0,521.0,441.6,961.0,519.4,484.2,35.2,Liquid"
data,34.2,442,961.5,519.5,441.4,961.1,519.7,484.2,35.5,Liquid,"DATA,34.2,442,961.5,519.5,441.4,961.1,519.7,484.2,35.5,Liquid"
data,34.3,440,961.5,521.5,441.0,961.2,520.2,484.2,36.0,Liquid,"DATA,34.3,440,961.5,521.5,441.0,961.2,520.2,484.2,36.0,Liquid"
data,34.4,444,961.5,517.5,441.6,961.3,519.7,484.2,35.5,Liquid,"DATA,34.4,444,961.5,517.5,441.6,961.3,519.7,484.2,35.5,Liquid"
data,34.5,446,961.0,515.0,442.4,961.3,518.9,484.2,34.7,Liquid,"DATA,34.5,446,961.0,515.0,442.4,961.3,518.9,484.2,34.7,Liquid"
data,34.6,449,961.0,512.0,444.2,961.3,517.1,484.2,32.9,Liquid,"DATA,34.6,449,961.0,512.0,444.2,961.3,517.1,484.2,32.9,Liquid"
data,34.7,445,960.5,515.5,444.8,961.1,516.3,484.2,32.1,Liquid,"DATA,34.7,445,960.5,515.5,444.8,961.1,516.3,484.2,32.1,Liquid"
data,34.8,442,961.0,519.0,445.2,961.0,515.8,484.2,31.6,Liquid,"DATA,34.8,442,961.0,519.0,445.2,961.0,515.8,484.2,31.6,Liquid"
data,34.9,442,961.5,519.5,444.8,961.0,516.2,484.2,32.0,Liquid,"DATA,34.9,442,961.5,519.5,444.8,961.0,516.2,484.2,32.0,Liquid"
data,35.0,446,962.0,516.0,444.8,961.2,516.4,484.2,32.2,Liquid,"DATA,35.0,446,962.0,516.0,444.8,961.2,516.4,484.2,32.2,Liquid"
data,35.1,447,962.0,515.0,444.4,961.4,517.0,484.2,32.8,Liquid,"DATA,35.1,447,962.0,515.0,444.4,961.4,517.0,484.2,32.8,Liquid"
data,35.2,448,961.5,513.5,445.0,961.6,516.6,484.2,32.4,Liquid,"DATA,35.2,448,961.5,513.5,445.0,961.6,516.6,484.2,32.4,Liquid"
data,35.3,450,961.0,511.0,446.6,961.6,515.0,484.2,30.8,Liquid,"DATA,35.3,450,961.0,511.0,446.6,961.6,515.0,484.2,30.8,Liquid"
data,35.4,453,961.5,508.5,448.8,961.6,512.8,484.2,28.6,Liquid,"DATA,35.4,453,961.5,508.5,448.8,961.6,512.8,484.2,28.6,Liquid"
data,35.5,454,961.5,507.5,450.4,961.5,511.1,484.2,26.9,Liquid,"DATA,35.5,454,961.5,507.5,450.4,961.5,511.1,484.2,26.9,Liquid"
data,35.6,453,961.5,508.5,451.6,961.4,509.8,484.2,25.6,Liquid,"DATA,35.6,453,961.5,508.5,451.6,961.4,509.8,484.2,25.6,Liquid"
data,35.7,453,961.5,508.5,452.6,961.4,508.8,484.2,24.6,Liquid,"DATA,35.7,453,961.5,508.5,452.6,961.4,508.8,484.2,24.6,Liquid"
data,35.8,453,962.0,509.0,453.2,961.6,508.4,484.2,24.2,Liquid,"DATA,35.8,453,962.0,509.0,453.2,961.6,508.4,484.2,24.2,Liquid"
data,35.9,453,961.5,508.5,453.2,961.6,508.4,484.2,24.2,Liquid,"DATA,35.9,453,961.5,508.5,453.2,961.6,508.4,484.2,24.2,Liquid"
data,36.0,454,962.0,508.0,453.2,961.7,508.5,484.2,24.3,Liquid,"DATA,36.0,454,962.0,508.0,453.2,961.7,508.5,484.2,24.3,Liquid"
data,36.1,453,961.0,508.0,453.2,961.6,508.4,484.2,24.2,Liquid,"DATA,36.1,453,961.0,508.0,453.2,961.6,508.4,484.2,24.2,Liquid"
data,36.2,453,961.5,508.5,453.2,961.6,508.4,484.2,24.2,Liquid,"DATA,36.2,453,961.5,508.5,453.2,961.6,508.4,484.2,24.2,Liquid"
data,36.3,452,961.5,509.5,453.0,961.5,508.5,484.2,24.3,Liquid,"DATA,36.3,452,961.5,509.5,453.0,961.5,508.5,484.2,24.3,Liquid"
data,36.4,453,961.5,508.5,453.0,961.5,508.5,484.2,24.3,Liquid,"DATA,36.4,453,961.5,508.5,453.0,961.5,508.5,484.2,24.3,Liquid"
data,36.5,452,961.0,509.0,452.6,961.3,508.7,484.2,24.5,Liquid,"DATA,36.5,452,961.0,509.0,452.6,961.3,508.7,484.2,24.5,Liquid"
data,36.6,452,961.0,509.0,452.4,961.3,508.9,484.2,24.7,Liquid,"DATA,36.6,452,961.0,509.0,452.4,961.3,508.9,484.2,24.7,Liquid"
data,36.7,451,961.0,510.0,452.0,961.2,509.2,484.2,25.0,Liquid,"DATA,36.7,451,961.0,510.0,452.0,961.2,509.2,484.2,25.0,Liquid"
data,36.8,452,961.5,509.5,452.0,961.2,509.2,484.2,25.0,Liquid,"DATA,36.8,452,961.5,509.5,452.0,961.2,509.2,484.2,25.0,Liquid"
data,36.9,451,961.5,510.5,451.6,961.2,509.6,484.2,25.4,Liquid,"DATA,36.9,451,961.5,510.5,451.6,961.2,509.6,484.2,25.4,Liquid"
data,37.0,451,961.5,510.5,451.4,961.3,509.9,484.2,25.7,Liquid,"DATA,37.0,451,961.5,510.5,451.4,961.3,509.9,484.2,25.7,Liquid"
data,37.1,451,961.5,510.5,451.2,961.4,510.2,484.2,26.0,Liquid,"DATA,37.1,451,961.5,510.5,451.2,961.4,510.2,484.2,26.0,Liquid"
data,37.2,451,961.5,510.5,451.2,961.5,510.3,484.2,26.1,Liquid,"DATA,37.2,451,961.5,510.5,451.2,961.5,510.3,484.2,26.1,Liquid"
data,37.3,452,961.5,509.5,451.2,961.5,510.3,484.2,26.1,Liquid,"DATA,37.3,452,961.5,509.5,451.2,961.5,510.3,484.2,26.1,Liquid"
data,37.4,452,961.0,509.0,451.4,961.4,510.0,484.2,25.8,Liquid,"DATA,37.4,452,961.0,509.0,451.4,961.4,510.0,484.2,25.8,Liquid"
data,37.5,452,961.0,509.0,451.6,961.3,509.7,484.2,25.5,Liquid,"DATA,37.5,452,961.0,509.0,451.6,961.3,509.7,484.2,25.5,Liquid"
data,37.6,451,961.0,510.0,451.6,961.2,509.6,484.2,25.4,Liquid,"DATA,37.6,451,961.0,510.0,451.6,961.2,509.6,484.2,25.4,Liquid"
data,37.7,451,961.0,510.0,451.6,961.1,509.5,484.2,25.3,Liquid,"DATA,37.7,451,961.0,510.0,451.6,961.1,509.5,484.2,25.3,Liquid"
data,37.8,451,961.5,510.5,451.4,961.1,509.7,484.2,25.5,Liquid,"DATA,37.8,451,961.5,510.5,451.4,961.1,509.7,484.2,25.5,Liquid"
data,37.9,451,961.5,510.5,451.2,961.2,510.0,484.2,25.8,Liquid,"DATA,37.9,451,961.5,510.5,451.2,961.2,510.0,484.2,25.8,Liquid"
data,38.0,452,961.0,509.0,451.2,961.2,510.0,484.2,25.8,Liquid,"DATA,38.0,452,961.0,509.0,451.2,961.2,510.0,484.2,25.8,Liquid"
data,38.1,452,961.0,509.0,451.4,961.2,509.8,484.2,25.6,Liquid,"DATA,38.1,452,961.0,509.0,451.4,961.2,509.8,484.2,25.6,Liquid"
data,38.2,452,961.0,509.0,451.6,961.2,509.6,484.2,25.4,Liquid,"DATA,38.2,452,961.0,509.0,451.6,961.2,509.6,484.2,25.4,Liquid"
data,38.3,452,961.0,509.0,451.8,961.1,509.3,484.2,25.1,Liquid,"DATA,38.3,452,961.0,509.0,451.8,961.1,509.3,484.2,25.1,Liquid"
data,38.4,451,961.0,510.0,451.8,961.0,509.2,484.2,25.0,Liquid,"DATA,38.4,451,961.0,510.0,451.8,961.0,509.2,484.2,25.0,Liquid"
data,38.5,452,961.0,509.0,451.8,961.0,509.2,484.2,25.0,Liquid,"DATA,38.5,452,961.0,509.0,451.8,961.0,509.2,484.2,25.0,Liquid"
data,38.6,452,961.0,509.0,451.8,961.0,509.2,484.2,25.0,Liquid,"DATA,38.6,452,961.0,509.0,451.8,961.0,509.2,484.2,25.0,Liquid"
data,38.7,451,961.0,510.0,451.6,961.0,509.4,484.2,25.2,Liquid,"DATA,38.7,451,961.0,510.0,451.6,961.0,509.4,484.2,25.2,Liquid"
data,38.8,451,961.5,510.5,451.4,961.1,509.7,484.2,25.5,Liquid,"DATA,38.8,451,961.5,510.5,451.4,961.1,509.7,484.2,25.5,Liquid"
data,38.9,452,961.5,509.5,451.6,961.2,509.6,484.2,25.4,Liquid,"DATA,38.9,452,961.5,509.5,451.6,961.2,509.6,484.2,25.4,Liquid"
data,39.0,452,961.0,509.0,451.6,961.2,509.6,484.2,25.4,Liquid,"DATA,39.0,452,961.0,509.0,451.6,961.2,509.6,484.2,25.4,Liquid"
data,39.1,452,961.0,509.0,451.6,961.2,509.6,484.2,25.4,Liquid,"DATA,39.1,452,961.0,509.0,451.6,961.2,509.6,484.2,25.4,Liquid"
data,39.2,452,961.0,509.0,451.8,961.2,509.4,484.2,25.2,Liquid,"DATA,39.2,452,961.0,509.0,451.8,961.2,509.4,484.2,25.2,Liquid"
data,39.3,451,961.5,510.5,451.8,961.2,509.4,484.2,25.2,Liquid,"DATA,39.3,451,961.5,510.5,451.8,961.2,509.4,484.2,25.2,Liquid"
data,39.4,451,961.5,510.5,451.6,961.2,509.6,484.2,25.4,Liquid,"DATA,39.4,451,961.5,510.5,451.6,961.2,509.6,484.2,25.4,Liquid"
data,39.5,451,961.5,510.5,451.4,961.3,509.9,484.2,25.7,Liquid,"DATA,39.5,451,961.5,510.5,451.4,961.3,509.9,484.2,25.7,Liquid"
data,39.6,451,961.5,510.5,451.2,961.4,510.2,484.2,26.0,Liquid,"DATA,39.6,451,961.5,510.5,451.2,961.4,510.2,484.2,26.0,Liquid"
data,39.7,452,961.0,509.0,451.2,961.4,510.2,484.2,26.0,Liquid,"DATA,39.7,452,961.0,509.0,451.2,961.4,510.2,484.2,26.0,Liquid"
data,39.8,452,960.5,508.5,451.4,961.2,509.8,484.2,25.6,Liquid,"DATA,39.8,452,960.5,508.5,451.4,961.2,509.8,484.2,25.6,Liquid"
data,39.9,453,961.0,508.0,451.8,961.1,509.3,484.2,25.1,Liquid,"DATA,39.9,453,961.0,508.0,451.8,961.1,509.3,484.2,25.1,Liquid"
data,40.0,452,961.5,509.5,452.0,961.1,509.1,484.2,24.9,Liquid,"DATA,40.0,452,961.5,509.5,452.0,961.1,509.1,484.2,24.9,Liquid"
data,40.1,450,961.0,511.0,451.8,961.0,509.2,484.2,25.0,Liquid,"DATA,40.1,450,961.0,511.0,451.8,961.0,509.2,484.2,25.0,Liquid"
data,40.2,451,961.5,510.5,451.6,961.1,509.5,484.2,25.3,Liquid,"DATA,40.2,451,961.5,510.5,451.6,961.1,509.5,484.2,25.3,Liquid"
data,40.3,458,961.5,503.5,452.8,961.3,508.5,484.2,24.3,Liquid,"DATA,40.3,458,961.5,503.5,452.8,961.3,508.5,484.2,24.3,Liquid"
data,40.4,464,961.5,497.5,455.0,961.4,506.4,484.2,22.2,Liquid,"DATA,40.4,464,961.5,497.5,455.0,961.4,506.4,484.2,22.2,Liquid"
data,40.5,470,962.0,492.0,458.6,961.5,502.9,484.2,18.7,Liquid,"DATA,40.5,470,962.0,492.0,458.6,961.5,502.9,484.2,18.7,Liquid"
data,40.6,472,963.0,491.0,463.0,961.9,498.9,484.2,14.7,Liquid,"DATA,40.6,472,963.0,491.0,463.0,961.9,498.9,484.2,14.7,Liquid"
data,40.7,466,964.5,498.5,466.0,962.5,496.5,484.2,12.3,Liquid,"DATA,40.7,466,964.5,498.5,466.0,962.5,496.5,484.2,12.3,Liquid"
data,40.8,436,965.5,529.5,461.6,963.3,501.7,484.2,17.5,Liquid,"DATA,40.8,436,965.5,529.5,461.6,963.3,501.7,484.2,17.5,Liquid"
data,40.9,442,965.5,523.5,457.2,964.1,506.9,484.2,22.7,Liquid,"DATA,40.9,442,965.5,523.5,457.2,964.1,506.9,484.2,22.7,Liquid"
data,41.0,443,965.5,522.5,451.8,964.8,513.0,484.2,28.8,Liquid,"DATA,41.0,443,965.5,522.5,451.8,964.8,513.0,484.2,28.8,Liquid"
data,41.1,443,965.0,522.0,446.0,965.2,519.2,484.2,35.0,Liquid,"DATA,41.1,443,965.0,522.0,446.0,965.2,519.2,484.2,35.0,Liquid"
data,41.2,443,965.0,522.0,441.4,965.3,523.9,484.2,39.7,Liquid,"DATA,41.2,443,965.0,522.0,441.4,965.3,523.9,484.2,39.7,Liquid"
data,41.3,442,965.0,523.0,442.6,965.2,522.6,484.2,38.4,Liquid,"DATA,41.3,442,965.0,523.0,442.6,965.2,522.6,484.2,38.4,Liquid"
data,41.4,442,965.5,523.5,442.6,965.2,522.6,484.2,38.4,Liquid,"DATA,41.4,442,965.5,523.5,442.6,965.2,522.6,484.2,38.4,Liquid"
data,41.5,443,965.0,522.0,442.6,965.1,522.5,484.2,38.3,Liquid,"DATA,41.5,443,965.0,522.0,442.6,965.1,522.5,484.2,38.3,Liquid"
data,41.6,443,965.5,522.5,442.6,965.2,522.6,484.2,38.4,Liquid,"DATA,41.6,443,965.5,522.5,442.6,965.2,522.6,484.2,38.4,Liquid"
data,41.7,443,965.0,522.0,442.6,965.2,522.6,484.2,38.4,Liquid,"DATA,41.7,443,965.0,522.0,442.6,965.2,522.6,484.2,38.4,Liquid"
data,41.8,443,965.0,522.0,442.8,965.2,522.4,484.2,38.2,Liquid,"DATA,41.8,443,965.0,522.0,442.8,965.2,522.4,484.2,38.2,Liquid"
data,41.9,442,965.0,523.0,442.8,965.1,522.3,484.2,38.1,Liquid,"DATA,41.9,442,965.0,523.0,442.8,965.1,522.3,484.2,38.1,Liquid"
data,42.0,443,965.5,522.5,442.8,965.2,522.4,484.2,38.2,Liquid,"DATA,42.0,443,965.5,522.5,442.8,965.2,522.4,484.2,38.2,Liquid"
data,42.1,445,965.5,520.5,443.2,965.2,522.0,484.2,37.8,Liquid,"DATA,42.1,445,965.5,520.5,443.2,965.2,522.0,484.2,37.8,Liquid"
data,42.2,444,965.5,521.5,443.4,965.3,521.9,484.2,37.7,Liquid,"DATA,42.2,444,965.5,521.5,443.4,965.3,521.9,484.2,37.7,Liquid"
data,42.3,445,965.0,520.0,443.8,965.3,521.5,484.2,37.3,Liquid,"DATA,42.3,445,965.0,520.0,443.8,965.3,521.5,484.2,37.3,Liquid"
data,42.4,444,965.5,521.5,444.2,965.4,521.2,484.2,37.0,Liquid,"DATA,42.4,444,965.5,521.5,444.2,965.4,521.2,484.2,37.0,Liquid"
data,42.5,445,965.5,520.5,444.6,965.4,520.8,484.2,36.6,Liquid,"DATA,42.5,445,965.5,520.5,444.6,965.4,520.8,484.2,36.6,Liquid"
data,42.6,447,965.5,518.5,445.0,965.4,520.4,484.2,36.2,Liquid,"DATA,42.6,447,965.5,518.5,445.0,965.4,520.4,484.2,36.2,Liquid"
data,42.7,446,965.5,519.5,445.4,965.4,520.0,484.2,35.8,Liquid,"DATA,42.7,446,965.5,519.5,445.4,965.4,520.0,484.2,35.8,Liquid"
data,42.8,441,965.5,524.5,444.6,965.5,520.9,484.2,36.7,Liquid,"DATA,42.8,441,965.5,524.5,444.6,965.5,520.9,484.2,36.7,Liquid"
data,42.9,443,965.5,522.5,444.4,965.5,521.1,484.2,36.9,Liquid,"DATA,42.9,443,965.5,522.5,444.4,965.5,521.1,484.2,36.9,Liquid"
data,43.0,445,965.5,520.5,444.4,965.5,521.1,484.2,36.9,Liquid,"DATA,43.0,445,965.5,520.5,444.4,965.5,521.1,484.2,36.9,Liquid"
data,43.1,444,966.0,522.0,443.8,965.6,521.8,484.2,37.6,Liquid,"DATA,43.1,444,966.0,522.0,443.8,965.6,521.8,484.2,37.6,Liquid"
data,43.2,445,965.5,520.5,443.6,965.6,522.0,484.2,37.8,Liquid,"DATA,43.2,445,965.5,520.5,443.6,965.6,522.0,484.2,37.8,Liquid"
data,43.3,443,965.5,522.5,444.0,965.6,521.6,484.2,37.4,Liquid,"DATA,43.3,443,965.5,522.5,444.0,965.6,521.6,484.2,37.4,Liquid"
data,43.4,445,965.5,520.5,444.4,965.6,521.2,484.2,37.0,Liquid,"DATA,43.4,445,965.5,520.5,444.4,965.6,521.2,484.2,37.0,Liquid"
data,43.5,444,965.5,521.5,444.2,965.6,521.4,484.2,37.2,Liquid,"DATA,43.5,444,965.5,521.5,444.2,965.6,521.4,484.2,37.2,Liquid"
data,43.6,445,966.0,521.0,444.4,965.6,521.2,484.2,37.0,Liquid,"DATA,43.6,445,966.0,521.0,444.4,965.6,521.2,484.2,37.0,Liquid"
data,43.7,445,966.0,521.0,444.4,965.7,521.3,484.2,37.1,Liquid,"DATA,43.7,445,966.0,521.0,444.4,965.7,521.3,484.2,37.1,Liquid"
data,43.8,445,966.0,521.0,444.8,965.8,521.0,484.2,36.8,Liquid,"DATA,43.8,445,966.0,521.0,444.8,965.8,521.0,484.2,36.8,Liquid"
data,43.9,445,966.0,521.0,444.8,965.9,521.1,484.2,36.9,Liquid,"DATA,43.9,445,966.0,521.0,444.8,965.9,521.1,484.2,36.9,Liquid"
data,44.0,445,966.0,521.0,445.0,966.0,521.0,484.2,36.8,Liquid,"DATA,44.0,445,966.0,521.0,445.0,966.0,521.0,484.2,36.8,Liquid"
data,44.1,445,966.0,521.0,445.0,966.0,521.0,484.2,36.8,Liquid,"DATA,44.1,445,966.0,521.0,445.0,966.0,521.0,484.2,36.8,Liquid"
data,44.2,444,966.5,522.5,444.8,966.1,521.3,484.2,37.1,Liquid,"DATA,44.2,444,966.5,522.5,444.8,966.1,521.3,484.2,37.1,Liquid"
data,44.3,444,966.5,522.5,444.6,966.2,521.6,484.2,37.4,Liquid,"DATA,44.3,444,966.5,522.5,444.6,966.2,521.6,484.2,37.4,Liquid"
data,44.4,445,966.5,521.5,444.6,966.3,521.7,484.2,37.5,Liquid,"DATA,44.4,445,966.5,521.5,444.6,966.3,521.7,484.2,37.5,Liquid"
data,44.5,444,966.5,522.5,444.4,966.4,522.0,484.2,37.8,Liquid,"DATA,44.5,444,966.5,522.5,444.4,966.4,522.0,484.2,37.8,Liquid"
data,44.6,445,966.0,521.0,444.4,966.4,522.0,484.2,37.8,Liquid,"DATA,44.6,445,966.0,521.0,444.4,966.4,522.0,484.2,37.8,Liquid"
data,44.7,445,966.5,521.5,444.6,966.4,521.8,484.2,37.6,Liquid,"DATA,44.7,445,966.5,521.5,444.6,966.4,521.8,484.2,37.6,Liquid"
data,44.8,445,965.5,520.5,444.8,966.2,521.4,484.2,37.2,Liquid,"DATA,44.8,445,965.5,520.5,444.8,966.2,521.4,484.2,37.2,Liquid"
data,44.9,445,966.0,521.0,444.8,966.1,521.3,484.2,37.1,Liquid,"DATA,44.9,445,966.0,521.0,444.8,966.1,521.3,484.2,37.1,Liquid"
data,45.0,445,966.0,521.0,445.0,966.0,521.0,484.2,36.8,Liquid,"DATA,45.0,445,966.0,521.0,445.0,966.0,521.0,484.2,36.8,Liquid"
data,45.1,443,966.5,523.5,444.6,966.1,521.5,484.2,37.3,Liquid,"DATA,45.1,443,966.5,523.5,444.6,966.1,521.5,484.2,37.3,Liquid"
data,45.2,442,967.0,525.0,444.0,966.2,522.2,484.2,38.0,Liquid,"DATA,45.2,442,967.0,525.0,444.0,966.2,522.2,484.2,38.0,Liquid"
data,45.3,443,966.5,523.5,443.6,966.4,522.8,484.2,38.6,Liquid,"DATA,45.3,443,966.5,523.5,443.6,966.4,522.8,484.2,38.6,Liquid"
data,45.4,444,966.0,522.0,443.4,966.4,523.0,484.2,38.8,Liquid,"DATA,45.4,444,966.0,522.0,443.4,966.4,523.0,484.2,38.8,Liquid"
data,45.5,443,966.5,523.5,443.0,966.5,523.5,484.2,39.3,Liquid,"DATA,45.5,443,966.5,523.5,443.0,966.5,523.5,484.2,39.3,Liquid"
data,45.6,444,966.5,522.5,443.2,966.5,523.3,484.2,39.1,Liquid,"DATA,45.6,444,966.5,522.5,443.2,966.5,523.3,484.2,39.1,Liquid"
data,45.7,443,966.5,523.5,443.4,966.4,523.0,484.2,38.8,Liquid,"DATA,45.7,443,966.5,523.5,443.4,966.4,523.0,484.2,38.8,Liquid"
data,45.8,443,967.0,524.0,443.4,966.5,523.1,484.2,38.9,Liquid,"DATA,45.8,443,967.0,524.0,443.4,966.5,523.1,484.2,38.9,Liquid"
data,45.9,442,967.0,525.0,443.0,966.7,523.7,484.2,39.5,Liquid,"DATA,45.9,442,967.0,525.0,443.0,966.7,523.7,484.2,39.5,Liquid"
data,46.0,440,967.0,527.0,442.4,966.8,524.4,484.2,40.2,Liquid,"DATA,46.0,440,967.0,527.0,442.4,966.8,524.4,484.2,40.2,Liquid"
data,46.1,442,966.5,524.5,442.0,966.8,524.8,484.2,40.6,Liquid,"DATA,46.1,442,966.5,524.5,442.0,966.8,524.8,484.2,40.6,Liquid"
data,46.2,443,966.5,523.5,442.0,966.8,524.8,484.2,40.6,Liquid,"DATA,46.2,443,966.5,523.5,442.0,966.8,524.8,484.2,40.6,Liquid"
data,46.3,448,966.5,518.5,443.0,966.7,523.7,484.2,39.5,Liquid,"DATA,46.3,448,966.5,518.5,443.0,966.7,523.7,484.2,39.5,Liquid"
data,46.4,448,967.0,519.0,444.2,966.7,522.5,484.2,38.3,Liquid,"DATA,46.4,448,967.0,519.0,444.2,966.7,522.5,484.2,38.3,Liquid"
data,46.5,442,967.0,525.0,444.6,966.7,522.1,484.2,37.9,Liquid,"DATA,46.5,442,967.0,525.0,444.6,966.7,522.1,484.2,37.9,Liquid"
data,46.6,438,967.5,529.5,443.8,966.9,523.1,484.2,38.9,Liquid,"DATA,46.6,438,967.5,529.5,443.8,966.9,523.1,484.2,38.9,Liquid"
data,46.7,436,967.0,531.0,442.4,967.0,524.6,484.2,40.4,Liquid,"DATA,46.7,436,967.0,531.0,442.4,967.0,524.6,484.2,40.4,Liquid"
data,46.8,435,968.0,533.0,439.8,967.3,527.5,484.2,43.3,Liquid,"DATA,46.8,435,968.0,533.0,439.8,967.3,527.5,484.2,43.3,Liquid"
data,46.9,435,967.5,532.5,437.2,967.4,530.2,484.2,46.0,Liquid,"DATA,46.9,435,967.5,532.5,437.2,967.4,530.2,484.2,46.0,Liquid"
data,47.0,435,968.0,533.0,435.8,967.6,531.8,484.2,47.6,Liquid,"DATA,47.0,435,968.0,533.0,435.8,967.6,531.8,484.2,47.6,Liquid"
data,47.1,436,968.5,532.5,435.4,967.8,532.4,484.2,48.2,Liquid,"DATA,47.1,436,968.5,532.5,435.4,967.8,532.4,484.2,48.2,Liquid"
data,47.2,436,969.0,533.0,435.4,968.2,532.8,484.2,48.6,Liquid,"DATA,47.2,436,969.0,533.0,435.4,968.2,532.8,484.2,48.6,Liquid"
data,47.3,437,968.5,531.5,435.8,968.3,532.5,484.2,48.3,Liquid,"DATA,47.3,437,968.5,531.5,435.8,968.3,532.5,484.2,48.3,Liquid"
data,47.4,436,969.5,533.5,436.0,968.7,532.7,484.2,48.5,Liquid,"DATA,47.4,436,969.5,533.5,436.0,968.7,532.7,484.2,48.5,Liquid"
data,47.5,436,969.5,533.5,436.2,969.0,532.8,484.2,48.6,Liquid,"DATA,47.5,436,969.5,533.5,436.2,969.0,532.8,484.2,48.6,Liquid"
data,47.6,436,970.0,534.0,436.2,969.3,533.1,484.2,48.9,Liquid,"DATA,47.6,436,970.0,534.0,436.2,969.3,533.1,484.2,48.9,Liquid"
data,47.7,436,970.5,534.5,436.2,969.6,533.4,484.2,49.2,Liquid,"DATA,47.7,436,970.5,534.5,436.2,969.6,533.4,484.2,49.2,Liquid"
data,47.8,436,970.0,534.0,436.0,969.9,533.9,484.2,49.7,Liquid,"DATA,47.8,436,970.0,534.0,436.0,969.9,533.9,484.2,49.7,Liquid"
data,47.9,436,970.0,534.0,436.0,970.0,534.0,484.2,49.8,Liquid,"DATA,47.9,436,970.0,534.0,436.0,970.0,534.0,484.2,49.8,Liquid"
data,48.0,437,970.0,533.0,436.2,970.1,533.9,484.2,49.7,Liquid,"DATA,48.0,437,970.0,533.0,436.2,970.1,533.9,484.2,49.7,Liquid"
data,48.1,436,969.5,533.5,436.2,970.0,533.8,484.2,49.6,Liquid,"DATA,48.1,436,969.5,533.5,436.2,970.0,533.8,484.2,49.6,Liquid"
data,48.2,437,970.0,533.0,436.4,969.9,533.5,484.2,49.3,Liquid,"DATA,48.2,437,970.0,533.0,436.4,969.9,533.5,484.2,49.3,Liquid"
data,48.3,436,970.0,534.0,436.4,969.9,533.5,484.2,49.3,Liquid,"DATA,48.3,436,970.0,534.0,436.4,969.9,533.5,484.2,49.3,Liquid"
data,48.4,437,970.0,533.0,436.6,969.9,533.3,484.2,49.1,Liquid,"DATA,48.4,437,970.0,533.0,436.6,969.9,533.3,484.2,49.1,Liquid"
data,48.5,437,969.0,532.0,436.6,969.7,533.1,484.2,48.9,Liquid,"DATA,48.5,437,969.0,532.0,436.6,969.7,533.1,484.2,48.9,Liquid"
data,48.6,437,969.5,532.5,436.8,969.7,532.9,484.2,48.7,Liquid,"DATA,48.6,437,969.5,532.5,436.8,969.7,532.9,484.2,48.7,Liquid"
data,48.7,437,969.5,532.5,436.8,969.6,532.8,484.2,48.6,Liquid,"DATA,48.7,437,969.5,532.5,436.8,969.6,532.8,484.2,48.6,Liquid"
data,48.8,436,969.5,533.5,436.8,969.5,532.7,484.2,48.5,Liquid,"DATA,48.8,436,969.5,533.5,436.8,969.5,532.7,484.2,48.5,Liquid"
data,48.9,436,970.0,534.0,436.6,969.5,532.9,484.2,48.7,Liquid,"DATA,48.9,436,970.0,534.0,436.6,969.5,532.9,484.2,48.7,Liquid"
data,49.0,436,970.5,534.5,436.4,969.8,533.4,484.2,49.2,Liquid,"DATA,49.0,436,970.5,534.5,436.4,969.8,533.4,484.2,49.2,Liquid"
data,49.1,436,970.0,534.0,436.2,969.9,533.7,484.2,49.5,Liquid,"DATA,49.1,436,970.0,534.0,436.2,969.9,533.7,484.2,49.5,Liquid"
data,49.2,437,969.5,532.5,436.2,969.9,533.7,484.2,49.5,Liquid,"DATA,49.2,437,969.5,532.5,436.2,969.9,533.7,484.2,49.5,Liquid"
data,49.3,437,970.0,533.0,436.4,970.0,533.6,484.2,49.4,Liquid,"DATA,49.3,437,970.0,533.0,436.4,970.0,533.6,484.2,49.4,Liquid"
data,49.4,436,969.5,533.5,436.4,969.9,533.5,484.2,49.3,Liquid,"DATA,49.4,436,969.5,533.5,436.4,969.9,533.5,484.2,49.3,Liquid"
data,49.5,436,969.5,533.5,436.4,969.7,533.3,484.2,49.1,Liquid,"DATA,49.5,436,969.5,533.5,436.4,969.7,533.3,484.2,49.1,Liquid"
data,49.6,436,970.0,534.0,436.4,969.7,533.3,484.2,49.1,Liquid,"DATA,49.6,436,970.0,534.0,436.4,969.7,533.3,484.2,49.1,Liquid"
data,49.7,435,970.5,535.5,436.0,969.9,533.9,484.2,49.7,Liquid,"DATA,49.7,435,970.5,535.5,436.0,969.9,533.9,484.2,49.7,Liquid"
data,49.8,436,970.5,534.5,435.8,970.0,534.2,484.2,50.0,Liquid,"DATA,49.8,436,970.5,534.5,435.8,970.0,534.2,484.2,50.0,Liquid"
data,49.9,436,970.0,534.0,435.8,970.1,534.3,484.2,50.1,Liquid,"DATA,49.9,436,970.0,534.0,435.8,970.1,534.3,484.2,50.1,Liquid"
data,50.0,436,970.0,534.0,435.8,970.2,534.4,484.2,50.2,Liquid,"DATA,50.0,436,970.0,534.0,435.8,970.2,534.4,484.2,50.2,Liquid"
data,50.1,436,970.0,534.0,435.8,970.2,534.4,484.2,50.2,Liquid,"DATA,50.1,436,970.0,534.0,435.8,970.2,534.4,484.2,50.2,Liquid"
data,50.2,436,970.5,534.5,436.0,970.2,534.2,484.2,50.0,Liquid,"DATA,50.2,436,970.5,534.5,436.0,970.2,534.2,484.2,50.0,Liquid"
data,50.3,436,970.5,534.5,436.0,970.2,534.2,484.2,50.0,Liquid,"DATA,50.3,436,970.5,534.5,436.0,970.2,534.2,484.2,50.0,Liquid"
data,50.4,435,970.5,535.5,435.8,970.3,534.5,484.2,50.3,Liquid,"DATA,50.4,435,970.5,535.5,435.8,970.3,534.5,484.2,50.3,Liquid"
data,50.5,436,970.5,534.5,435.8,970.4,534.6,484.2,50.4,Liquid,"DATA,50.5,436,970.5,534.5,435.8,970.4,534.6,484.2,50.4,Liquid"
data,50.6,436,970.5,534.5,435.8,970.5,534.7,484.2,50.5,Liquid,"DATA,50.6,436,970.5,534.5,435.8,970.5,534.7,484.2,50.5,Liquid"
data,50.7,436,970.0,534.0,435.8,970.4,534.6,484.2,50.4,Liquid,"DATA,50.7,436,970.0,534.0,435.8,970.4,534.6,484.2,50.4,Liquid"
data,50.8,436,970.0,534.0,435.8,970.3,534.5,484.2,50.3,Liquid,"DATA,50.8,436,970.0,534.0,435.8,970.3,534.5,484.2,50.3,Liquid"
data,50.9,436,970.0,534.0,436.0,970.2,534.2,484.2,50.0,Liquid,"DATA,50.9,436,970.0,534.0,436.0,970.2,534.2,484.2,50.0,Liquid"
data,51.0,435,970.0,535.0,435.8,970.1,534.3,484.2,50.1,Liquid,"DATA,51.0,435,970.0,535.0,435.8,970.1,534.3,484.2,50.1,Liquid"
data,51.1,435,970.0,535.0,435.6,970.0,534.4,484.2,50.2,Liquid,"DATA,51.1,435,970.0,535.0,435.6,970.0,534.4,484.2,50.2,Liquid"
data,51.2,435,970.0,535.0,435.4,970.0,534.6,484.2,50.4,Liquid,"DATA,51.2,435,970.0,535.0,435.4,970.0,534.6,484.2,50.4,Liquid"
data,51.3,435,970.0,535.0,435.2,970.0,534.8,484.2,50.6,Liquid,"DATA,51.3,435,970.0,535.0,435.2,970.0,534.8,484.2,50.6,Liquid"
data,51.4,434,970.0,536.0,434.8,970.0,535.2,484.2,51.0,Liquid,"DATA,51.4,434,970.0,536.0,434.8,970.0,535.2,484.2,51.0,Liquid"
data,51.5,436,969.5,533.5,435.0,969.9,534.9,484.2,50.7,Liquid,"DATA,51.5,436,969.5,533.5,435.0,969.9,534.9,484.2,50.7,Liquid"
data,51.6,434,969.5,535.5,434.8,969.8,535.0,484.2,50.8,Liquid,"DATA,51.6,434,969.5,535.5,434.8,969.8,535.0,484.2,50.8,Liquid"
data,51.7,426,969.5,543.5,433.0,969.7,536.7,484.2,52.5,Liquid,"DATA,51.7,426,969.5,543.5,433.0,969.7,536.7,484.2,52.5,Liquid"
data,51.8,421,971.0,550.0,430.2,969.9,539.7,484.2,55.5,Liquid,"DATA,51.8,421,971.0,550.0,430.2,969.9,539.7,484.2,55.5,Liquid"
data,51.9,417,971.5,554.5,426.8,970.2,543.4,484.2,59.2,Liquid,"DATA,51.9,417,971.5,554.5,426.8,970.2,543.4,484.2,59.2,Liquid"
data,52.0,423,972.0,549.0,424.2,970.7,546.5,484.2,62.3,Liquid,"DATA,52.0,423,972.0,549.0,424.2,970.7,546.5,484.2,62.3,Liquid"
data,52.1,432,971.5,539.5,423.8,971.1,547.3,484.2,63.1,Liquid,"DATA,52.1,432,971.5,539.5,423.8,971.1,547.3,484.2,63.1,Liquid"
data,52.2,436,972.0,536.0,425.8,971.6,545.8,484.2,61.6,Liquid,"DATA,52.2,436,972.0,536.0,425.8,971.6,545.8,484.2,61.6,Liquid"
data,52.3,438,972.5,534.5,429.2,971.9,542.7,484.2,58.5,Liquid,"DATA,52.3,438,972.5,534.5,429.2,971.9,542.7,484.2,58.5,Liquid"
data,52.4,440,972.0,532.0,433.8,972.0,538.2,484.2,54.0,Liquid,"DATA,52.4,440,972.0,532.0,433.8,972.0,538.2,484.2,54.0,Liquid"
data,52.5,440,971.5,531.5,437.2,971.9,534.7,484.2,50.5,Liquid,"DATA,52.5,440,971.5,531.5,437.2,971.9,534.7,484.2,50.5,Liquid"
data,52.6,442,972.0,530.0,439.2,972.0,532.8,484.2,48.6,Liquid,"DATA,52.6,442,972.0,530.0,439.2,972.0,532.8,484.2,48.6,Liquid"
data,52.7,443,972.0,529.0,440.6,972.0,531.4,484.2,47.2,Liquid,"DATA,52.7,443,972.0,529.0,440.6,972.0,531.4,484.2,47.2,Liquid"
data,52.8,444,972.0,528.0,441.8,971.9,530.1,484.2,45.9,Liquid,"DATA,52.8,444,972.0,528.0,441.8,971.9,530.1,484.2,45.9,Liquid"
data,52.9,445,972.0,527.0,442.8,971.9,529.1,484.2,44.9,Liquid,"DATA,52.9,445,972.0,527.0,442.8,971.9,529.1,484.2,44.9,Liquid"
data,53.0,444,971.5,527.5,443.6,971.9,528.3,484.2,44.1,Liquid,"DATA,53.0,444,971.5,527.5,443.6,971.9,528.3,484.2,44.1,Liquid"
data,53.1,444,971.5,527.5,444.0,971.8,527.8,484.2,43.6,Liquid,"DATA,53.1,444,971.5,527.5,444.0,971.8,527.8,484.2,43.6,Liquid"
data,53.2,444,972.0,528.0,444.2,971.8,527.6,484.2,43.4,Liquid,"DATA,53.2,444,972.0,528.0,444.2,971.8,527.6,484.2,43.4,Liquid"
data,53.3,443,972.0,529.0,444.0,971.8,527.8,484.2,43.6,Liquid,"DATA,53.3,443,972.0,529.0,444.0,971.8,527.8,484.2,43.6,Liquid"
data,53.4,444,971.5,527.5,443.8,971.7,527.9,484.2,43.7,Liquid,"DATA,53.4,444,971.5,527.5,443.8,971.7,527.9,484.2,43.7,Liquid"
data,53.5,444,971.0,527.0,443.8,971.6,527.8,484.2,43.6,Liquid,"DATA,53.5,444,971.0,527.0,443.8,971.6,527.8,484.2,43.6,Liquid"
data,53.6,443,971.0,528.0,443.6,971.5,527.9,484.2,43.7,Liquid,"DATA,53.6,443,971.0,528.0,443.6,971.5,527.9,484.2,43.7,Liquid"
data,53.7,443,970.5,527.5,443.4,971.2,527.8,484.2,43.6,Liquid,"DATA,53.7,443,970.5,527.5,443.4,971.2,527.8,484.2,43.6,Liquid"
data,53.8,442,970.5,528.5,443.2,970.9,527.7,484.2,43.5,Liquid,"DATA,53.8,442,970.5,528.5,443.2,970.9,527.7,484.2,43.5,Liquid"
data,53.9,442,970.0,528.0,442.8,970.6,527.8,484.2,43.6,Liquid,"DATA,53.9,442,970.0,528.0,442.8,970.6,527.8,484.2,43.6,Liquid"
data,54.0,440,970.5,530.5,442.0,970.5,528.5,484.2,44.3,Liquid,"DATA,54.0,440,970.5,530.5,442.0,970.5,528.5,484.2,44.3,Liquid"
data,54.1,441,970.0,529.0,441.6,970.3,528.7,484.2,44.5,Liquid,"DATA,54.1,441,970.0,529.0,441.6,970.3,528.7,484.2,44.5,Liquid"
data,54.2,442,969.5,527.5,441.4,970.1,528.7,484.2,44.5,Liquid,"DATA,54.2,442,969.5,527.5,441.4,970.1,528.7,484.2,44.5,Liquid"
data,54.3,442,970.0,528.0,441.4,970.0,528.6,484.2,44.4,Liquid,"DATA,54.3,442,970.0,528.0,441.4,970.0,528.6,484.2,44.4,Liquid"
data,54.4,442,969.5,527.5,441.4,969.9,528.5,484.2,44.3,Liquid,"DATA,54.4,442,969.5,527.5,441.4,969.9,528.5,484.2,44.3,Liquid"
data,54.5,441,969.5,528.5,441.6,969.7,528.1,484.2,43.9,Liquid,"DATA,54.5,441,969.5,528.5,441.6,969.7,528.1,484.2,43.9,Liquid"
data,54.6,442,970.0,528.0,441.8,969.7,527.9,484.2,43.7,Liquid,"DATA,54.6,442,970.0,528.0,441.8,969.7,527.9,484.2,43.7,Liquid"
data,54.7,441,969.5,528.5,441.6,969.7,528.1,484.2,43.9,Liquid,"DATA,54.7,441,969.5,528.5,441.6,969.7,528.1,484.2,43.9,Liquid"
data,54.8,441,969.5,528.5,441.4,969.6,528.2,484.2,44.0,Liquid,"DATA,54.8,441,969.5,528.5,441.4,969.6,528.2,484.2,44.0,Liquid"
data,54.9,440,969.0,529.0,441.0,969.5,528.5,484.2,44.3,Liquid,"DATA,54.9,440,969.0,529.0,441.0,969.5,528.5,484.2,44.3,Liquid"
data,55.0,441,969.5,528.5,441.0,969.5,528.5,484.2,44.3,Liquid,"DATA,55.0,441,969.5,528.5,441.0,969.5,528.5,484.2,44.3,Liquid"
data,55.1,442,969.0,527.0,441.0,969.3,528.3,484.2,44.1,Liquid,"DATA,55.1,442,969.0,527.0,441.0,969.3,528.3,484.2,44.1,Liquid"
data,55.2,441,969.0,528.0,441.0,969.2,528.2,484.2,44.0,Liquid,"DATA,55.2,441,969.0,528.0,441.0,969.2,528.2,484.2,44.0,Liquid"
data,55.3,441,969.0,528.0,441.0,969.1,528.1,484.2,43.9,Liquid,"DATA,55.3,441,969.0,528.0,441.0,969.1,528.1,484.2,43.9,Liquid"
data,55.4,441,969.5,528.5,441.2,969.2,528.0,484.2,43.8,Liquid,"DATA,55.4,441,969.5,528.5,441.2,969.2,528.0,484.2,43.8,Liquid"
data,55.5,440,969.5,529.5,441.0,969.2,528.2,484.2,44.0,Liquid,"DATA,55.5,440,969.5,529.5,441.0,969.2,528.2,484.2,44.0,Liquid"
data,55.6,440,969.5,529.5,440.6,969.3,528.7,484.2,44.5,Liquid,"DATA,55.6,440,969.5,529.5,440.6,969.3,528.7,484.2,44.5,Liquid"
data,55.7,439,969.0,530.0,440.2,969.3,529.1,484.2,44.9,Liquid,"DATA,55.7,439,969.0,530.0,440.2,969.3,529.1,484.2,44.9,Liquid"
data,55.8,439,969.0,530.0,439.8,969.3,529.5,484.2,45.3,Liquid,"DATA,55.8,439,969.0,530.0,439.8,969.3,529.5,484.2,45.3,Liquid"
data,55.9,439,969.0,530.0,439.4,969.2,529.8,484.2,45.6,Liquid,"DATA,55.9,439,969.0,530.0,439.4,969.2,529.8,484.2,45.6,Liquid"
data,56.0,440,969.0,529.0,439.4,969.1,529.7,484.2,45.5,Liquid,"DATA,56.0,440,969.0,529.0,439.4,969.1,529.7,484.2,45.5,Liquid"
data,56.1,439,969.5,530.5,439.2,969.1,529.9,484.2,45.7,Liquid,"DATA,56.1,439,969.5,530.5,439.2,969.1,529.9,484.2,45.7,Liquid"
data,56.2,440,970.0,530.0,439.4,969.3,529.9,484.2,45.7,Liquid,"DATA,56.2,440,970.0,530.0,439.4,969.3,529.9,484.2,45.7,Liquid"
data,56.3,442,969.5,527.5,440.0,969.4,529.4,484.2,45.2,Liquid,"DATA,56.3,442,969.5,527.5,440.0,969.4,529.4,484.2,45.2,Liquid"
data,56.4,441,969.5,528.5,440.4,969.5,529.1,484.2,44.9,Liquid,"DATA,56.4,441,969.5,528.5,440.4,969.5,529.1,484.2,44.9,Liquid"
data,56.5,438,969.0,531.0,440.0,969.5,529.5,484.2,45.3,Liquid,"DATA,56.5,438,969.0,531.0,440.0,969.5,529.5,484.2,45.3,Liquid"
data,56.6,440,969.0,529.0,440.2,969.4,529.2,484.2,45.0,Liquid,"DATA,56.6,440,969.0,529.0,440.2,969.4,529.2,484.2,45.0,Liquid"
data,56.7,439,969.0,530.0,440.0,969.2,529.2,484.2,45.0,Liquid,"DATA,56.7,439,969.0,530.0,440.0,969.2,529.2,484.2,45.0,Liquid"
data,56.8,439,969.0,530.0,439.4,969.1,529.7,484.2,45.5,Liquid,"DATA,56.8,439,969.0,530.0,439.4,969.1,529.7,484.2,45.5,Liquid"
data,56.9,440,969.0,529.0,439.2,969.0,529.8,484.2,45.6,Liquid,"DATA,56.9,440,969.0,529.0,439.2,969.0,529.8,484.2,45.6,Liquid"
data,57.0,440,969.0,529.0,439.6,969.0,529.4,484.2,45.2,Liquid,"DATA,57.0,440,969.0,529.0,439.6,969.0,529.4,484.2,45.2,Liquid"
data,57.1,438,969.0,531.0,439.2,969.0,529.8,484.2,45.6,Liquid,"DATA,57.1,438,969.0,531.0,439.2,969.0,529.8,484.2,45.6,Liquid"
data,57.2,439,969.5,530.5,439.2,969.1,529.9,484.2,45.7,Liquid,"DATA,57.2,439,969.5,530.5,439.2,969.1,529.9,484.2,45.7,Liquid"
data,57.3,439,969.5,530.5,439.2,969.2,530.0,484.2,45.8,Liquid,"DATA,57.3,439,969.5,530.5,439.2,969.2,530.0,484.2,45.8,Liquid"
data,57.4,438,969.0,531.0,438.8,969.2,530.4,484.2,46.2,Liquid,"DATA,57.4,438,969.0,531.0,438.8,969.2,530.4,484.2,46.2,Liquid"
data,57.5,438,969.0,531.0,438.4,969.2,530.8,484.2,46.6,Liquid,"DATA,57.5,438,969.0,531.0,438.4,969.2,530.8,484.2,46.6,Liquid"
data,57.6,436,969.0,533.0,438.0,969.2,531.2,484.2,47.0,Liquid,"DATA,57.6,436,969.0,533.0,438.0,969.2,531.2,484.2,47.0,Liquid"
data,57.7,440,969.5,529.5,438.2,969.2,531.0,484.2,46.8,Liquid,"DATA,57.7,440,969.5,529.5,438.2,969.2,531.0,484.2,46.8,Liquid"
data,57.8,445,969.5,524.5,439.4,969.2,529.8,484.2,45.6,Liquid,"DATA,57.8,445,969.5,524.5,439.4,969.2,529.8,484.2,45.6,Liquid"
data,57.9,441,970.0,529.0,440.0,969.4,529.4,484.2,45.2,Liquid,"DATA,57.9,441,970.0,529.0,440.0,969.4,529.4,484.2,45.2,Liquid"
data,58.0,440,970.0,530.0,440.4,969.6,529.2,484.2,45.0,Liquid,"DATA,58.0,440,970.0,530.0,440.4,969.6,529.2,484.2,45.0,Liquid"
data,58.1,448,970.0,522.0,442.8,969.8,527.0,484.2,42.8,Liquid,"DATA,58.1,448,970.0,522.0,442.8,969.8,527.0,484.2,42.8,Liquid"
data,58.2,450,970.0,520.0,444.8,969.9,525.1,484.2,40.9,Liquid,"DATA,58.2,450,970.0,520.0,444.8,969.9,525.1,484.2,40.9,Liquid"
data,58.3,450,969.0,519.0,445.8,969.8,524.0,484.2,39.8,Liquid,"DATA,58.3,450,969.0,519.0,445.8,969.8,524.0,484.2,39.8,Liquid"
data,58.4,449,970.0,521.0,447.4,969.8,522.4,484.2,38.2,Liquid,"DATA,58.4,449,970.0,521.0,447.4,969.8,522.4,484.2,38.2,Liquid"
data,58.5,449,970.0,521.0,449.2,969.8,520.6,484.2,36.4,Liquid,"DATA,58.5,449,970.0,521.0,449.2,969.8,520.6,484.2,36.4,Liquid"
data,58.6,449,970.5,521.5,449.4,969.9,520.5,484.2,36.3,Liquid,"DATA,58.6,449,970.5,521.5,449.4,969.9,520.5,484.2,36.3,Liquid"
data,58.7,450,970.0,520.0,449.4,969.9,520.5,484.2,36.3,Liquid,"DATA,58.7,450,970.0,520.0,449.4,969.9,520.5,484.2,36.3,Liquid"
data,58.8,449,970.0,521.0,449.2,970.1,520.9,484.2,36.7,Liquid,"DATA,58.8,449,970.0,521.0,449.2,970.1,520.9,484.2,36.7,Liquid"
data,58.9,451,970.0,519.0,449.6,970.1,520.5,484.2,36.3,Liquid,"DATA,58.9,451,970.0,519.0,449.6,970.1,520.5,484.2,36.3,Liquid"
data,59.0,451,970.0,519.0,450.0,970.1,520.1,484.2,35.9,Liquid,"DATA,59.0,451,970.0,519.0,450.0,970.1,520.1,484.2,35.9,Liquid"
data,59.1,449,970.0,521.0,450.0,970.0,520.0,484.2,35.8,Liquid,"DATA,59.1,449,970.0,521.0,450.0,970.0,520.0,484.2,35.8,Liquid"
data,59.2,450,970.0,520.0,450.0,970.0,520.0,484.2,35.8,Liquid,"DATA,59.2,450,970.0,520.0,450.0,970.0,520.0,484.2,35.8,Liquid"
data,59.3,454,969.5,515.5,451.0,969.9,518.9,484.2,34.7,Liquid,"DATA,59.3,454,969.5,515.5,451.0,969.9,518.9,484.2,34.7,Liquid"
data,59.4,451,969.5,518.5,451.0,969.8,518.8,484.2,34.6,Liquid,"DATA,59.4,451,969.5,518.5,451.0,969.8,518.8,484.2,34.6,Liquid"
data,59.5,449,969.5,520.5,450.6,969.7,519.1,484.2,34.9,Liquid,"DATA,59.5,449,969.5,520.5,450.6,969.7,519.1,484.2,34.9,Liquid"
data,59.6,449,970.0,521.0,450.6,969.7,519.1,484.2,34.9,Liquid,"DATA,59.6,449,970.0,521.0,450.6,969.7,519.1,484.2,34.9,Liquid"
data,59.7,450,970.0,520.0,450.6,969.7,519.1,484.2,34.9,Liquid,"DATA,59.7,450,970.0,520.0,450.6,969.7,519.1,484.2,34.9,Liquid"
data,59.8,450,969.5,519.5,449.8,969.7,519.9,484.2,35.7,Liquid,"DATA,59.8,450,969.5,519.5,449.8,969.7,519.9,484.2,35.7,Liquid"
data,59.9,449,969.5,520.5,449.4,969.7,520.3,484.2,36.1,Liquid,"DATA,59.9,449,969.5,520.5,449.4,969.7,520.3,484.2,36.1,Liquid"
data,60.0,451,969.5,518.5,449.8,969.7,519.9,484.2,35.7,Liquid,"DATA,60.0,451,969.5,518.5,449.8,969.7,519.9,484.2,35.7,Liquid"
data,60.1,451,969.5,518.5,450.2,969.6,519.4,484.2,35.2,Liquid,"DATA,60.1,451,969.5,518.5,450.2,969.6,519.4,484.2,35.2,Liquid"
data,60.2,451,970.0,519.0,450.4,969.6,519.2,484.2,35.0,Liquid,"DATA,60.2,451,970.0,519.0,450.4,969.6,519.2,484.2,35.0,Liquid"
data,60.3,451,970.0,519.0,450.6,969.7,519.1,484.2,34.9,Liquid,"DATA,60.3,451,970.0,519.0,450.6,969.7,519.1,484.2,34.9,Liquid"
data,60.4,450,970.0,520.0,450.8,969.8,519.0,484.2,34.8,Liquid,"DATA,60.4,450,970.0,520.0,450.8,969.8,519.0,484.2,34.8,Liquid"
data,60.5,451,970.0,519.0,450.8,969.9,519.1,484.2,34.9,Liquid,"DATA,60.5,451,970.0,519.0,450.8,969.9,519.1,484.2,34.9,Liquid"
data,60.6,451,969.5,518.5,450.8,969.9,519.1,484.2,34.9,Liquid,"DATA,60.6,451,969.5,518.5,450.8,969.9,519.1,484.2,34.9,Liquid"
data,60.7,449,969.5,520.5,450.4,969.8,519.4,484.2,35.2,Liquid,"DATA,60.7,449,969.5,520.5,450.4,969.8,519.4,484.2,35.2,Liquid"
data,60.8,449,969.5,520.5,450.0,969.7,519.7,484.2,35.5,Liquid,"DATA,60.8,449,969.5,520.5,450.0,969.7,519.7,484.2,35.5,Liquid"
data,60.9,451,970.0,519.0,450.2,969.7,519.5,484.2,35.3,Liquid,"DATA,60.9,451,970.0,519.0,450.2,969.7,519.5,484.2,35.3,Liquid"
data,61.0,449,970.0,521.0,449.8,969.7,519.9,484.2,35.7,Liquid,"DATA,61.0,449,970.0,521.0,449.8,969.7,519.9,484.2,35.7,Liquid"
data,61.1,448,970.0,522.0,449.2,969.8,520.6,484.2,36.4,Liquid,"DATA,61.1,448,970.0,522.0,449.2,969.8,520.6,484.2,36.4,Liquid"
data,61.2,449,970.0,521.0,449.2,969.9,520.7,484.2,36.5,Liquid,"DATA,61.2,449,970.0,521.0,449.2,969.9,520.7,484.2,36.5,Liquid"
data,61.3,450,969.5,519.5,449.4,969.9,520.5,484.2,36.3,Liquid,"DATA,61.3,450,969.5,519.5,449.4,969.9,520.5,484.2,36.3,Liquid"
data,61.4,451,969.5,518.5,449.4,969.8,520.4,484.2,36.2,Liquid,"DATA,61.4,451,969.5,518.5,449.4,969.8,520.4,484.2,36.2,Liquid"
data,61.5,452,969.5,517.5,450.0,969.7,519.7,484.2,35.5,Liquid,"DATA,61.5,452,969.5,517.5,450.0,969.7,519.7,484.2,35.5,Liquid"
data,61.6,452,969.5,517.5,450.8,969.6,518.8,484.2,34.6,Liquid,"DATA,61.6,452,969.5,517.5,450.8,969.6,518.8,484.2,34.6,Liquid"
data,61.7,451,970.0,519.0,451.2,969.6,518.4,484.2,34.2,Liquid,"DATA,61.7,451,970.0,519.0,451.2,969.6,518.4,484.2,34.2,Liquid"
data,61.8,450,970.0,520.0,451.2,969.7,518.5,484.2,34.3,Liquid,"DATA,61.8,450,970.0,520.0,451.2,969.7,518.5,484.2,34.3,Liquid"
data,61.9,451,970.0,519.0,451.2,969.8,518.6,484.2,34.4,Liquid,"DATA,61.9,451,970.0,519.0,451.2,969.8,518.6,484.2,34.4,Liquid"
data,62.0,451,969.5,518.5,451.0,969.8,518.8,484.2,34.6,Liquid,"DATA,62.0,451,969.5,518.5,451.0,969.8,518.8,484.2,34.6,Liquid"
data,62.1,451,969.5,518.5,450.8,969.8,519.0,484.2,34.8,Liquid,"DATA,62.1,451,969.5,518.5,450.8,969.8,519.0,484.2,34.8,Liquid"
data,62.2,451,969.5,518.5,450.8,969.7,518.9,484.2,34.7,Liquid,"DATA,62.2,451,969.5,518.5,450.8,969.7,518.9,484.2,34.7,Liquid"
data,62.3,451,970.0,519.0,451.0,969.7,518.7,484.2,34.5,Liquid,"DATA,62.3,451,970.0,519.0,451.0,969.7,518.7,484.2,34.5,Liquid"
data,62.4,451,970.0,519.0,451.0,969.7,518.7,484.2,34.5,Liquid,"DATA,62.4,451,970.0,519.0,451.0,969.7,518.7,484.2,34.5,Liquid"
data,62.5,450,969.5,519.5,450.8,969.7,518.9,484.2,34.7,Liquid,"DATA,62.5,450,969.5,519.5,450.8,969.7,518.9,484.2,34.7,Liquid"
data,62.6,450,970.0,520.0,450.6,969.8,519.2,484.2,35.0,Liquid,"DATA,62.6,450,970.0,520.0,450.6,969.8,519.2,484.2,35.0,Liquid"
data,62.7,450,970.0,520.0,450.4,969.9,519.5,484.2,35.3,Liquid,"DATA,62.7,450,970.0,520.0,450.4,969.9,519.5,484.2,35.3,Liquid"
data,62.8,453,970.0,517.0,450.8,969.9,519.1,484.2,34.9,Liquid,"DATA,62.8,453,970.0,517.0,450.8,969.9,519.1,484.2,34.9,Liquid"
data,62.9,454,969.5,515.5,451.4,969.8,518.4,484.2,34.2,Liquid,"DATA,62.9,454,969.5,515.5,451.4,969.8,518.4,484.2,34.2,Liquid"
data,63.0,455,970.5,515.5,452.4,970.0,517.6,484.2,33.4,Liquid,"DATA,63.0,455,970.5,515.5,452.4,970.0,517.6,484.2,33.4,Liquid"
data,63.1,449,970.5,521.5,452.2,970.1,517.9,484.2,33.7,Liquid,"DATA,63.1,449,970.5,521.5,452.2,970.1,517.9,484.2,33.7,Liquid"
data,63.2,436,971.0,535.0,449.4,970.3,520.9,484.2,36.7,Liquid,"DATA,63.2,436,971.0,535.0,449.4,970.3,520.9,484.2,36.7,Liquid"
data,63.3,444,971.0,527.0,447.6,970.5,522.9,484.2,38.7,Liquid,"DATA,63.3,444,971.0,527.0,447.6,970.5,522.9,484.2,38.7,Liquid"
data,63.4,449,971.0,522.0,446.6,970.8,524.2,484.2,40.0,Liquid,"DATA,63.4,449,971.0,522.0,446.6,970.8,524.2,484.2,40.0,Liquid"
data,63.5,453,971.0,518.0,446.2,970.9,524.7,484.2,40.5,Liquid,"DATA,63.5,453,971.0,518.0,446.2,970.9,524.7,484.2,40.5,Liquid"
data,63.6,453,971.0,518.0,447.0,971.0,524.0,484.2,39.8,Liquid,"DATA,63.6,453,971.0,518.0,447.0,971.0,524.0,484.2,39.8,Liquid"
data,63.7,452,971.0,519.0,450.2,971.0,520.8,484.2,36.6,Liquid,"DATA,63.7,452,971.0,519.0,450.2,971.0,520.8,484.2,36.6,Liquid"
data,63.8,452,971.0,519.0,451.8,971.0,519.2,484.2,35.0,Liquid,"DATA,63.8,452,971.0,519.0,451.8,971.0,519.2,484.2,35.0,Liquid"
data,63.9,454,971.0,517.0,452.8,971.0,518.2,484.2,34.0,Liquid,"DATA,63.9,454,971.0,517.0,452.8,971.0,518.2,484.2,34.0,Liquid"
data,64.0,454,971.0,517.0,453.0,971.0,518.0,484.2,33.8,Liquid,"DATA,64.0,454,971.0,517.0,453.0,971.0,518.0,484.2,33.8,Liquid"
data,64.1,453,971.5,518.5,453.0,971.1,518.1,484.2,33.9,Liquid,"DATA,64.1,453,971.5,518.5,453.0,971.1,518.1,484.2,33.9,Liquid"
data,64.2,451,971.0,520.0,452.8,971.1,518.3,484.2,34.1,Liquid,"DATA,64.2,451,971.0,520.0,452.8,971.1,518.3,484.2,34.1,Liquid"
data,64.3,453,971.0,518.0,453.0,971.1,518.1,484.2,33.9,Liquid,"DATA,64.3,453,971.0,518.0,453.0,971.1,518.1,484.2,33.9,Liquid"
data,64.4,451,971.0,520.0,452.4,971.1,518.7,484.2,34.5,Liquid,"DATA,64.4,451,971.0,520.0,452.4,971.1,518.7,484.2,34.5,Liquid"
data,64.5,452,971.0,519.0,452.0,971.1,519.1,484.2,34.9,Liquid,"DATA,64.5,452,971.0,519.0,452.0,971.1,519.1,484.2,34.9,Liquid"
data,64.6,450,971.0,521.0,451.4,971.0,519.6,484.2,35.4,Liquid,"DATA,64.6,450,971.0,521.0,451.4,971.0,519.6,484.2,35.4,Liquid"
data,64.7,450,971.5,521.5,451.2,971.1,519.9,484.2,35.7,Liquid,"DATA,64.7,450,971.5,521.5,451.2,971.1,519.9,484.2,35.7,Liquid"
data,64.8,450,971.0,521.0,450.6,971.1,520.5,484.2,36.3,Liquid,"DATA,64.8,450,971.0,521.0,450.6,971.1,520.5,484.2,36.3,Liquid"
data,64.9,451,971.5,520.5,450.6,971.2,520.6,484.2,36.4,Liquid,"DATA,64.9,451,971.5,520.5,450.6,971.2,520.6,484.2,36.4,Liquid"
data,65.0,450,971.0,521.0,450.2,971.2,521.0,484.2,36.8,Liquid,"DATA,65.0,450,971.0,521.0,450.2,971.2,521.0,484.2,36.8,Liquid"
data,65.1,452,970.5,518.5,450.6,971.1,520.5,484.2,36.3,Liquid,"DATA,65.1,452,970.5,518.5,450.6,971.1,520.5,484.2,36.3,Liquid"
data,65.2,450,971.5,521.5,450.6,971.1,520.5,484.2,36.3,Liquid,"DATA,65.2,450,971.5,521.5,450.6,971.1,520.5,484.2,36.3,Liquid"
data,65.3,451,970.5,519.5,450.8,971.0,520.2,484.2,36.0,Liquid,"DATA,65.3,451,970.5,519.5,450.8,971.0,520.2,484.2,36.0,Liquid"
data,65.4,451,971.0,520.0,450.8,970.9,520.1,484.2,35.9,Liquid,"DATA,65.4,451,971.0,520.0,450.8,970.9,520.1,484.2,35.9,Liquid"
data,65.5,450,971.0,521.0,450.8,970.9,520.1,484.2,35.9,Liquid,"DATA,65.5,450,971.0,521.0,450.8,970.9,520.1,484.2,35.9,Liquid"
data,65.6,451,971.0,520.0,450.6,971.0,520.4,484.2,36.2,Liquid,"DATA,65.6,451,971.0,520.0,450.6,971.0,520.4,484.2,36.2,Liquid"
data,65.7,449,971.5,522.5,450.4,971.0,520.6,484.2,36.4,Liquid,"DATA,65.7,449,971.5,522.5,450.4,971.0,520.6,484.2,36.4,Liquid"
data,65.8,450,971.5,521.5,450.2,971.2,521.0,484.2,36.8,Liquid,"DATA,65.8,450,971.5,521.5,450.2,971.2,521.0,484.2,36.8,Liquid"
data,65.9,451,971.0,520.0,450.2,971.2,521.0,484.2,36.8,Liquid,"DATA,65.9,451,971.0,520.0,450.2,971.2,521.0,484.2,36.8,Liquid"
data,66.0,450,971.5,521.5,450.2,971.3,521.1,484.2,36.9,Liquid,"DATA,66.0,450,971.5,521.5,450.2,971.3,521.1,484.2,36.9,Liquid"
data,66.1,450,971.5,521.5,450.0,971.4,521.4,484.2,37.2,Liquid,"DATA,66.1,450,971.5,521.5,450.0,971.4,521.4,484.2,37.2,Liquid"
data,66.2,451,971.0,520.0,450.4,971.3,520.9,484.2,36.7,Liquid,"DATA,66.2,451,971.0,520.0,450.4,971.3,520.9,484.2,36.7,Liquid"
data,66.3,450,971.5,521.5,450.4,971.3,520.9,484.2,36.7,Liquid,"DATA,66.3,450,971.5,521.5,450.4,971.3,520.9,484.2,36.7,Liquid"
data,66.4,450,971.0,521.0,450.2,971.3,521.1,484.2,36.9,Liquid,"DATA,66.4,450,971.0,521.0,450.2,971.3,521.1,484.2,36.9,Liquid"
data,66.5,450,971.0,521.0,450.2,971.2,521.0,484.2,36.8,Liquid,"DATA,66.5,450,971.0,521.0,450.2,971.2,521.0,484.2,36.8,Liquid"
data,66.6,451,971.0,520.0,450.4,971.1,520.7,484.2,36.5,Liquid,"DATA,66.6,451,971.0,520.0,450.4,971.1,520.7,484.2,36.5,Liquid"
data,66.7,450,970.5,520.5,450.2,971.0,520.8,484.2,36.6,Liquid,"DATA,66.7,450,970.5,520.5,450.2,971.0,520.8,484.2,36.6,Liquid"
data,66.8,450,971.0,521.0,450.2,970.9,520.7,484.2,36.5,Liquid,"DATA,66.8,450,971.0,521.0,450.2,970.9,520.7,484.2,36.5,Liquid"
data,66.9,450,971.0,521.0,450.2,970.9,520.7,484.2,36.5,Liquid,"DATA,66.9,450,971.0,521.0,450.2,970.9,520.7,484.2,36.5,Liquid"
data,67.0,450,971.0,521.0,450.2,970.9,520.7,484.2,36.5,Liquid,"DATA,67.0,450,971.0,521.0,450.2,970.9,520.7,484.2,36.5,Liquid"
data,67.1,450,971.5,521.5,450.0,971.0,521.0,484.2,36.8,Liquid,"DATA,67.1,450,971.5,521.5,450.0,971.0,521.0,484.2,36.8,Liquid"
data,67.2,450,971.0,521.0,450.0,971.1,521.1,484.2,36.9,Liquid,"DATA,67.2,450,971.0,521.0,450.0,971.1,521.1,484.2,36.9,Liquid"
data,67.3,450,971.0,521.0,450.0,971.1,521.1,484.2,36.9,Liquid,"DATA,67.3,450,971.0,521.0,450.0,971.1,521.1,484.2,36.9,Liquid"
data,67.4,450,971.5,521.5,450.0,971.2,521.2,484.2,37.0,Liquid,"DATA,67.4,450,971.5,521.5,450.0,971.2,521.2,484.2,37.0,Liquid"
data,67.5,449,971.5,522.5,449.8,971.3,521.5,484.2,37.3,Liquid,"DATA,67.5,449,971.5,522.5,449.8,971.3,521.5,484.2,37.3,Liquid"
data,67.6,448,971.0,523.0,449.4,971.2,521.8,484.2,37.6,Liquid,"DATA,67.6,448,971.0,523.0,449.4,971.2,521.8,484.2,37.6,Liquid"
data,67.7,453,971.0,518.0,450.0,971.2,521.2,484.2,37.0,Liquid,"DATA,67.7,453,971.0,518.0,450.0,971.2,521.2,484.2,37.0,Liquid"
data,67.8,454,971.0,517.0,450.8,971.2,520.4,484.2,36.2,Liquid,"DATA,67.8,454,971.0,517.0,450.8,971.2,520.4,484.2,36.2,Liquid"
data,67.9,450,971.0,521.0,450.8,971.1,520.3,484.2,36.1,Liquid,"DATA,67.9,450,971.0,521.0,450.8,971.1,520.3,484.2,36.1,Liquid"
data,68.0,451,971.0,520.0,451.2,971.0,519.8,484.2,35.6,Liquid,"DATA,68.0,451,971.0,520.0,451.2,971.0,519.8,484.2,35.6,Liquid"
data,68.1,449,971.5,522.5,451.4,971.1,519.7,484.2,35.5,Liquid,"DATA,68.1,449,971.5,522.5,451.4,971.1,519.7,484.2,35.5,Liquid"
data,68.2,450,971.0,521.0,450.8,971.1,520.3,484.2,36.1,Liquid,"DATA,68.2,450,971.0,521.0,450.8,971.1,520.3,484.2,36.1,Liquid"
data,68.3,449,971.5,522.5,449.8,971.2,521.4,484.2,37.2,Liquid,"DATA,68.3,449,971.5,522.5,449.8,971.2,521.4,484.2,37.2,Liquid"
data,68.4,451,971.0,520.0,450.0,971.2,521.2,484.2,37.0,Liquid,"DATA,68.4,451,971.0,520.0,450.0,971.2,521.2,484.2,37.0,Liquid"
data,68.5,449,971.0,522.0,449.6,971.2,521.6,484.2,37.4,Liquid,"DATA,68.5,449,971.0,522.0,449.6,971.2,521.6,484.2,37.4,Liquid"
data,68.6,450,970.5,520.5,449.8,971.0,521.2,484.2,37.0,Liquid,"DATA,68.6,450,970.5,520.5,449.8,971.0,521.2,484.2,37.0,Liquid"
data,68.7,450,971.0,521.0,449.8,971.0,521.2,484.2,37.0,Liquid,"DATA,68.7,450,971.0,521.0,449.8,971.0,521.2,484.2,37.0,Liquid"
data,68.8,436,971.0,535.0,447.2,970.9,523.7,484.2,39.5,Liquid,"DATA,68.8,436,971.0,535.0,447.2,970.9,523.7,484.2,39.5,Liquid"
data,68.9,428,971.5,543.5,442.6,971.0,528.4,484.2,44.2,Liquid,"DATA,68.9,428,971.5,543.5,442.6,971.0,528.4,484.2,44.2,Liquid"
data,69.0,430,970.5,540.5,438.8,970.9,532.1,484.2,47.9,Liquid,"DATA,69.0,430,970.5,540.5,438.8,970.9,532.1,484.2,47.9,Liquid"
data,69.1,429,971.0,542.0,434.6,971.0,536.4,484.2,52.2,Liquid,"DATA,69.1,429,971.0,542.0,434.6,971.0,536.4,484.2,52.2,Liquid"
data,69.2,429,971.5,542.5,430.4,971.1,540.7,484.2,56.5,Liquid,"DATA,69.2,429,971.5,542.5,430.4,971.1,540.7,484.2,56.5,Liquid"
data,69.3,428,971.5,543.5,428.8,971.2,542.4,484.2,58.2,Liquid,"DATA,69.3,428,971.5,543.5,428.8,971.2,542.4,484.2,58.2,Liquid"
data,69.4,428,971.0,543.0,428.8,971.1,542.3,484.2,58.1,Liquid,"DATA,69.4,428,971.0,543.0,428.8,971.1,542.3,484.2,58.1,Liquid"
data,69.5,427,971.0,544.0,428.2,971.2,543.0,484.2,58.8,Liquid,"DATA,69.5,427,971.0,544.0,428.2,971.2,543.0,484.2,58.8,Liquid"
data,69.6,431,971.5,540.5,428.6,971.3,542.7,484.2,58.5,Liquid,"DATA,69.6,431,971.5,540.5,428.6,971.3,542.7,484.2,58.5,Liquid"
data,69.7,432,971.5,539.5,429.2,971.3,542.1,484.2,57.9,Liquid,"DATA,69.7,432,971.5,539.5,429.2,971.3,542.1,484.2,57.9,Liquid"
data,69.8,432,971.0,539.0,430.0,971.2,541.2,484.2,57.0,Liquid,"DATA,69.8,432,971.0,539.0,430.0,971.2,541.2,484.2,57.0,Liquid"
data,69.9,432,971.0,539.0,430.8,971.2,540.4,484.2,56.2,Liquid,"DATA,69.9,432,971.0,539.0,430.8,971.2,540.4,484.2,56.2,Liquid"
data,70.0,432,971.5,539.5,431.8,971.3,539.5,484.2,55.3,Liquid,"DATA,70.0,432,971.5,539.5,431.8,971.3,539.5,484.2,55.3,Liquid"
data,70.1,432,971.0,539.0,432.0,971.2,539.2,484.2,55.0,Liquid,"DATA,70.1,432,971.0,539.0,432.0,971.2,539.2,484.2,55.0,Liquid"
data,70.2,431,971.5,540.5,431.8,971.2,539.4,484.2,55.2,Liquid,"DATA,70.2,431,971.5,540.5,431.8,971.2,539.4,484.2,55.2,Liquid"
data,70.3,431,971.0,540.0,431.6,971.2,539.6,484.2,55.4,Liquid,"DATA,70.3,431,971.0,540.0,431.6,971.2,539.6,484.2,55.4,Liquid"
data,70.4,430,971.5,541.5,431.2,971.3,540.1,484.2,55.9,Liquid,"DATA,70.4,430,971.5,541.5,431.2,971.3,540.1,484.2,55.9,Liquid"
data,70.5,429,971.5,542.5,430.6,971.3,540.7,484.2,56.5,Liquid,"DATA,70.5,429,971.5,542.5,430.6,971.3,540.7,484.2,56.5,Liquid"
data,70.6,431,971.5,540.5,430.4,971.4,541.0,484.2,56.8,Liquid,"DATA,70.6,431,971.5,540.5,430.4,971.4,541.0,484.2,56.8,Liquid"
data,70.7,431,971.5,540.5,430.4,971.4,541.0,484.2,56.8,Liquid,"DATA,70.7,431,971.5,540.5,430.4,971.4,541.0,484.2,56.8,Liquid"
data,70.8,431,971.0,540.0,430.4,971.4,541.0,484.2,56.8,Liquid,"DATA,70.8,431,971.0,540.0,430.4,971.4,541.0,484.2,56.8,Liquid"
data,70.9,432,971.0,539.0,430.8,971.3,540.5,484.2,56.3,Liquid,"DATA,70.9,432,971.0,539.0,430.8,971.3,540.5,484.2,56.3,Liquid"
data,71.0,432,971.0,539.0,431.4,971.2,539.8,484.2,55.6,Liquid,"DATA,71.0,432,971.0,539.0,431.4,971.2,539.8,484.2,55.6,Liquid"
data,71.1,433,971.0,538.0,431.8,971.1,539.3,484.2,55.1,Liquid,"DATA,71.1,433,971.0,538.0,431.8,971.1,539.3,484.2,55.1,Liquid"
data,71.2,433,971.5,538.5,432.2,971.1,538.9,484.2,54.7,Liquid,"DATA,71.2,433,971.5,538.5,432.2,971.1,538.9,484.2,54.7,Liquid"
data,71.3,433,971.5,538.5,432.6,971.2,538.6,484.2,54.4,Liquid,"DATA,71.3,433,971.5,538.5,432.6,971.2,538.6,484.2,54.4,Liquid"
data,71.4,433,971.0,538.0,432.8,971.2,538.4,484.2,54.2,Liquid,"DATA,71.4,433,971.0,538.0,432.8,971.2,538.4,484.2,54.2,Liquid"
data,71.5,434,971.0,537.0,433.2,971.2,538.0,484.2,53.8,Liquid,"DATA,71.5,434,971.0,537.0,433.2,971.2,538.0,484.2,53.8,Liquid"
data,71.6,434,971.0,537.0,433.4,971.2,537.8,484.2,53.6,Liquid,"DATA,71.6,434,971.0,537.0,433.4,971.2,537.8,484.2,53.6,Liquid"
data,71.7,434,971.0,537.0,433.6,971.1,537.5,484.2,53.3,Liquid,"DATA,71.7,434,971.0,537.0,433.6,971.1,537.5,484.2,53.3,Liquid"
data,71.8,434,971.5,537.5,433.8,971.1,537.3,484.2,53.1,Liquid,"DATA,71.8,434,971.5,537.5,433.8,971.1,537.3,484.2,53.1,Liquid"
data,71.9,434,971.0,537.0,434.0,971.1,537.1,484.2,52.9,Liquid,"DATA,71.9,434,971.0,537.0,434.0,971.1,537.1,484.2,52.9,Liquid"
data,72.0,434,971.5,537.5,434.0,971.2,537.2,484.2,53.0,Liquid,"DATA,72.0,434,971.5,537.5,434.0,971.2,537.2,484.2,53.0,Liquid"
data,72.1,434,971.0,537.0,434.0,971.2,537.2,484.2,53.0,Liquid,"DATA,72.1,434,971.0,537.0,434.0,971.2,537.2,484.2,53.0,Liquid"
data,72.2,436,971.5,535.5,434.4,971.3,536.9,484.2,52.7,Liquid,"DATA,72.2,436,971.5,535.5,434.4,971.3,536.9,484.2,52.7,Liquid"
data,72.3,439,971.0,532.0,435.4,971.2,535.8,484.2,51.6,Liquid,"DATA,72.3,439,971.0,532.0,435.4,971.2,535.8,484.2,51.6,Liquid"
data,72.4,436,971.5,535.5,435.8,971.3,535.5,484.2,51.3,Liquid,"DATA,72.4,436,971.5,535.5,435.8,971.3,535.5,484.2,51.3,Liquid"
data,72.5,436,971.5,535.5,436.2,971.3,535.1,484.2,50.9,Liquid,"DATA,72.5,436,971.5,535.5,436.2,971.3,535.1,484.2,50.9,Liquid"
data,72.6,436,971.0,535.0,436.6,971.3,534.7,484.2,50.5,Liquid,"DATA,72.6,436,971.0,535.0,436.6,971.3,534.7,484.2,50.5,Liquid"
data,72.7,435,971.5,536.5,436.4,971.3,534.9,484.2,50.7,Liquid,"DATA,72.7,435,971.5,536.5,436.4,971.3,534.9,484.2,50.7,Liquid"
data,72.8,434,971.5,537.5,435.4,971.4,536.0,484.2,51.8,Liquid,"DATA,72.8,434,971.5,537.5,435.4,971.4,536.0,484.2,51.8,Liquid"
data,72.9,438,971.5,533.5,435.8,971.4,535.6,484.2,51.4,Liquid,"DATA,72.9,438,971.5,533.5,435.8,971.4,535.6,484.2,51.4,Liquid"
data,73.0,433,971.0,538.0,435.2,971.3,536.1,484.2,51.9,Liquid,"DATA,73.0,433,971.0,538.0,435.2,971.3,536.1,484.2,51.9,Liquid"
data,73.1,438,971.5,533.5,435.6,971.4,535.8,484.2,51.6,Liquid,"DATA,73.1,438,971.5,533.5,435.6,971.4,535.8,484.2,51.6,Liquid"
data,73.2,404,971.5,567.5,429.4,971.4,542.0,484.2,57.8,Liquid,"DATA,73.2,404,971.5,567.5,429.4,971.4,542.0,484.2,57.8,Liquid"
data,73.3,423,971.0,548.0,427.2,971.3,544.1,484.2,59.9,Liquid,"DATA,73.3,423,971.0,548.0,427.2,971.3,544.1,484.2,59.9,Liquid"
data,73.4,403,971.5,568.5,420.2,971.3,551.1,484.2,66.9,Liquid,"DATA,73.4,403,971.5,568.5,420.2,971.3,551.1,484.2,66.9,Liquid"
data,73.5,368,971.5,603.5,407.2,971.4,564.2,484.2,80.0,Liquid,"DATA,73.5,368,971.5,603.5,407.2,971.4,564.2,484.2,80.0,Liquid"
data,73.6,371,971.0,600.0,393.8,971.3,577.5,484.2,93.3,Liquid,"DATA,73.6,371,971.0,600.0,393.8,971.3,577.5,484.2,93.3,Liquid"
data,73.7,398,971.0,573.0,392.6,971.2,578.6,484.2,94.4,Liquid,"DATA,73.7,398,971.0,573.0,392.6,971.2,578.6,484.2,94.4,Liquid"
data,73.8,419,971.0,552.0,391.8,971.2,579.4,484.2,95.2,Liquid,"DATA,73.8,419,971.0,552.0,391.8,971.2,579.4,484.2,95.2,Liquid"
data,73.9,424,972.0,548.0,396.0,971.3,575.3,484.2,91.1,Liquid,"DATA,73.9,424,972.0,548.0,396.0,971.3,575.3,484.2,91.1,Liquid"
data,74.0,425,971.0,546.0,407.4,971.2,563.8,484.2,79.6,Liquid,"DATA,74.0,425,971.0,546.0,407.4,971.2,563.8,484.2,79.6,Liquid"
data,74.1,421,971.5,550.5,417.4,971.3,553.9,484.2,69.7,Liquid,"DATA,74.1,421,971.5,550.5,417.4,971.3,553.9,484.2,69.7,Liquid"
data,74.2,421,971.5,550.5,422.0,971.4,549.4,484.2,65.2,Liquid,"DATA,74.2,421,971.5,550.5,422.0,971.4,549.4,484.2,65.2,Liquid"
data,74.3,422,972.0,550.0,422.6,971.6,549.0,484.2,64.8,Liquid,"DATA,74.3,422,972.0,550.0,422.6,971.6,549.0,484.2,64.8,Liquid"
data,74.4,423,971.5,548.5,422.4,971.5,549.1,484.2,64.9,Liquid,"DATA,74.4,423,971.5,548.5,422.4,971.5,549.1,484.2,64.9,Liquid"
data,74.5,423,972.0,549.0,422.0,971.7,549.7,484.2,65.5,Liquid,"DATA,74.5,423,972.0,549.0,422.0,971.7,549.7,484.2,65.5,Liquid"
data,74.6,426,971.5,545.5,423.0,971.7,548.7,484.2,64.5,Liquid,"DATA,74.6,426,971.5,545.5,423.0,971.7,548.7,484.2,64.5,Liquid"
data,74.7,427,971.0,544.0,424.2,971.6,547.4,484.2,63.2,Liquid,"DATA,74.7,427,971.0,544.0,424.2,971.6,547.4,484.2,63.2,Liquid"
data,74.8,423,972.0,549.0,424.4,971.6,547.2,484.2,63.0,Liquid,"DATA,74.8,423,972.0,549.0,424.4,971.6,547.2,484.2,63.0,Liquid"
data,74.9,426,972.0,546.0,425.0,971.7,546.7,484.2,62.5,Liquid,"DATA,74.9,426,972.0,546.0,425.0,971.7,546.7,484.2,62.5,Liquid"
data,75.0,427,972.0,545.0,425.8,971.7,545.9,484.2,61.7,Liquid,"DATA,75.0,427,972.0,545.0,425.8,971.7,545.9,484.2,61.7,Liquid"
data,75.1,425,971.5,546.5,425.6,971.7,546.1,484.2,61.9,Liquid,"DATA,75.1,425,971.5,546.5,425.6,971.7,546.1,484.2,61.9,Liquid"
data,75.2,426,971.5,545.5,425.4,971.8,546.4,484.2,62.2,Liquid,"DATA,75.2,426,971.5,545.5,425.4,971.8,546.4,484.2,62.2,Liquid"
data,75.3,424,971.0,547.0,425.6,971.6,546.0,484.2,61.8,Liquid,"DATA,75.3,424,971.0,547.0,425.6,971.6,546.0,484.2,61.8,Liquid"
data,75.4,425,972.0,547.0,425.4,971.6,546.2,484.2,62.0,Liquid,"DATA,75.4,425,972.0,547.0,425.4,971.6,546.2,484.2,62.0,Liquid"
data,75.5,416,972.5,556.5,423.2,971.7,548.5,484.2,64.3,Liquid,"DATA,75.5,416,972.5,556.5,423.2,971.7,548.5,484.2,64.3,Liquid"
data,75.6,420,972.0,552.0,422.2,971.8,549.6,484.2,65.4,Liquid,"DATA,75.6,420,972.0,552.0,422.2,971.8,549.6,484.2,65.4,Liquid"
data,75.7,424,972.0,548.0,421.8,971.9,550.1,484.2,65.9,Liquid,"DATA,75.7,424,972.0,548.0,421.8,971.9,550.1,484.2,65.9,Liquid"
data,75.8,422,971.5,549.5,421.4,972.0,550.6,484.2,66.4,Liquid,"DATA,75.8,422,971.5,549.5,421.4,972.0,550.6,484.2,66.4,Liquid"
data,75.9,420,972.0,552.0,420.4,972.0,551.6,484.2,67.4,Liquid,"DATA,75.9,420,972.0,552.0,420.4,972.0,551.6,484.2,67.4,Liquid"
data,76.0,421,972.0,551.0,421.4,971.9,550.5,484.2,66.3,Liquid,"DATA,76.0,421,972.0,551.0,421.4,971.9,550.5,484.2,66.3,Liquid"
data,76.1,423,972.0,549.0,422.0,971.9,549.9,484.2,65.7,Liquid,"DATA,76.1,423,972.0,549.0,422.0,971.9,549.9,484.2,65.7,Liquid"
data,76.2,422,972.0,550.0,421.6,971.9,550.3,484.2,66.1,Liquid,"DATA,76.2,422,972.0,550.0,421.6,971.9,550.3,484.2,66.1,Liquid"
data,76.3,423,971.0,548.0,421.8,971.8,550.0,484.2,65.8,Liquid,"DATA,76.3,423,971.0,548.0,421.8,971.8,550.0,484.2,65.8,Liquid"
data,76.4,425,972.0,547.0,422.8,971.8,549.0,484.2,64.8,Liquid,"DATA,76.4,425,972.0,547.0,422.8,971.8,549.0,484.2,64.8,Liquid"
data,76.5,426,972.0,546.0,423.8,971.8,548.0,484.2,63.8,Liquid,"DATA,76.5,426,972.0,546.0,423.8,971.8,548.0,484.2,63.8,Liquid"
data,76.6,424,972.0,548.0,424.0,971.8,547.8,484.2,63.6,Liquid,"DATA,76.6,424,972.0,548.0,424.0,971.8,547.8,484.2,63.6,Liquid"
data,76.7,424,971.5,547.5,424.4,971.7,547.3,484.2,63.1,Liquid,"DATA,76.7,424,971.5,547.5,424.4,971.7,547.3,484.2,63.1,Liquid"
data,76.8,423,972.0,549.0,424.4,971.9,547.5,484.2,63.3,Liquid,"DATA,76.8,423,972.0,549.0,424.4,971.9,547.5,484.2,63.3,Liquid"
data,76.9,422,972.0,550.0,423.8,971.9,548.1,484.2,63.9,Liquid,"DATA,76.9,422,972.0,550.0,423.8,971.9,548.1,484.2,63.9,Liquid"
data,77.0,419,971.5,552.5,422.4,971.8,549.4,484.2,65.2,Liquid,"DATA,77.0,419,971.5,552.5,422.4,971.8,549.4,484.2,65.2,Liquid"
data,77.1,421,972.0,551.0,421.8,971.8,550.0,484.2,65.8,Liquid,"DATA,77.1,421,972.0,551.0,421.8,971.8,550.0,484.2,65.8,Liquid"
data,77.2,417,972.0,555.0,420.4,971.9,551.5,484.2,67.3,Liquid,"DATA,77.2,417,972.0,555.0,420.4,971.9,551.5,484.2,67.3,Liquid"
data,77.3,421,972.0,551.0,420.0,971.9,551.9,484.2,67.7,Liquid,"DATA,77.3,421,972.0,551.0,420.0,971.9,551.9,484.2,67.7,Liquid"
data,77.4,419,972.0,553.0,419.4,971.9,552.5,484.2,68.3,Liquid,"DATA,77.4,419,972.0,553.0,419.4,971.9,552.5,484.2,68.3,Liquid"
data,77.5,415,972.0,557.0,418.6,972.0,553.4,484.2,69.2,Liquid,"DATA,77.5,415,972.0,557.0,418.6,972.0,553.4,484.2,69.2,Liquid"
data,77.6,413,972.5,559.5,417.0,972.1,555.1,484.2,70.9,Liquid,"DATA,77.6,413,972.5,559.5,417.0,972.1,555.1,484.2,70.9,Liquid"
data,77.7,416,972.0,556.0,416.8,972.1,555.3,484.2,71.1,Liquid,"DATA,77.7,416,972.0,556.0,416.8,972.1,555.3,484.2,71.1,Liquid"
data,77.8,419,971.5,552.5,416.4,972.0,555.6,484.2,71.4,Liquid,"DATA,77.8,419,971.5,552.5,416.4,972.0,555.6,484.2,71.4,Liquid"
data,77.9,416,972.0,556.0,415.8,972.0,556.2,484.2,72.0,Liquid,"DATA,77.9,416,972.0,556.0,415.8,972.0,556.2,484.2,72.0,Liquid"
data,78.0,415,972.0,557.0,415.8,972.0,556.2,484.2,72.0,Liquid,"DATA,78.0,415,972.0,557.0,415.8,972.0,556.2,484.2,72.0,Liquid"
data,78.1,416,971.5,555.5,416.4,971.8,555.4,484.2,71.2,Liquid,"DATA,78.1,416,971.5,555.5,416.4,971.8,555.4,484.2,71.2,Liquid"
data,78.2,413,972.0,559.0,415.8,971.8,556.0,484.2,71.8,Liquid,"DATA,78.2,413,972.0,559.0,415.8,971.8,556.0,484.2,71.8,Liquid"
data,78.3,411,972.0,561.0,414.2,971.9,557.7,484.2,73.5,Liquid,"DATA,78.3,411,972.0,561.0,414.2,971.9,557.7,484.2,73.5,Liquid"
data,78.4,427,972.0,545.0,416.4,971.9,555.5,484.2,71.3,Liquid,"DATA,78.4,427,972.0,545.0,416.4,971.9,555.5,484.2,71.3,Liquid"
data,78.5,450,973.0,523.0,423.4,972.1,548.7,484.2,64.5,Liquid,"DATA,78.5,450,973.0,523.0,423.4,972.1,548.7,484.2,64.5,Liquid"
data,78.6,460,973.5,513.5,432.2,972.5,540.3,484.2,56.1,Liquid,"DATA,78.6,460,973.5,513.5,432.2,972.5,540.3,484.2,56.1,Liquid"
data,78.7,456,974.0,518.0,440.8,972.9,532.1,484.2,47.9,Liquid,"DATA,78.7,456,974.0,518.0,440.8,972.9,532.1,484.2,47.9,Liquid"
data,78.8,445,974.0,529.0,447.6,973.3,525.7,484.2,41.5,Liquid,"DATA,78.8,445,974.0,529.0,447.6,973.3,525.7,484.2,41.5,Liquid"
data,78.9,441,974.0,533.0,450.4,973.7,523.3,484.2,39.1,Liquid,"DATA,78.9,441,974.0,533.0,450.4,973.7,523.3,484.2,39.1,Liquid"
data,79.0,444,974.0,530.0,449.2,973.9,524.7,484.2,40.5,Liquid,"DATA,79.0,444,974.0,530.0,449.2,973.9,524.7,484.2,40.5,Liquid"
data,79.1,471,974.0,503.0,451.4,974.0,522.6,484.2,38.4,Liquid,"DATA,79.1,471,974.0,503.0,451.4,974.0,522.6,484.2,38.4,Liquid"
data,79.2,468,973.5,505.5,453.8,973.9,520.1,484.2,35.9,Liquid,"DATA,79.2,468,973.5,505.5,453.8,973.9,520.1,484.2,35.9,Liquid"
data,79.3,467,974.0,507.0,458.2,973.9,515.7,484.2,31.5,Liquid,"DATA,79.3,467,974.0,507.0,458.2,973.9,515.7,484.2,31.5,Liquid"
data,79.4,467,974.0,507.0,463.4,973.9,510.5,484.2,26.3,Liquid,"DATA,79.4,467,974.0,507.0,463.4,973.9,510.5,484.2,26.3,Liquid"
data,79.5,465,973.5,508.5,467.6,973.8,506.2,484.2,22.0,Liquid,"DATA,79.5,465,973.5,508.5,467.6,973.8,506.2,484.2,22.0,Liquid"
data,79.6,459,973.5,514.5,465.2,973.7,508.5,484.2,24.3,Liquid,"DATA,79.6,459,973.5,514.5,465.2,973.7,508.5,484.2,24.3,Liquid"
data,79.7,447,974.0,527.0,461.0,973.8,512.8,484.2,28.6,Liquid,"DATA,79.7,447,974.0,527.0,461.0,973.8,512.8,484.2,28.6,Liquid"
data,79.8,449,974.0,525.0,457.4,973.8,516.4,484.2,32.2,Liquid,"DATA,79.8,449,974.0,525.0,457.4,973.8,516.4,484.2,32.2,Liquid"
data,79.9,450,974.0,524.0,454.0,973.8,519.8,484.2,35.6,Liquid,"DATA,79.9,450,974.0,524.0,454.0,973.8,519.8,484.2,35.6,Liquid"
data,80.0,450,974.0,524.0,451.0,973.9,522.9,484.2,38.7,Liquid,"DATA,80.0,450,974.0,524.0,451.0,973.9,522.9,484.2,38.7,Liquid"
data,80.1,449,974.0,525.0,449.0,974.0,525.0,484.2,40.8,Liquid,"DATA,80.1,449,974.0,525.0,449.0,974.0,525.0,484.2,40.8,Liquid"
data,80.2,453,974.0,521.0,450.2,974.0,523.8,484.2,39.6,Liquid,"DATA,80.2,453,974.0,521.0,450.2,974.0,523.8,484.2,39.6,Liquid"
data,80.3,457,974.0,517.0,451.8,974.0,522.2,484.2,38.0,Liquid,"DATA,80.3,457,974.0,517.0,451.8,974.0,522.2,484.2,38.0,Liquid"
data,80.4,457,973.5,516.5,453.2,973.9,520.7,484.2,36.5,Liquid,"DATA,80.4,457,973.5,516.5,453.2,973.9,520.7,484.2,36.5,Liquid"
data,80.5,456,974.0,518.0,454.4,973.9,519.5,484.2,35.3,Liquid,"DATA,80.5,456,974.0,518.0,454.4,973.9,519.5,484.2,35.3,Liquid"
data,80.6,458,973.5,515.5,456.2,973.8,517.6,484.2,33.4,Liquid,"DATA,80.6,458,973.5,515.5,456.2,973.8,517.6,484.2,33.4,Liquid"
data,80.7,460,973.5,513.5,457.6,973.7,516.1,484.2,31.9,Liquid,"DATA,80.7,460,973.5,513.5,457.6,973.7,516.1,484.2,31.9,Liquid"
data,80.8,463,974.0,511.0,458.8,973.7,514.9,484.2,30.7,Liquid,"DATA,80.8,463,974.0,511.0,458.8,973.7,514.9,484.2,30.7,Liquid"
data,80.9,463,974.0,511.0,460.0,973.8,513.8,484.2,29.6,Liquid,"DATA,80.9,463,974.0,511.0,460.0,973.8,513.8,484.2,29.6,Liquid"
data,81.0,465,974.0,509.0,461.8,973.8,512.0,484.2,27.8,Liquid,"DATA,81.0,465,974.0,509.0,461.8,973.8,512.0,484.2,27.8,Liquid"
data,81.1,463,974.0,511.0,462.8,973.9,511.1,484.2,26.9,Liquid,"DATA,81.1,463,974.0,511.0,462.8,973.9,511.1,484.2,26.9,Liquid"
data,81.2,466,974.0,508.0,464.0,974.0,510.0,484.2,25.8,Liquid,"DATA,81.2,466,974.0,508.0,464.0,974.0,510.0,484.2,25.8,Liquid"
data,81.3,465,974.0,509.0,464.4,974.0,509.6,484.2,25.4,Liquid,"DATA,81.3,465,974.0,509.0,464.4,974.0,509.6,484.2,25.4,Liquid"
data,81.4,470,974.0,504.0,465.8,974.0,508.2,484.2,24.0,Liquid,"DATA,81.4,470,974.0,504.0,465.8,974.0,508.2,484.2,24.0,Liquid"
data,81.5,468,973.5,505.5,466.4,973.9,507.5,484.2,23.3,Liquid,"DATA,81.5,468,973.5,505.5,466.4,973.9,507.5,484.2,23.3,Liquid"
data,81.6,467,974.0,507.0,467.2,973.9,506.7,484.2,22.5,Liquid,"DATA,81.6,467,974.0,507.0,467.2,973.9,506.7,484.2,22.5,Liquid"
data,81.7,466,974.0,508.0,467.2,973.9,506.7,484.2,22.5,Liquid,"DATA,81.7,466,974.0,508.0,467.2,973.9,506.7,484.2,22.5,Liquid"
data,81.8,466,974.0,508.0,467.4,973.9,506.5,484.2,22.3,Liquid,"DATA,81.8,466,974.0,508.0,467.4,973.9,506.5,484.2,22.3,Liquid"
data,81.9,464,974.0,510.0,466.2,973.9,507.7,484.2,23.5,Liquid,"DATA,81.9,464,974.0,510.0,466.2,973.9,507.7,484.2,23.5,Liquid"
data,82.0,464,974.0,510.0,465.4,974.0,508.6,484.2,24.4,Liquid,"DATA,82.0,464,974.0,510.0,465.4,974.0,508.6,484.2,24.4,Liquid"
data,82.1,464,974.0,510.0,464.8,974.0,509.2,484.2,25.0,Liquid,"DATA,82.1,464,974.0,510.0,464.8,974.0,509.2,484.2,25.0,Liquid"
data,82.2,463,973.0,510.0,464.2,973.8,509.6,484.2,25.4,Liquid,"DATA,82.2,463,973.0,510.0,464.2,973.8,509.6,484.2,25.4,Liquid"
data,82.3,464,974.0,510.0,463.8,973.8,510.0,484.2,25.8,Liquid,"DATA,82.3,464,974.0,510.0,463.8,973.8,510.0,484.2,25.8,Liquid"
data,82.4,462,974.0,512.0,463.4,973.8,510.4,484.2,26.2,Liquid,"DATA,82.4,462,974.0,512.0,463.4,973.8,510.4,484.2,26.2,Liquid"
data,82.5,463,973.5,510.5,463.2,973.7,510.5,484.2,26.3,Liquid,"DATA,82.5,463,973.5,510.5,463.2,973.7,510.5,484.2,26.3,Liquid"
data,82.6,456,974.0,518.0,461.6,973.7,512.1,484.2,27.9,Liquid,"DATA,82.6,456,974.0,518.0,461.6,973.7,512.1,484.2,27.9,Liquid"
data,82.7,451,974.0,523.0,459.2,973.9,514.7,484.2,30.5,Liquid,"DATA,82.7,451,974.0,523.0,459.2,973.9,514.7,484.2,30.5,Liquid"
data,82.8,452,974.0,522.0,456.8,973.9,517.1,484.2,32.9,Liquid,"DATA,82.8,452,974.0,522.0,456.8,973.9,517.1,484.2,32.9,Liquid"
data,82.9,452,973.5,521.5,454.8,973.8,519.0,484.2,34.8,Liquid,"DATA,82.9,452,973.5,521.5,454.8,973.8,519.0,484.2,34.8,Liquid"
data,83.0,452,973.5,521.5,452.6,973.8,521.2,484.2,37.0,Liquid,"DATA,83.0,452,973.5,521.5,452.6,973.8,521.2,484.2,37.0,Liquid"
data,83.1,455,973.5,518.5,452.4,973.7,521.3,484.2,37.1,Liquid,"DATA,83.1,455,973.5,518.5,452.4,973.7,521.3,484.2,37.1,Liquid"
data,83.2,451,974.0,523.0,452.4,973.7,521.3,484.2,37.1,Liquid,"DATA,83.2,451,974.0,523.0,452.4,973.7,521.3,484.2,37.1,Liquid"
data,83.3,451,974.0,523.0,452.2,973.7,521.5,484.2,37.3,Liquid,"DATA,83.3,451,974.0,523.0,452.2,973.7,521.5,484.2,37.3,Liquid"
data,83.4,459,974.0,515.0,453.6,973.8,520.2,484.2,36.0,Liquid,"DATA,83.4,459,974.0,515.0,453.6,973.8,520.2,484.2,36.0,Liquid"
data,83.5,459,974.0,515.0,455.0,973.9,518.9,484.2,34.7,Liquid,"DATA,83.5,459,974.0,515.0,455.0,973.9,518.9,484.2,34.7,Liquid"
data,83.6,459,974.0,515.0,455.8,974.0,518.2,484.2,34.0,Liquid,"DATA,83.6,459,974.0,515.0,455.8,974.0,518.2,484.2,34.0,Liquid"
